codigo,n_anpc,ano,mes,dia,data_alerta,hora_alerta,data_extincao,hora_extincao,data_1intervencao,hora_1intervencao,distrito,concelho,freguesia,local,dico_ine,lat,lon,x_militar,y_militar,coord_fonte,area_total_ha,area_povoamento_ha,area_mato_ha,area_agricola_ha,tipo,causa_codigo,causa_tipo,reacendimento,incendio_florestal,incendio_agricola,queimada,duracao_h
TM901810,8989.0,2001,6,1,2001-06-01,15:50:00,2001-06-01,19:00:00,2001-06-01,15:50:00,Guarda,Vila Nova De Foz Côa,Almendra,Almendra,91401,41.034167,-7.006944,294700.0,452300.0,dms_recuperado,270.0,0.0,263.33,6.67,Florestal,,,0,1,0,0,3.17
AT901358,1.0,2001,6,1,2001-06-01,14:20:00,2001-06-01,17:30:00,2001-06-01,14:23:00,Évora,Évora,São Vicente do Pigeiro,Monte da Defesa,70511,38.419332,-7.60735,245913.0,161478.0,dms_recuperado,170.0,73.0,0.0,97.0,Florestal,2.0,Negligente,0,1,0,0,3.17
AT90115,15.0,2001,6,17,2001-06-17,14:59:00,2001-06-17,21:00:00,2001-06-17,15:10:00,Portalegre,Elvas,Vila Boim,VILA BOIM,120710,38.861389,-7.276667,274327.0,210785.0,dms_recuperado,291.4055,285.1555,0.0,6.25,Florestal,,,0,1,0,0,6.02
AT901140,13.0,2001,6,18,2001-06-18,12:20:00,2001-06-19,00:10:00,2001-06-18,12:25:00,Évora,Portel,Amieira,MONTE NOVO,70902,38.264167,-7.553889,250686.0,144307.0,dms_recuperado,217.0,217.0,0.0,0.0,Florestal,,,0,1,0,0,11.83
TM901505,4597.0,2001,6,20,2001-06-20,20:25:00,2001-06-21,02:30:00,2001-06-20,21:30:00,Vila Real,Vila Pouca de Aguiar,Bornes de Aguiar,Vale de Curtinhas \ REG,171303,41.506111,-7.596389,244812.0,504257.0,dms_recuperado,1157.97,394.39,763.58,0.0,Florestal,4.0,Intencional,0,1,0,0,6.08
BL101495,16417.0,2001,6,20,2001-06-20,17:35:00,2001-06-26,16:00:00,2001-06-20,17:45:00,Viseu,Sátão,Romãs,Souto de Golfar,181708,40.756667,-7.619167,243400.0,421000.0,dms_recuperado,1082.0,810.0,272.0,0.0,Florestal,6.0,Desconhecida,0,1,0,0,142.42
BI101187,8578.0,2001,6,20,2001-06-20,11:01:00,2001-06-20,12:10:00,2001-06-20,11:30:00,Guarda,Sabugal,Bendada,BENDADA \ SF,91110,40.371667,-7.251111,274900.0,378500.0,dms_recuperado,171.0,0.0,171.0,0.0,Florestal,,,0,1,0,0,1.15
BI101190,8590.0,2001,6,20,2001-06-20,12:58:00,2001-06-21,00:53:00,2001-06-20,13:30:00,Guarda,Celorico da Beira,Celorico (são Pedro),Ribeiro de Mões \ CAS,90317,40.638333,-7.381667,263565.0,407994.0,dms_recuperado,131.0,0.0,130.0,1.0,Florestal,,,0,1,0,0,11.92
TM901558,7637.0,2001,6,20,2001-06-20,15:30:00,2001-06-21,01:57:00,2001-06-20,15:50:00,Bragança,Miranda do Douro,Palaçoulo,Maiolo \ REG,40609,41.468056,-6.459722,339794.0,501228.0,dms_recuperado,108.21,62.52,45.69,0.0,Florestal,,,0,1,0,0,10.45
TM901562,7680.0,2001,6,21,2001-06-21,15:20:00,2001-06-22,01:05:00,2001-06-21,15:40:00,Bragança,Miranda do Douro,Sendim,Moinhos \ REG,40614,41.388333,-6.399444,344990.0,492469.0,dms_recuperado,309.17,309.17,0.0,0.0,Florestal,,,0,1,0,0,9.75
BI201131,11642.0,2001,6,22,2001-06-22,17:57:00,2001-06-22,23:26:00,2001-06-22,17:57:00,Castelo Branco,Idanha-a-Nova,Salvaterra do Extremo,SALVATERRA DO EXTREMO,50513,39.886111,-6.921667,303600.0,324900.0,dms_recuperado,130.0,130.0,0.0,0.0,Florestal,,,0,1,0,0,5.48
AT90166,41.0,2001,6,22,2001-06-22,15:45:00,2001-06-22,21:00:00,2001-06-22,15:50:00,Setúbal,Grândola,Grândola,Canal Caveira,150502,38.134722,-8.488611,168822.0,129834.0,dms_recuperado,115.0,111.0,4.0,0.0,Florestal,,,0,1,0,0,5.25
AG10138,20884.0,2001,6,23,2001-06-23,14:58:00,2001-06-23,14:58:00,2001-06-23,14:58:00,Faro,Silves,Silves,Taborda,81307,37.201944,-8.4925,168087.0,26295.0,dms_recuperado,117.064,117.064,0.0,0.0,Florestal,6.0,Desconhecida,0,1,0,0,0.0
AT901128,33.0,2001,6,24,2001-06-24,12:30:00,2001-06-24,19:30:00,2001-06-24,12:35:00,Beja,Barrancos,Barrancos,ARRANCADAS,20401,38.156389,-6.983889,300702.0,132809.0,dms_recuperado,186.0,142.0,0.0,44.0,Florestal,6.0,Desconhecida,1,1,0,0,7.0
TM901773,8889.0,2001,6,24,2001-06-24,15:50:00,2001-06-24,22:45:00,2001-06-24,16:20:00,Guarda,Vila Nova De Foz Côa,Almendra,ALMENDRA,91401,41.034167,-7.006944,294700.0,452300.0,dms_recuperado,170.0,0.0,165.0,5.0,Florestal,,,0,1,0,0,6.92
TM901774,8918.0,2001,6,25,2001-06-25,00:01:00,2001-06-25,19:00:00,2001-06-25,00:30:00,Guarda,Vila Nova De Foz Côa,Almendra,ALMENDRA,91401,41.034167,-7.006944,294700.0,452300.0,dms_recuperado,120.8,0.0,120.0,0.8,Florestal,,,1,1,0,0,18.98
AT901143,41.0,2001,6,27,2001-06-27,15:30:00,2001-06-27,18:15:00,2001-06-27,15:32:00,Beja,Castro Verde,Santa Bárbara de Padrões,Sete,20604,37.6175,-7.954444,215756.0,72379.0,dms_recuperado,148.0,30.0,0.0,118.0,Florestal,6.0,Desconhecida,0,1,0,0,2.75
BI201156,12041.0,2001,6,27,2001-06-27,17:31:00,2001-06-28,01:19:00,2001-06-27,17:42:00,Castelo Branco,Idanha-a-Nova,Segura,SEGURA,50515,39.828056,-6.985833,298200.0,318400.0,dms_recuperado,106.0,106.0,0.0,0.0,Florestal,,,0,1,0,0,7.8
AG10141,21570.0,2001,6,28,2001-06-28,14:29:00,2001-06-28,14:29:00,2001-06-28,14:29:00,Faro,Vila Real de Santo António,Vila Nova de Cacela,Arrodeio,81601,37.208333,-7.542778,252396.0,27109.0,dms_recuperado,100.0,55.0,20.0,25.0,Florestal,6.0,Desconhecida,0,1,0,0,0.0
DM901031,40675.0,2001,7,1,2001-07-01,16:14:00,2001-07-04,21:00:00,2001-07-01,16:14:00,Porto,Trofa,Guidões,Bicho,131807,41.335556,-8.6175,159439.0,485267.0,dms_recuperado,282.0,282.0,0.0,0.0,Florestal,449.0,Intencional,0,1,0,0,76.77
BI101216,9327.0,2001,7,1,2001-07-01,13:45:00,2001-07-01,20:00:00,2001-07-01,15:00:00,Guarda,Sabugal,Cerdeira,CERDEIRA,91113,40.513333,-7.054444,291400.0,394400.0,dms_recuperado,270.0,24.0,246.0,0.0,Florestal,,,0,1,0,0,6.25
TM2015,8223.0,2001,7,1,2001-07-01,11:07:00,2001-07-01,23:15:00,2001-07-01,11:25:00,Bragança,Torre de Moncorvo,Felgar,FELGAR \ SF,40907,41.215556,-6.963611,298077.0,472491.0,dms_recuperado,266.33,10.77,255.56,0.0,Florestal,2.0,Negligente,0,1,0,0,12.13
DM301889,23315.0,2001,7,1,2001-07-01,03:30:00,2001-07-03,04:45:00,,,Braga,Terras de Bouro,Vilar da Veiga,Ermida-P.N.P.G.,31017,41.702222,-8.124722,200700.0,525900.0,dms_recuperado,260.0,150.0,100.0,10.0,Florestal,4.0,Intencional,0,1,0,0,49.25
DM9015502,10838.0,2001,7,1,2001-07-01,01:00:00,2001-07-03,04:25:00,,,Viana do Castelo,Viana do Castelo,Freixieiro de Soutelo,Varios,160914,41.799444,-8.816667,143175.0,536908.0,dms_recuperado,250.0,100.0,150.0,0.0,Florestal,4.0,Intencional,0,1,0,0,51.42
AT901158,29.0,2001,7,1,2001-07-01,19:14:00,2001-07-02,01:30:00,2001-07-01,19:18:00,Portalegre,Alter do Chão,Cunheira,CUNHEIRA,120104,39.320278,-7.810278,227832.0,261416.0,dms_recuperado,138.125,138.125,0.0,0.0,Florestal,,,0,1,0,0,6.27
AG10145,22056.0,2001,7,1,2001-07-01,14:55:00,2001-07-01,14:55:00,2001-07-01,14:55:00,Faro,Silves,São Marcos da Serra,Benafátima da Serra,81306,37.376944,-8.440278,172783.0,45718.0,dms_recuperado,115.0,115.0,0.0,0.0,Florestal,6.0,Desconhecida,0,1,0,0,0.0
TM20138,8317.0,2001,7,2,2001-07-02,16:35:00,2001-07-02,22:25:00,2001-07-02,16:50:00,Bragança,Vila Flor,Freixiel,FREIXIEL,41005,41.314444,-7.243333,274500.0,483200.0,dms_recuperado,281.42,161.0,115.42,5.0,Florestal,,,0,1,0,0,5.83
TM10168,5001.0,2001,7,2,2001-07-02,11:50:00,2001-07-02,15:30:00,2001-07-02,14:30:00,Vila Real,Vila Pouca de Aguiar,Tresminas,Plaino dos Torgueiros \ REG,171312,41.472778,-7.553611,248408.0,500578.0,dms_recuperado,120.7,63.13,57.57,0.0,Florestal,5.0,Natural,0,1,0,0,3.67
TM10135,5000.0,2001,7,2,2001-07-02,13:55:00,2001-07-03,07:30:00,2001-07-02,14:10:00,Vila Real,Valpaços,Vilarandelo,Carriçal \ REG,171231,41.648889,-7.298056,269546.0,520283.0,dms_recuperado,113.54,75.84,34.39,3.31,Florestal,2.0,Negligente,0,1,0,0,17.58
AT901129,35.0,2001,7,3,2001-07-03,16:50:00,2001-07-03,23:15:00,2001-07-03,16:53:00,Beja,Beja,Albernoa,Braciosa,20501,37.808889,-7.954167,215733.0,93608.0,dms_recuperado,290.0,0.0,290.0,0.0,Florestal,2.0,Negligente,0,1,0,0,6.42
DM9014017,40675.0,2001,7,3,2001-07-03,13:47:00,2001-07-06,03:30:00,,,Porto,Gondomar,Medas,Gens,130406,41.057222,-8.428056,175200.0,454300.0,dms_recuperado,282.0,282.0,0.0,0.0,Florestal,4.0,Intencional,0,1,0,0,61.72
BI101236,9482.0,2001,7,3,2001-07-03,16:30:00,2001-07-04,00:45:00,2001-07-03,17:50:00,Guarda,Guarda,Gagos,GAGOS,90719,40.584167,-7.113611,286300.0,402200.0,dms_recuperado,166.45,29.25,132.2,5.0,Florestal,,,0,1,0,0,8.25
RO101299,13128.0,2001,7,4,2001-07-04,14:50:00,2001-07-05,01:10:00,,,Santarém,Salvaterra de Magos,Marinhais,MARINHAIS \ VG,141502,39.048056,-8.704722,150500.0,231300.0,dms_recuperado,119.0,60.0,59.0,0.0,Florestal,2.0,Negligente,0,1,0,0,10.33
AT901164,35.0,2001,7,11,2001-07-11,13:05:00,2001-07-12,02:00:00,2001-07-11,13:08:00,Portalegre,Castelo de Vide,Nossa Senhora Da Graça De Póvoa E Meadas,PÓVOA E MEADAS,120501,39.510556,-7.527222,252086.0,282676.0,dms_recuperado,1192.45,1192.45,0.0,0.0,Florestal,,,0,1,0,0,12.92
AT901201,19.0,2001,7,12,2001-07-12,14:30:00,2001-07-13,01:30:00,2001-07-12,14:32:00,Évora,Montemor-o-Novo,Santiago do Escoural,Barbosa,70605,38.493889,-8.213056,193018.0,169633.0,dms_recuperado,1107.0,800.0,0.0,307.0,Florestal,,,0,1,0,0,11.0
AT901200,18.0,2001,7,12,2001-07-12,14:30:00,2001-07-12,16:09:00,2001-07-12,14:35:00,Setúbal,Alcácer do Sal,Torrão,PENA 1º,150104,38.345219,-8.246742,190064.0,153127.0,dms_recuperado,440.0,153.0,0.0,287.0,Florestal,2.0,Negligente,0,1,0,0,1.65
AT901211,31.0,2001,7,12,2001-07-12,17:05:00,2001-07-12,21:45:00,2001-07-12,17:08:00,Beja,Almodôvar,Almodôvar,Monte do Vale da Palha,20201,37.573333,-8.154444,198100.0,67454.0,dms_recuperado,155.0,155.0,0.0,0.0,Florestal,6.0,Desconhecida,0,1,0,0,4.67
BI101269,10043.0,2001,7,13,2001-07-13,11:00:00,2001-07-13,23:55:00,2001-07-13,11:35:00,Guarda,Trancoso,Aldeia Nova,ALDEIA NOVA,91301,40.708889,-7.444167,258200.0,415800.0,dms_recuperado,111.0,23.0,88.0,0.0,Florestal,2.0,Negligente,0,1,0,0,12.92
AT901259,2.0,2001,7,17,2001-07-17,13:45:00,2001-07-17,18:00:00,2001-07-17,13:49:00,Évora,Reguengos de Monsaraz,Monsaraz,Serra da Barrada,71103,38.473787,-7.404701,263563.0,167643.0,dms_recuperado,263.5,0.0,40.0,223.5,Florestal,4.0,Intencional,0,1,0,0,4.25
AT901236,59.0,2001,7,19,2001-07-19,10:23:00,2001-07-19,17:23:00,2001-07-19,10:28:00,Beja,Beja,Albernoa,Corte Carrasco,20501,37.850062,-7.957713,215434.0,98173.0,dms_recuperado,135.0,135.0,0.0,0.0,Florestal,6.0,Desconhecida,0,1,0,0,7.0
TM201500,10480.0,2001,7,21,2001-07-21,09:45:00,2001-07-23,07:30:00,,,Guarda,Vila Nova De Foz Côa,Freixo de Numão,FREIXO DE NUMÃO,91406,41.0675,-7.215556,277100.0,455800.0,dms_recuperado,180.0,40.0,140.0,0.0,Florestal,,,0,1,0,0,45.75
TM201126,9463.0,2001,7,21,2001-07-21,12:15:00,2001-07-22,23:35:00,2001-07-21,12:35:00,Bragança,Carrazeda de Ansiães,Pombal,Quinta do Barraráz \ CAS,40314,41.280833,-7.384722,262696.0,479358.0,dms_recuperado,141.16,129.16,7.0,5.0,Florestal,,,0,1,0,0,35.33
BI201285,14219.0,2001,7,23,2001-07-23,15:22:00,2001-07-24,19:30:00,2001-07-23,15:22:00,Castelo Branco,Idanha-a-Nova,Zebreira,Vale Sobral \ CAS,50517,39.803333,-7.079722,290189.0,315541.0,dms_recuperado,1967.0,1167.0,800.0,0.0,Florestal,,,0,1,0,0,28.13
AT901256,19.0,2001,7,23,2001-07-23,15:50:00,2001-07-24,03:00:00,2001-07-23,16:00:00,Évora,Mora,Pavia,CASA BRANCA DO OUTEIRO,70704,38.913503,-8.05988,206350.0,216208.0,dms_recuperado,100.0,100.0,0.0,0.0,Florestal,6.0,Desconhecida,0,1,0,0,11.17
BI101356,10786.0,2001,7,25,2001-07-25,15:24:00,2001-07-26,03:40:00,2001-07-25,15:40:00,Guarda,Figueira de Castelo Rodrigo,Escalhão,ESCALHÃO,90406,40.952222,-6.928611,301400.0,443300.0,dms_recuperado,130.0,4.0,0.0,126.0,Florestal,4.0,Intencional,0,1,0,0,12.27
DM40187,12689.0,2001,7,28,2001-07-28,22:21:00,2001-07-29,19:35:00,2001-07-28,22:21:00,Viana Do Castelo,Ponte De Lima,São Pedro D Arcos,Santa Justa,160703,41.785556,-8.679167,154600.0,535300.0,dms_recuperado,159.0,65.0,94.0,0.0,Florestal,,,0,1,0,0,21.23
BI101399,11179.0,2001,7,30,2001-07-30,14:30:00,2001-08-01,22:30:00,2001-07-30,14:50:00,Guarda,Seia,Alvoco da Serra,Cerro dos Pardieiros,91201,40.304722,-7.638889,242000.0,370800.0,dms_recuperado,245.0,0.0,245.0,0.0,Florestal,5.0,Natural,0,1,0,0,56.0
TM201223,10161.0,2001,7,31,2001-07-31,00:20:00,2001-08-01,00:30:00,2001-07-31,00:50:00,Bragança,Vimioso,Uva,Cabeço do Barreal \ MTE,41111,41.515833,-6.511389,335365.0,506462.0,dms_recuperado,1161.23,48.73,1014.11,98.39,Florestal,4.0,Intencional,0,1,0,0,24.17
TM201226,10212.0,2001,7,31,2001-07-31,17:20:00,2001-08-02,18:40:00,2001-07-31,17:26:00,Bragança,Miranda do Douro,Silva,SILVA,40615,41.509167,-6.445,340928.0,505826.0,dms_recuperado,1095.992,0.0,1095.992,0.0,Florestal,,,0,1,0,0,49.33
TM201232,10193.0,2001,7,31,2001-07-31,13:55:00,2001-07-31,18:20:00,2001-07-31,14:05:00,Bragança,Miranda do Douro,Palaçoulo,Lameirão \ REG,40609,41.477778,-6.477778,338247.25,502285.5,dms_recuperado,605.03,125.0,293.03,187.0,Florestal,4.0,Intencional,0,1,0,0,4.42
TM201231,10182.0,2001,7,31,2001-07-31,12:50:00,2001-08-01,00:35:00,2001-07-31,12:57:00,Bragança,Alfândega Da Fé,Cerejais,Vinha da Lameira \ REG,40103,41.309167,-6.934722,300335.0,482915.0,dms_recuperado,443.02,17.0,303.02,123.0,Florestal,,,0,1,0,0,11.75
DM201114,16245.0,2001,8,3,2001-08-03,17:47:00,2001-08-06,18:15:00,,,Aveiro,Arouca,Covelo de Paivó,COVELO DE PAIVÔ,10408,40.883056,-8.163889,197400.0,434900.0,dms_recuperado,174.0,95.0,79.0,0.0,Florestal,12.0,Negligente,0,1,0,0,72.47
AT901350,50.0,2001,8,4,2001-08-04,16:50:00,2001-08-04,23:00:00,2001-08-04,16:54:00,Beja,Beja,Trindade,MARZELONAS,20517,37.901944,-7.952222,215893.0,103958.0,dms_recuperado,155.0,149.0,0.0,6.0,Florestal,,,0,1,0,0,6.17
DM401179,13259.0,2001,8,4,2001-08-04,15:49:00,2001-08-05,05:40:00,2001-08-04,16:04:00,Viana do Castelo,Viana do Castelo,Meixedo,MEIXEDO,160918,41.76,-8.711111,151930.0,532458.0,dms_recuperado,145.0,145.0,0.0,0.0,Florestal,4.0,Intencional,0,1,0,0,13.85
BI101442,11556.0,2001,8,4,2001-08-04,15:06:00,2001-08-04,19:45:00,2001-08-04,15:20:00,Guarda,Celorico da Beira,Mesquitela,MESQUITELA,90310,40.587778,-7.501111,253500.0,402300.0,dms_recuperado,106.0,7.0,99.0,0.0,Florestal,6.0,Desconhecida,0,1,0,0,4.65
BI201362,15365.0,2001,8,5,2001-08-05,17:36:00,2001-08-08,06:02:00,2001-08-05,17:36:00,Castelo Branco,Idanha-a-Nova,Idanha-a-Nova,Barragem Marechal Carmona,50503,39.970556,-7.209444,278900.0,334000.0,dms_recuperado,675.0,445.0,230.0,0.0,Florestal,,,0,1,0,0,60.43
TM101544,7367.0,2001,8,5,2001-08-05,14:48:00,2001-08-06,04:35:00,2001-08-05,14:50:00,Vila Real,Vila Real,Mouçós,Alto do Vale da Joga \ MTE,171417,41.339722,-7.690278,237068.0,485733.0,dms_recuperado,400.69,228.28,172.41,0.0,Florestal,4.0,Intencional,0,1,0,0,13.78
BI201360,15357.0,2001,8,5,2001-08-05,14:47:00,2001-08-07,19:45:00,2001-08-05,14:54:00,Castelo Branco,Idanha-a-Nova,Segura,SEGURA,50515,39.828056,-6.985833,298200.0,318400.0,dms_recuperado,225.0,128.0,97.0,0.0,Florestal,,,0,1,0,0,52.97
BI101460,11671.0,2001,8,5,2001-08-05,14:55:00,2001-08-06,00:00:00,2001-08-05,15:00:00,Guarda,Guarda,Maçainhas,Chãos,90723,40.541667,-7.320833,268800.0,397300.0,dms_recuperado,100.0,22.0,78.0,0.0,Florestal,,,0,1,0,0,9.08
BI201373,15474.0,2001,8,6,2001-08-06,21:50:00,2001-08-10,01:00:00,2001-08-06,21:50:00,Castelo Branco,Covilhã,Unhais da Serra,Cabeço dos Coucinhos,50325,40.269444,-7.612222,244300.0,366900.0,dms_recuperado,1270.0,509.0,761.0,0.0,Florestal,6.0,Desconhecida,0,1,0,0,75.17
BI101482,11765.0,2001,8,6,2001-08-06,16:35:00,2001-08-07,00:00:00,2001-08-06,16:40:00,Guarda,Guarda,Ramela,Dominga Feia,90734,40.470833,-7.266389,273500.0,389500.0,dms_recuperado,495.0,5.0,490.0,0.0,Florestal,,,0,1,0,0,7.42
BI201366,15424.0,2001,8,6,2001-08-06,12:09:00,2001-08-07,23:05:00,2001-08-06,12:13:00,Castelo Branco,Idanha-a-Nova,Idanha-a-Nova,SÃO GENS,50503,39.933056,-7.250833,275400.0,329800.0,dms_recuperado,420.0,150.0,270.0,0.0,Florestal,,,0,1,0,0,34.93
AT901308,89.0,2001,8,6,2001-08-06,12:45:00,2001-08-07,01:00:00,2001-08-06,12:47:00,Setúbal,Grândola,Santa Margarida da Serra,SANTA MARGARIDA DA SERRA,150504,38.122342,-8.603308,158767.0,128486.0,dms_recuperado,342.0,342.0,0.0,0.0,Florestal,2.0,Negligente,0,1,0,0,12.25
BI201367,15430.0,2001,8,6,2001-08-06,13:28:00,2001-08-09,08:50:00,2001-08-06,13:31:00,Castelo Branco,Belmonte,Maçainhas,MAÇAINHAS,50105,40.391111,-7.307222,270100.0,380600.0,dms_recuperado,185.45,2.45,183.0,0.0,Florestal,4.0,Intencional,0,1,0,0,67.37
TM201292,10692.0,2001,8,6,2001-08-06,14:30:00,2001-08-08,02:00:00,2001-08-06,14:50:00,Bragança,Macedo de Cavaleiros,Burga,Bouça Queimada \ REG,40506,41.432222,-7.015833,293382.0,496487.0,dms_recuperado,110.6,20.89,89.71,0.0,Florestal,4.0,Intencional,0,1,0,0,35.5
AG101146,2751.0,2001,8,7,2001-08-07,15:20:00,2001-08-08,21:00:00,2001-08-07,15:20:00,Faro,Monchique,Monchique,Cerro da Viúva \ MTE,80903,37.255,-8.571944,161044.0,32224.0,dms_recuperado,1300.0,425.0,875.0,0.0,Florestal,6.0,Desconhecida,0,1,0,0,29.67
AT901257,52.0,2001,8,7,2001-08-07,14:50:00,2001-08-07,21:30:00,2001-08-07,14:52:00,Portalegre,Crato,Crato e Mártires,COUTADA DE BARROS,120602,39.240277,-7.641297,242459.0,252598.0,dms_recuperado,705.0,320.0,0.0,385.0,Florestal,6.0,Desconhecida,0,1,0,0,6.67
TM201297,10714.0,2001,8,7,2001-08-07,18:12:00,2001-08-08,01:37:00,2001-08-07,19:15:00,Bragança,Mogadouro,Bemposta,BEMPOSTA,40802,41.312778,-6.500556,336700.0,483900.0,dms_recuperado,214.16,98.0,116.16,0.0,Florestal,6.0,Desconhecida,0,1,0,0,7.42
BI101497,11851.0,2001,8,7,2001-08-07,17:20:00,2001-08-08,00:00:00,2001-08-07,17:20:00,Guarda,Trancoso,Fiães,FIÃES,91307,40.731944,-7.371944,264300.0,418400.0,dms_recuperado,178.0,5.0,100.0,73.0,Florestal,2.0,Negligente,0,1,0,0,6.67
TM201306,10658.0,2001,8,7,2001-08-07,08:25:00,2001-08-09,05:20:00,2001-08-07,09:10:00,Bragança,Torre de Moncorvo,Mós,Ribeira do Trovisco \ RIB,40913,41.161944,-6.920833,301738.0,466588.0,dms_recuperado,172.82,2.69,170.13,0.0,Florestal,2.0,Negligente,0,1,0,0,44.92
TM201307,10706.0,2001,8,7,2001-08-07,16:20:00,2001-08-07,22:47:00,2001-08-07,16:20:00,Bragança,Vila Flor,Carvalho de Egas,CONCIEIRO \ VG,41004,41.283056,-7.185556,279378.0,479757.0,dms_recuperado,140.0,60.0,74.0,6.0,Florestal,,,0,1,0,0,6.45
TM201333,10794.0,2001,8,8,2001-08-08,17:55:00,2001-08-09,11:10:00,2001-08-08,18:00:00,Bragança,Freixo de Espada à Cinta,Lagoaça,Costa de Colmeais \ REG,40403,41.210833,-6.751389,315884.25,472225.25,dms_recuperado,1800.36,62.05,1728.31,10.0,Florestal,2.0,Negligente,0,1,0,0,17.25
TM101656,7522.0,2001,8,8,2001-08-08,00:15:00,2001-08-08,03:20:00,2001-08-08,00:40:00,Vila Real,Alijó,Pegarinhos,Castorigo \ POV,170108,41.358333,-7.449167,257232.0,487904.0,dms_recuperado,246.57,206.91,39.66,0.0,Florestal,2.0,Negligente,0,1,0,0,3.08
TM201340,10878.0,2001,8,9,2001-08-09,14:00:00,2001-08-09,22:00:00,2001-08-09,14:15:00,Bragança,Freixo de Espada à Cinta,Lagoaça,Minas da Fonte Santa,40403,41.235833,-6.7625,314900.0,475000.0,dms_recuperado,174.0,14.0,150.0,10.0,Florestal,,,1,1,0,0,8.0
TM201350,10941.0,2001,8,10,2001-08-10,07:45:00,2001-08-11,00:50:00,2001-08-10,08:30:00,Bragança,Carrazeda de Ansiães,Beira Grande,SEIXO DOS CORVOS,40302,41.161111,-7.308611,269200.0,466100.0,dms_recuperado,549.41,103.5,419.91,26.0,Florestal,,,0,1,0,0,17.08
BI101591,12056.0,2001,8,10,2001-08-10,10:35:00,2001-08-11,00:00:00,2001-08-10,10:42:00,Guarda,Trancoso,Torres,Monte Zebro,91324,40.752222,-7.302778,270100.0,420700.0,dms_recuperado,501.0,125.0,326.0,50.0,Florestal,2.0,Negligente,0,1,0,0,13.42
TM101729,6455.0,2001,8,10,2001-08-10,12:03:00,2001-08-11,01:10:00,2001-08-10,12:20:00,Vila Real,Vila Pouca de Aguiar,Vreia de Jales,Cortes \ REG,171316,41.438889,-7.635278,241608.0,496771.0,dms_recuperado,109.64,0.0,109.64,0.0,Florestal,4.0,Intencional,0,1,0,0,13.12
TM101738,6469.0,2001,8,10,2001-08-10,16:47:00,2001-08-10,22:55:00,2001-08-10,17:40:00,Vila Real,Vila Pouca de Aguiar,Vreia de Jales,Bouças do Rainho \ REG,171316,41.416667,-7.588056,245570.0,494327.0,dms_recuperado,103.27,6.28,96.99,0.0,Florestal,2.0,Negligente,0,1,0,0,6.13
TM201375,11024.0,2001,8,11,2001-08-11,00:57:00,2001-08-11,11:04:00,2001-08-11,01:30:00,Bragança,Mogadouro,Valverde,VALVERDE,40824,41.290556,-6.810278,310800.0,481000.0,dms_recuperado,340.129,31.0,309.129,0.0,Florestal,2.0,Negligente,0,1,0,0,10.12
TM201409,11179.0,2001,8,11,2001-08-11,13:00:00,2001-08-12,00:25:00,2001-08-11,13:00:00,Bragança,Bragança,Grijó de Parada,Refila \ REG,40219,41.733611,-6.676944,321129.0,530394.0,dms_recuperado,280.37,76.45,203.92,0.0,Florestal,2.0,Negligente,0,1,0,0,11.42
DM9016094,14312.0,2001,8,11,2001-08-11,13:33:00,2001-08-12,03:45:00,,,Braga,Fafe,Moreira do Rei,Barbosa,30718,41.475556,-8.099444,202800.0,500700.0,dms_recuperado,203.0,0.0,203.0,0.0,Florestal,,,0,1,0,0,14.2
BI101647,12305.0,2001,8,12,2001-08-12,16:00:00,2001-08-12,21:20:00,2001-08-12,16:06:00,Guarda,Figueira de Castelo Rodrigo,Vale de Afonsinho,VALE DE AFONSINHO,90414,40.901389,-7.060278,290400.0,437500.0,dms_recuperado,918.0,300.0,400.0,218.0,Florestal,4.0,Intencional,0,1,0,0,5.33
TM101821,6578.0,2001,8,12,2001-08-12,11:35:00,2001-08-12,23:45:00,2001-08-12,11:40:00,Vila Real,Boticas,Ardãos,Fragas da Sezeda \ REG,170202,41.775556,-7.599444,244353.0,534172.75,dms_recuperado,422.424,14.32,408.104,0.0,Florestal,2.0,Negligente,0,1,0,0,12.17
TM101827,6589.0,2001,8,12,2001-08-12,13:06:00,2001-08-12,23:00:00,2001-08-12,14:15:00,Vila Real,Vila Pouca de Aguiar,Vreia de Jales,Ribeira das Cortinhas \ RIB,171316,41.415278,-7.596111,244898.0,494169.0,dms_recuperado,323.199,14.11,309.089,0.0,Florestal,4.0,Intencional,0,1,0,0,9.9
DM9017636,14460.0,2001,8,12,2001-08-12,15:58:00,2001-08-14,01:35:00,,,Braga,Cabeceiras de Basto,Cabeceiras de Basto,Gondar¦m,30406,41.556389,-8.026389,208900.0,509700.0,dms_recuperado,110.0,110.0,0.0,0.0,Florestal,,,0,1,0,0,33.62
BI101633,12248.0,2001,8,12,2001-08-12,04:00:00,2001-08-12,06:55:00,2001-08-12,04:15:00,Guarda,Seia,Várzea de Meruge,Vale Moral,91226,40.406944,-7.790278,229100.0,382100.0,dms_recuperado,109.0,108.0,0.0,1.0,Florestal,,,0,1,0,0,2.92
BI101522,12481.0,2001,8,14,2001-08-14,11:38:00,2001-08-15,00:00:00,2001-08-14,11:48:00,Guarda,Guarda,Marmeleiro,Ribeira de Ade,90724,40.462222,-7.078889,289400.0,388700.0,dms_recuperado,922.0,222.0,500.0,200.0,Florestal,,,0,1,0,0,12.37
TM101924,6676.0,2001,8,14,2001-08-14,13:30:00,2001-08-15,03:00:00,2001-08-14,13:30:00,Vila Real,Chaves,Bustelo,Lajedo \ REG,170305,41.791667,-7.506667,252071.0,536020.0,dms_recuperado,217.491,76.86,140.631,0.0,Florestal,4.0,Intencional,0,1,0,0,13.5
BI101658,12774.0,2001,8,17,2001-08-17,12:16:00,2001-08-18,06:15:00,2001-08-17,12:20:00,Guarda,Celorico da Beira,Salgueirais,SALGUEIRAIS,90315,40.568333,-7.422222,260200.0,400200.0,dms_recuperado,1592.0,29.0,1563.0,0.0,Florestal,,,0,1,0,0,17.98
DM9018872,17509.0,2001,8,17,2001-08-17,15:20:00,2001-08-18,06:10:00,,,Aveiro,Arouca,Mansores,Cela,10413,40.926111,-8.343056,182300.0,439700.0,dms_recuperado,226.0,226.0,0.0,0.0,Florestal,2.0,Negligente,0,1,0,0,14.83
TM201482,11618.0,2001,8,17,2001-08-17,15:00:00,2001-08-17,23:50:00,2001-08-17,15:14:00,Bragança,Mogadouro,Vila de Ala,VILA DE ALÁ,40826,41.3225,-6.623333,326400.0,484800.0,dms_recuperado,184.672,160.672,0.0,24.0,Florestal,2.0,Negligente,0,1,0,0,8.83
TM201556,11945.0,2001,8,21,2001-08-21,14:12:00,2001-08-23,02:40:00,2001-08-21,14:25:00,Bragança,Macedo de Cavaleiros,Talhinhas,Ribeiro do Escalão \ RIB,40531,41.523889,-6.756944,314858.0,506987.0,dms_recuperado,135.0,12.0,39.0,84.0,Florestal,2.0,Negligente,0,1,0,0,36.47
BI101732,13145.0,2001,8,21,2001-08-21,12:00:00,2001-08-21,13:50:00,2001-08-21,12:07:00,Guarda,Sabugal,Rebolosa,REBOLOSA,91126,40.42,-6.918056,303100.0,384200.0,dms_recuperado,123.0,23.0,100.0,0.0,Florestal,,,0,1,0,0,1.83
BI101821,13225.0,2001,8,22,2001-08-22,15:12:00,2001-08-22,16:40:00,2001-08-22,15:45:00,Guarda,Pinhel,Pereiro,PEREIRO,91016,40.734444,-7.010833,294800.0,419000.0,dms_recuperado,119.0,2.0,117.0,0.0,Florestal,,,0,1,0,0,1.47
BL1011046,24172.0,2001,8,22,2001-08-22,14:16:00,2001-08-23,00:01:00,2001-08-22,14:21:00,Viseu,Sátão,Ferreira de Aves,Aldeia Nova \ POVI,181704,40.826944,-7.639722,241600.0,428800.0,dms_recuperado,114.0,95.0,19.0,0.0,Florestal,2.0,Negligente,0,1,0,0,9.75
TM201603,12138.0,2001,8,23,2001-08-23,17:15:00,2001-08-24,02:30:00,2001-08-23,18:00:00,Bragança,Macedo de Cavaleiros,Lombo,LOMBO,40519,41.4575,-6.843889,307700.0,499500.0,dms_recuperado,489.58,293.5,194.08,2.0,Florestal,2.0,Negligente,0,1,0,0,9.25
TM1011266,8348.0,2001,8,23,2001-08-23,11:30:00,2001-08-23,12:20:00,2001-08-23,11:30:00,Vila Real,Vila Real,Mouçós,Jorjais \ POV,171417,41.339444,-7.701944,236091.0,485697.0,dms_recuperado,136.357,18.38,106.667,11.31,Florestal,4.0,Intencional,0,1,0,0,0.83
BI101741,13368.0,2001,8,24,2001-08-24,10:30:00,2001-08-25,00:00:00,2001-08-24,10:40:00,Guarda,Almeida,Castelo Bom,CASTELO BOM,90207,40.62,-6.913333,303200.0,406400.0,dms_recuperado,1062.0,11.0,1051.0,0.0,Florestal,,,0,1,0,0,13.5
BL1011376,24436.0,2001,8,24,2001-08-24,15:13:00,2001-08-25,00:30:00,2001-08-24,15:13:00,Viseu,Castro Daire,Mezio,Vale Abrigoso,180311,40.978889,-7.864444,222600.0,445600.0,dms_recuperado,321.0,0.0,321.0,0.0,Florestal,6.0,Desconhecida,0,1,0,0,9.28
BI101748,13396.0,2001,8,24,2001-08-24,15:39:00,2001-08-25,00:00:00,2001-08-24,15:49:00,Guarda,Trancoso,Moreira de Rei,A-do-Cavalo,91312,40.868333,-7.310833,269300.0,433600.0,dms_recuperado,319.0,40.0,189.0,90.0,Florestal,,,0,1,0,0,8.35
BI101744,13386.0,2001,8,24,2001-08-24,14:00:00,2001-08-24,21:00:00,2001-08-24,14:15:00,Guarda,Sabugal,Nave,Aldeia da Dona,91120,40.421389,-6.964167,299200.0,384300.0,dms_recuperado,178.0,20.0,100.0,58.0,Florestal,,,0,1,0,0,7.0
BL1011375,24428.0,2001,8,24,2001-08-24,14:40:00,2001-08-25,02:00:00,2001-08-24,14:40:00,Viseu,Mangualde,Santiago de Cassurrães,Quinta de Santo Amaro,180615,40.585833,-7.695833,237000.0,402000.0,dms_recuperado,122.0,2.0,120.0,0.0,Florestal,6.0,Desconhecida,0,1,0,0,11.33
BI101761,13439.0,2001,8,25,2001-08-25,03:35:00,2001-08-26,12:00:00,2001-08-25,03:45:00,Guarda,Seia,Sazes da Beira,SAZES DA BEIRA,91219,40.348333,-7.730556,234200.0,375600.0,dms_recuperado,1345.0,747.0,598.0,0.0,Florestal,5.0,Natural,0,1,0,0,32.42
BI101778,13496.0,2001,8,25,2001-08-25,14:23:00,2001-08-26,00:00:00,2001-08-25,14:33:00,Guarda,Figueira de Castelo Rodrigo,Figueira de Castelo Rodrigo,FIGUEIRA DE CASTELO RODRIGO,90408,40.898333,-6.963056,298576.0,437248.0,dms_recuperado,1132.0,127.0,805.0,200.0,Florestal,,,0,1,0,0,9.62
BL1011124,24541.0,2001,8,25,2001-08-25,09:25:00,2001-08-25,12:25:00,2001-08-25,09:49:00,Viseu,Castro Daire,Gosende,Campo Benfeito,180309,40.997222,-7.936944,216500.0,447600.0,dms_recuperado,1069.0,0.0,1069.0,0.0,Florestal,4.0,Intencional,0,1,0,0,3.0
BI201501,17049.0,2001,8,25,2001-08-25,03:25:00,2001-08-28,06:00:00,2001-08-25,03:30:00,Castelo Branco,Fundão,Souto da Casa,SOUTO DA CASA,50426,40.120556,-7.541667,250400.0,350400.0,dms_recuperado,722.5,186.2,536.3,0.0,Florestal,5.0,Natural,0,1,0,0,74.58
BI101767,13447.0,2001,8,25,2001-08-25,04:15:00,2001-08-26,00:00:00,2001-08-25,04:25:00,Guarda,Gouveia,Folgosinho,FOLGOSINHO,90605,40.508611,-7.5125,252600.0,393500.0,dms_recuperado,465.0,86.0,379.0,0.0,Florestal,,,0,1,0,0,19.75
TM1011374,7295.0,2001,8,25,2001-08-25,14:40:00,2001-08-25,22:30:00,2001-08-25,14:50:00,Vila Real,Boticas,Ardãos,Fragão do Fojo \ MTE,170202,41.773056,-7.589167,245218.0,533881.0,dms_recuperado,381.486,0.0,381.486,0.0,Florestal,2.0,Negligente,0,1,0,0,7.83
BI101776,13493.0,2001,8,25,2001-08-25,12:55:00,2001-08-26,12:55:00,2001-08-25,13:00:00,Guarda,Celorico da Beira,Mesquitela,MESQUITELA,90310,40.587778,-7.501111,253500.0,402300.0,dms_recuperado,177.0,13.0,147.0,17.0,Florestal,,,0,1,0,0,24.0
AT901301,60.0,2001,8,25,2001-08-25,02:20:00,2001-08-25,05:25:00,2001-08-25,02:23:00,Portalegre,Portalegre,São Julião,Fraguil,121407,39.281389,-7.2775,273823.0,257401.0,dms_recuperado,154.6875,154.6875,0.0,0.0,Florestal,,,0,1,0,0,3.08
BI101782,13505.0,2001,8,25,2001-08-25,15:30:00,2001-08-26,00:00:00,2001-08-25,15:40:00,Guarda,Seia,Torrozelo,Canadinha,91222,40.3925,-7.763056,231400.0,380500.0,dms_recuperado,137.0,85.0,52.0,0.0,Florestal,,,0,1,0,0,8.5
BL1011235,13502.0,2001,8,25,2001-08-25,15:45:00,2001-08-26,02:00:00,2001-08-25,16:00:00,Guarda,Aguiar da Beira,Souto de Aguiar da Beira,Peroferreiro,90112,40.817222,-7.462222,256600.0,427800.0,dms_recuperado,120.0,20.0,100.0,0.0,Florestal,,,0,1,0,0,10.25
DM3011863,7280.0,2001,8,25,2001-08-25,08:20:00,2001-08-25,08:20:00,,,Vila Real,Ribeira de Pena,Ribeira De Pena (salvador),Escarei,170905,41.523611,-7.832222,225100.0,506100.0,dms_recuperado,110.0,85.0,25.0,0.0,Florestal,,,0,1,0,0,0.0
DM9018282,15400.0,2001,8,25,2001-08-25,14:25:00,2001-08-25,23:15:00,,,Braga,Cabeceiras de Basto,Refojos de Basto,Font¦o,30414,41.512222,-7.966389,213900.0,504800.0,dms_recuperado,106.0,58.0,48.0,0.0,Florestal,4.0,Intencional,0,1,0,0,8.83
TM1011432,7341.0,2001,8,26,2001-08-26,17:40:00,2001-08-27,18:00:00,2001-08-26,18:05:00,Vila Real,Montalegre,Fervidelas,Formiga \ REG,170610,41.765278,-7.909167,218624.0,532927.0,dms_recuperado,110.45,0.0,110.45,0.0,Florestal,2.0,Negligente,0,1,0,0,24.33
TM1011442,7361.0,2001,8,26,2001-08-26,18:00:00,2001-08-26,22:25:00,2001-08-26,18:10:00,Vila Real,Montalegre,Gralhas,GRALHAS,170612,41.854722,-7.709167,235200.0,542900.0,dms_recuperado,100.063,4.0,96.063,0.0,Florestal,2.0,Negligente,0,1,0,0,4.42
TM1011514,11952.0,2001,8,30,2001-08-30,13:45:00,2001-08-30,20:45:00,2001-08-30,15:45:00,Viseu,Lamego,Lazarim,Várzea \ CAS,180511,41.000278,-7.858889,223073.0,447977.0,dms_recuperado,120.476,0.0,120.476,0.0,Florestal,2.0,Negligente,0,1,0,0,7.0
BI101896,14002.0,2001,8,31,2001-08-31,14:05:00,2001-09-01,00:00:00,2001-08-31,14:10:00,Guarda,Almeida,Senouras,SENOURAS,90225,40.6425,-6.926111,302100.0,408900.0,dms_recuperado,349.0,11.0,338.0,0.0,Florestal,,,0,1,0,0,9.92
BI101919,14116.0,2001,9,1,2001-09-01,21:39:00,2001-09-02,16:50:00,2001-09-01,21:49:00,Guarda,Fornos de Algodres,Infias,INFIAS,90507,40.629444,-7.545556,249700.0,406900.0,dms_recuperado,593.0,459.5,132.0,1.5,Florestal,,,0,1,0,0,19.18
BL1011451,25464.0,2001,9,1,2001-09-01,18:10:00,2001-09-04,23:00:00,2001-09-01,18:19:00,Viseu,São Pedro do Sul,Candal,CANDAL \ SF,181603,40.851389,-8.179167,196100.0,431400.0,dms_recuperado,211.0,22.0,189.0,0.0,Florestal,,,0,1,0,0,76.83
TM1011567,12077.0,2001,9,1,2001-09-01,14:43:00,2001-09-01,18:30:00,2001-09-01,15:10:00,Viseu,Lamego,Lazarim,Antas,180511,41.006944,-7.854722,223400.0,448700.0,dms_recuperado,139.0,0.0,139.0,0.0,Florestal,,,0,1,0,0,3.78
DM90112373,18688.0,2001,9,1,2001-09-01,23:00:00,2001-09-01,23:40:00,,,Aveiro,Arouca,Rossas,Carrola,10415,40.914444,-8.322778,184000.0,438400.0,dms_recuperado,100.0,0.0,100.0,0.0,Florestal,,,0,1,0,0,0.67
BI101952,14197.0,2001,9,2,2001-09-02,14:56:00,2001-09-03,00:00:00,2001-09-02,15:04:00,Guarda,Almeida,Almeida,ALMEIDA,90203,40.725278,-6.906389,303626.0,418110.0,dms_recuperado,495.7,30.0,465.7,0.0,Florestal,,,0,1,0,0,9.07
BI101936,14158.0,2001,9,2,2001-09-02,07:00:00,2001-09-03,00:00:00,2001-09-02,07:20:00,Guarda,Seia,Girabolhos,Monte de Girabolhos,91205,40.526667,-7.734167,233800.0,395400.0,dms_recuperado,317.0,106.0,210.0,1.0,Florestal,,,0,1,0,0,17.0
BI101940,14171.0,2001,9,2,2001-09-02,09:55:00,2001-09-03,00:00:00,2001-09-02,10:10:00,Guarda,Gouveia,Freixo da Serra,FIGUEIRÓ DA SERRA,90606,40.541667,-7.500278,253600.0,397200.0,dms_recuperado,240.5,36.5,204.0,0.0,Florestal,,,0,1,0,0,14.08
BL1011446,25625.0,2001,9,3,2001-09-03,00:20:00,2001-09-07,05:40:00,2001-09-03,01:05:00,Viseu,São Pedro do Sul,São Martinho das Moitas,Raso,181613,40.897222,-8.023889,209200.0,436500.0,dms_recuperado,321.0,0.0,321.0,0.0,Florestal,6.0,Desconhecida,0,1,0,0,101.33
BL1011259,25831.0,2001,9,4,2001-09-04,10:25:00,2001-09-11,17:00:00,2001-09-04,10:30:00,Viseu,Vouzela,Alcofra,Abelheira \ POV,182401,40.640833,-8.158889,197800.0,408000.0,dms_recuperado,2069.0,700.0,1369.0,0.0,Florestal,4.0,Intencional,0,1,0,0,174.58
BI1011022,14503.0,2001,9,5,2001-09-05,20:50:00,2001-09-05,23:25:00,2001-09-05,21:00:00,Guarda,Fornos de Algodres,Muxagata,MUXAGATA,90511,40.656111,-7.475556,255600.0,409900.0,dms_recuperado,541.0,362.0,167.0,12.0,Florestal,,,1,1,0,0,2.58
BI1011006,14436.0,2001,9,5,2001-09-05,07:00:00,2001-09-05,20:00:00,2001-09-05,07:10:00,Guarda,Gouveia,Arcozelo,LÁGEAS,90602,40.5525,-7.648889,241000.0,398300.0,dms_recuperado,480.0,37.0,442.0,1.0,Florestal,,,0,1,0,0,13.0
TM1011761,12367.0,2001,9,5,2001-09-05,09:15:00,2001-09-05,21:30:00,2001-09-05,11:50:00,Viseu,Lamego,Bigorne,FRAGA DO SEIXO \ VG,180503,41.011111,-7.879722,221317.0,449174.0,dms_recuperado,219.832,0.0,219.832,0.0,Florestal,2.0,Negligente,0,1,0,0,12.25
BL201866,28412.0,2001,9,5,2001-09-05,15:00:00,2001-09-07,23:00:00,2001-09-05,15:15:00,Coimbra,Miranda do Corvo,Miranda do Corvo,Tremoa \ CAS,60902,40.135278,-8.357222,180900.0,351900.0,dms_recuperado,205.8,205.8,0.0,0.0,Florestal,4.0,Intencional,0,1,0,0,56.0
TM201834,13237.0,2001,9,6,2001-09-06,23:15:00,2001-09-07,06:45:00,2001-09-06,23:15:00,Bragança,Torre de Moncorvo,Torre de Moncorvo,Quinta dos Chibos \ CAS,40916,41.178333,-7.0925,287301.0,468229.0,dms_recuperado,160.934,5.85,155.084,0.0,Florestal,2.0,Negligente,0,1,0,0,7.5
TM1011884,7896.0,2001,9,7,2001-09-07,10:18:00,2001-09-08,01:40:00,2001-09-07,10:45:00,Vila Real,Chaves,Outeiro Seco,Senhora da Portela \ CAP,170321,41.775,-7.455278,256353.0,534185.0,dms_recuperado,296.157,73.06,202.067,21.03,Florestal,2.0,Negligente,0,1,0,0,15.37
AG101175,32339.0,2001,9,8,2001-09-08,14:15:00,2001-09-12,10:00:00,2001-09-08,14:15:00,Faro,Silves,Silves,Encherim,81307,37.200278,-8.428333,173770.0,26086.0,dms_recuperado,1255.0,745.0,510.0,0.0,Florestal,6.0,Desconhecida,0,1,0,0,91.75
TM201872,14814.0,2001,9,8,2001-09-08,16:17:00,2001-09-08,20:45:00,2001-09-08,17:30:00,Guarda,Vila Nova De Foz Côa,Freixo de Numão,Vale da Rata \ REG,91406,41.076389,-7.197222,278646.0,456786.0,dms_recuperado,394.55,98.77,295.78,0.0,Florestal,,,0,1,0,0,4.47
BL201856,21127.0,2001,9,8,2001-09-08,10:45:00,2001-09-09,23:59:00,2001-09-08,11:30:00,Leiria,Pombal,Vila Cã,Pipa,101514,39.833889,-8.548889,164400.0,318500.0,dms_recuperado,232.0,222.0,10.0,0.0,Florestal,4.0,Intencional,0,1,0,0,37.23
DM901303,0.0,2001,9,8,2001-09-08,18:10:00,2001-09-09,18:10:00,2001-09-09,18:10:00,Viseu,São Pedro do Sul,Manhouce,Quinta da Barreira,181607,40.828611,-8.216944,192927.0,428853.0,dms_recuperado,155.5,146.5,9.0,0.0,Florestal,,,0,1,0,0,24.0
BI1011087,14746.0,2001,9,8,2001-09-08,04:35:00,2001-09-08,12:55:00,2001-09-08,04:45:00,Guarda,Gouveia,Ribamondego,RIBAMONDEGO,90614,40.562778,-7.575556,247200.0,399500.0,dms_recuperado,122.0,0.0,122.0,0.0,Florestal,,,0,1,0,0,8.33
BI201587,18397.0,2001,9,9,2001-09-09,17:44:00,2001-09-13,21:15:00,2001-09-09,17:44:00,Castelo Branco,Covilhã,Sobral de São Miguel,SOBRAL DE SÃO MIGUEL,50322,40.210556,-7.738333,233600.0,360300.0,dms_recuperado,3272.5,1431.5,1841.0,0.0,Florestal,,,0,1,0,0,99.52
BI1011123,14878.0,2001,9,9,2001-09-09,11:55:00,2001-09-10,01:00:00,2001-09-09,12:00:00,Guarda,Seia,Vide,Balocas,91227,40.261111,-7.761389,231600.0,365900.0,dms_recuperado,1317.5,1082.5,235.0,0.0,Florestal,,,0,1,0,0,13.08
BL1011512,26546.0,2001,9,9,2001-09-09,15:10:00,2001-09-09,17:58:00,2001-09-09,15:45:00,Viseu,São Pedro do Sul,Carvalhais,Arada,181604,40.824444,-8.129444,200300.0,428400.0,dms_recuperado,939.0,3.0,936.0,0.0,Florestal,4.0,Intencional,0,1,0,0,2.8
BL201892,21216.0,2001,9,9,2001-09-09,02:45:00,2001-09-09,08:00:00,2001-09-09,02:55:00,Leiria,Porto de Mós,Serro Ventoso,Mato Velho,101613,39.541667,-8.841389,139100.0,286200.0,dms_recuperado,201.0,1.0,200.0,0.0,Florestal,2.0,Negligente,0,1,0,0,5.25
BI201584,18369.0,2001,9,9,2001-09-09,12:55:00,2001-09-11,06:58:00,2001-09-09,12:55:00,Castelo Branco,Penamacor,Aldeia do Bispo,ALDEIA DO BISPO,50702,40.118889,-7.163889,282600.0,350500.0,dms_recuperado,175.0,175.0,0.0,0.0,Florestal,,,0,1,0,0,42.05
BI1011151,14845.0,2001,9,9,2001-09-09,23:30:00,2001-09-10,00:10:00,2001-09-09,23:40:00,Guarda,Gouveia,Nabais,Quinta do Saibro,90611,40.515833,-7.547778,249600.0,394300.0,dms_recuperado,148.0,2.5,145.5,0.0,Florestal,4.0,Intencional,0,1,0,0,0.67
DM90110524,22741.0,2001,9,9,2001-09-09,13:35:00,2001-09-10,05:00:00,,,Porto,Baião,Teixeira,Mafomedes,130216,41.216944,-7.9125,218500.0,472000.0,dms_recuperado,121.0,6.0,115.0,0.0,Florestal,,,0,1,0,0,15.42
RO1013299,16341.0,2001,9,9,2001-09-09,03:24:00,2001-09-10,05:54:00,,,Lisboa,Mafra,Venda do Pinheiro,Jeromelo,110916,38.954722,-9.248611,103300.0,221400.0,dms_recuperado,118.0,13.0,100.0,5.0,Florestal,6.0,Desconhecida,0,1,0,0,26.5
TM901822,0.0,2001,9,9,2001-09-09,20:00:00,2001-09-11,12:00:00,2001-09-09,20:00:00,Bragança,Macedo de Cavaleiros,Lagoa,Quebrada,40516,41.443611,-6.736667,316700.0,498100.0,dms_recuperado,112.5,66.86,43.12,2.52,Florestal,2.0,Negligente,0,1,0,0,40.0
TM201933,13575.0,2001,9,9,2001-09-09,20:00:00,2001-09-11,14:00:00,2001-09-09,20:00:00,Bragança,Macedo de Cavaleiros,Lagoa,LAGOA,40516,41.443056,-6.766389,314200.0,498000.0,dms_recuperado,110.075,53.0,36.075,21.0,Florestal,,,0,1,0,0,42.0
BI201606,18562.0,2001,9,11,2001-09-11,20:32:00,2001-09-11,21:57:00,2001-09-11,20:50:00,Castelo Branco,Covilhã,Verdelhos,Cabeço dos Lobos,50327,40.347222,-7.502222,253600.0,375600.0,dms_recuperado,140.0,10.0,130.0,0.0,Florestal,4.0,Intencional,0,1,0,0,1.42
BL1011422,26816.0,2001,9,11,2001-09-11,13:50:00,2001-09-12,02:25:00,2001-09-11,14:15:00,Viseu,Viseu,Santos Evos,POVOLIDE,182325,40.668333,-7.795,228575.0,411128.0,dms_recuperado,104.0,7.0,93.0,4.0,Florestal,4.0,Intencional,0,1,0,0,12.58
BL2011104,29302.0,2001,9,12,2001-09-12,10:00:00,2001-09-20,23:00:00,2001-09-12,10:05:00,Coimbra,Pampilhosa da Serra,Fajão,Covanca,61203,40.186389,-7.824167,226300.0,357600.0,dms_recuperado,3070.4,1750.3,1320.1,0.0,Florestal,,,0,1,0,0,205.0
TM201979,13775.0,2001,9,13,2001-09-13,14:35:00,2001-09-13,23:30:00,2001-09-13,15:20:00,Bragança,Bragança,Nogueira,NOGUEIRA,40225,41.770556,-6.819722,309200.0,534300.0,dms_recuperado,242.88,199.6,43.28,0.0,Florestal,4.0,Intencional,0,1,0,0,8.92
TM1012241,8260.0,2001,9,13,2001-09-13,11:34:00,2001-09-13,14:40:00,2001-09-13,11:40:00,Vila Real,Montalegre,Meixide,MEIXIDE,170614,41.813611,-7.5975,244500.0,538400.0,dms_recuperado,195.65,0.0,195.65,0.0,Florestal,2.0,Negligente,0,1,0,0,3.1
BI201616,18665.0,2001,9,13,2001-09-13,12:07:00,2001-09-13,19:02:00,2001-09-13,12:07:00,Castelo Branco,Idanha-a-Nova,Segura,SEGURA,50515,39.828056,-6.985833,298200.0,318400.0,dms_recuperado,108.0,108.0,0.0,0.0,Florestal,,,0,1,0,0,6.92
BL1011601,27175.0,2001,9,14,2001-09-14,15:20:00,2001-09-15,00:01:00,2001-09-14,15:30:00,Viseu,Mangualde,Abrunhosa-a-Velha,ABRUNHOSA A VELHA,180601,40.578333,-7.639167,241800.0,401200.0,dms_recuperado,202.0,6.0,196.0,0.0,Florestal,4.0,Intencional,0,1,0,0,8.68
TM1012296,8336.0,2001,9,14,2001-09-14,15:35:00,2001-09-15,00:00:00,2001-09-14,15:55:00,Vila Real,Boticas,Ardãos,Mexido \ REG,170202,41.772778,-7.618611,242765.0,533851.0,dms_recuperado,137.98,5.0,132.98,0.0,Florestal,2.0,Negligente,0,1,0,0,8.42
BI1011249,15336.0,2001,9,15,2001-09-15,05:23:00,2001-09-15,19:50:00,2001-09-15,05:33:00,Guarda,Gouveia,Nespereira,NESPEREIRA,90612,40.519722,-7.609167,244400.0,394700.0,dms_recuperado,150.5,10.5,140.0,0.0,Florestal,,,0,1,0,0,14.45
BL2011022,21858.0,2001,9,15,2001-09-15,21:15:00,2001-09-15,23:40:00,2001-09-15,21:27:00,Leiria,Porto de Mós,Mendiga,Marinha,101607,39.511944,-8.845833,138700.0,282900.0,dms_recuperado,118.0,0.0,98.0,20.0,Florestal,6.0,Desconhecida,0,1,0,0,2.42
DM4011077,17050.0,2001,9,16,2001-09-16,10:30:00,2001-09-18,23:45:00,2001-09-16,10:30:00,Viana do Castelo,Caminha,Caminha (matriz),VILARELHO,160207,41.869444,-8.84,141300.0,544700.0,dms_recuperado,628.0,538.0,90.0,0.0,Florestal,,,0,1,0,0,61.25
TM1012370,8454.0,2001,9,16,2001-09-16,18:25:00,2001-09-19,10:00:00,2001-09-16,18:50:00,Vila Real,Vila Pouca de Aguiar,Bragado,Monteiros,171304,41.588889,-7.692778,236700.0,513400.0,dms_recuperado,189.214,189.214,0.0,0.0,Florestal,4.0,Intencional,0,1,0,0,63.58
BI1011288,15511.0,2001,9,16,2001-09-16,14:40:00,2001-09-16,23:00:00,2001-09-16,15:00:00,Guarda,Sabugal,Santo Estêvão,Ribeira do Bispo,91131,40.308056,-7.175556,281400.0,371500.0,dms_recuperado,166.5,50.0,90.0,26.5,Florestal,,,0,1,0,0,8.33
TM1012358,8443.0,2001,9,16,2001-09-16,14:30:00,2001-09-19,01:50:00,2001-09-16,14:43:00,Vila Real,Vila Pouca de Aguiar,Vila Pouca de Aguiar,Cidadelha,171314,41.511389,-7.639444,241200.0,504800.0,dms_recuperado,109.34,69.34,40.0,0.0,Florestal,4.0,Intencional,0,1,0,0,59.33
BI201645,19037.0,2001,9,17,2001-09-17,19:07:00,2001-09-20,20:00:00,,,Castelo Branco,Vila de Rei,Vila de Rei,Vilar,51003,39.668889,-8.185278,195500.0,300100.0,dms_recuperado,1552.0,1532.0,20.0,0.0,Florestal,6.0,Desconhecida,0,1,0,0,72.88
RO1013831,22763.0,2001,9,17,2001-09-17,15:34:00,2001-09-18,20:30:00,,,Santarém,Ferreira do Zêzere,Águas Belas,ÁGUAS BELAS \ VG,141101,39.711111,-8.300833,185600.0,304800.0,dms_recuperado,998.0,946.0,52.0,0.0,Florestal,2.0,Negligente,0,1,0,0,28.93
BL2011063,29954.0,2001,9,17,2001-09-17,14:20:00,2001-09-17,23:59:00,2001-09-17,14:30:00,Coimbra,Pampilhosa da Serra,Pampilhosa da Serra,Carvalho,61206,40.064444,-7.998056,211500.0,344000.0,dms_recuperado,802.0,701.6,43.2,57.2,Florestal,2.0,Negligente,0,1,0,0,9.65
TM1012395,8490.0,2001,9,17,2001-09-17,10:10:00,2001-09-17,20:40:00,2001-09-17,10:25:00,Vila Real,Boticas,Dornelas,Chão da Pedra,170210,41.667778,-7.854444,223200.0,522100.0,dms_recuperado,498.424,4.0,494.424,0.0,Florestal,2.0,Negligente,0,1,0,0,10.5
TM2011196,14142.0,2001,9,17,2001-09-17,20:28:00,2001-09-18,03:30:00,2001-09-17,20:35:00,Bragança,Macedo de Cavaleiros,Ferreira,Comunhas,40514,41.621667,-6.960833,297700.0,517600.0,dms_recuperado,348.034,110.0,238.034,0.0,Florestal,2.0,Negligente,0,1,0,0,7.03
DM90113518,17695.0,2001,9,17,2001-09-17,12:55:00,2001-09-17,15:30:00,,,Braga,Vieira do Minho,Eira Vedra,Outeiro,31107,41.649167,-8.143889,199100.0,520000.0,dms_recuperado,250.0,11.0,239.0,0.0,Florestal,,,0,1,0,0,2.58
DM90114630,23962.0,2001,9,17,2001-09-17,12:25:00,2001-09-19,01:00:00,,,Porto,Marco de Canaveses,Soalhães,Pinhheirinhos,130722,41.137778,-8.112778,201700.0,463200.0,dms_recuperado,144.0,42.0,102.0,0.0,Florestal,,,0,1,0,0,36.58
BL901256,27591.0,2001,9,17,2001-09-17,11:35:00,2001-09-18,00:45:00,2001-09-17,11:45:00,Viseu,Nelas,Nelas,Folhadal,180903,40.5125,-7.851111,223900.0,393800.0,dms_recuperado,116.0,72.0,44.0,0.0,Florestal,6.0,Desconhecida,0,1,0,0,13.17
TM1012388,13365.0,2001,9,17,2001-09-17,09:40:00,2001-09-17,18:40:00,2001-09-17,09:55:00,Viseu,Tarouca,Salzedas,SALZEDAS,182005,41.055278,-7.723889,234400.0,454100.0,dms_recuperado,110.179,0.0,110.179,0.0,Florestal,2.0,Negligente,0,1,0,0,9.0
BL2011084,22099.0,2001,9,18,2001-09-18,11:15:00,2001-09-18,23:59:00,2001-09-18,11:30:00,Leiria,Figueiró dos Vinhos,Aguda,AGUDA \ SF,100801,39.906667,-8.329444,183200.0,326500.0,dms_recuperado,172.5,157.0,15.5,0.0,Florestal,4.0,Intencional,0,1,0,0,12.73
DM90113229,17370.0,2001,9,18,2001-09-18,17:50:00,2001-09-18,22:05:00,,,Viana do Castelo,Viana do Castelo,Barroselas,Fonte,160906,41.654167,-8.684167,154100.0,520700.0,dms_recuperado,161.0,161.0,0.0,0.0,Florestal,,,0,1,0,0,4.25
BI1011386,15777.0,2001,9,19,2001-09-19,03:00:00,2001-09-19,03:55:00,2001-09-19,03:10:00,Guarda,Pinhel,Pinhel,PINHEL,91017,40.7775,-7.066667,290025.0,423743.0,dms_recuperado,280.0,2.0,278.0,0.0,Florestal,,,0,1,0,0,0.92
BI1011406,15836.0,2001,9,19,2001-09-19,15:51:00,2001-09-20,02:40:00,2001-09-19,16:01:00,Guarda,Sabugal,Alfaiates,ALFAIATES,91107,40.393889,-6.912778,303600.0,381300.0,dms_recuperado,214.0,65.0,149.0,0.0,Florestal,,,0,1,0,0,10.82
DM90115290,9913.0,2001,9,19,2001-09-19,09:19:00,2001-09-20,00:20:00,,,Vila Real,Mondim de Basto,Campanhó,Campanho,170503,41.323056,-7.937222,216400.0,483800.0,dms_recuperado,171.3,41.3,130.0,0.0,Florestal,,,0,1,0,0,15.02
BL901342,4010.0,2001,9,19,2001-09-19,14:15:00,2001-09-21,01:45:00,2001-09-19,14:15:00,Viseu,Viseu,Ribafeita,Gumiei,182322,40.746111,-8.001667,211100.0,419700.0,dms_recuperado,148.0,98.0,48.0,2.0,Florestal,4.0,Intencional,0,1,0,0,35.5
BI1011401,15826.0,2001,9,19,2001-09-19,14:27:00,2001-09-19,20:40:00,2001-09-19,14:37:00,Guarda,Guarda,Alvendre,Quinta da Granja,90705,40.601389,-7.251667,274600.0,404000.0,dms_recuperado,139.5,4.0,55.5,80.0,Florestal,,,0,1,0,0,6.22
DM4011380,17607.0,2001,9,20,2001-09-20,20:17:00,2001-09-20,23:10:00,2001-09-20,20:30:00,Viana do Castelo,Melgaço,Penso,Paço,160313,42.081111,-8.325278,184100.0,568000.0,dms_recuperado,154.0,4.0,150.0,0.0,Florestal,,,0,1,0,0,2.88
BL2011102,30375.0,2001,9,21,2001-09-21,03:43:00,2001-09-21,14:00:00,2001-09-21,04:39:00,Coimbra,Arganil,Piódão,Fornea,60111,40.204444,-7.838056,225100.0,359600.0,dms_recuperado,1243.5,0.0,1243.5,0.0,Florestal,,,0,1,0,0,10.28
TM1012803,8887.0,2001,9,27,2001-09-27,14:40:00,2001-09-27,19:35:00,2001-09-27,14:48:00,Vila Real,Boticas,Granja,GRANJA,170212,41.695,-7.646389,240500.0,525200.0,dms_recuperado,119.03,6.0,113.03,0.0,Florestal,4.0,Intencional,0,1,0,0,4.92
BI90164,17157.0,2001,10,11,2001-10-11,17:15:00,2001-10-11,23:00:00,2001-10-11,17:35:00,Guarda,Gouveia,Arcozelo,ARCOZELO,90602,40.5425,-7.633611,242300.0,397200.0,dms_recuperado,147.0,0.0,147.0,0.0,Florestal,,,0,1,0,0,5.75
DM90116345,22601.0,2001,12,16,2001-12-16,08:20:00,2001-12-17,08:25:00,,,Viana do Castelo,Ponte de Lima,Labruja,"Al,m",160729,41.86,-8.568889,163800.0,543500.0,dms_recuperado,150.0,1.0,149.0,0.0,Florestal,,,0,1,0,0,24.08
BL901555,39497.0,2001,12,17,2001-12-17,11:55:00,2001-12-19,05:00:00,2001-12-17,13:00:00,Coimbra,Góis,Colmeal,Açor,60603,40.167778,-7.989722,212200.0,355500.0,dms_recuperado,1742.3,1124.0,618.3,0.0,Florestal,2.0,Negligente,0,1,0,0,41.08
TM9011362,0.0,2001,12,17,2001-12-17,13:00:00,2001-12-18,08:00:00,2001-12-17,13:00:00,Vila Real,Boticas,Cerdedo,CERDEDO,170206,41.659722,-7.886944,220500.0,521200.0,dms_recuperado,111.06,40.13,0.0,70.93,Florestal,2.0,Negligente,0,1,0,0,19.0
AT902215,17929.0,2002,6,14,2002-06-14,17:11:00,2002-06-14,22:00:00,2002-06-14,17:14:00,Beja,Beja,Trindade,Matosa,20517,37.91,-7.881111,222155.0,104843.0,dms_recuperado,125.0,70.0,0.0,55.0,Florestal,610.0,Desconhecida,0,1,0,0,4.82
AG10271,21054.0,2002,6,15,2002-06-15,13:38:00,2002-06-17,13:20:00,2002-06-15,13:38:00,Faro,Silves,Silves,Farelo,81307,37.208611,-8.476111,169531.0,27041.0,dms_recuperado,312.6,29.0,283.6,0.0,Florestal,448.0,Intencional,0,1,0,0,47.7
BI102324,9517.0,2002,6,16,2002-06-16,15:03:00,2002-06-17,23:30:00,2002-06-16,15:20:00,Guarda,Trancoso,Rio de Mel,Vila Novinha,91316,40.803611,-7.424444,259795.0,426312.0,dms_recuperado,118.0,52.0,66.0,0.0,Florestal,630.0,Desconhecida,0,1,0,0,32.45
BI20210014,12807.0,2002,6,17,2002-06-17,15:00:00,2002-06-19,20:30:00,2002-06-17,15:15:00,Castelo Branco,Fundão,Vale de Prazeres,Serra da Póvoa,50428,40.129722,-7.361389,265776.0,351548.0,dms_recuperado,184.0,75.25,108.75,0.0,Florestal,60.0,Desconhecida,0,1,0,0,53.5
BL90295,17897.0,2002,6,17,2002-06-17,14:30:00,2002-06-18,02:00:00,,,Coimbra,Miranda do Corvo,Semide,Segade,60904,40.170833,-8.32,184073.0,355836.0,dms_recuperado,179.0,178.0,1.0,0.0,Florestal,448.0,Intencional,0,1,0,0,11.5
BI20210013,12801.0,2002,6,17,2002-06-17,14:23:00,2002-06-18,11:30:00,2002-06-17,14:45:00,Castelo Branco,Castelo Branco,Malpica do Tejo,MALPICA DO TEJO,50214,39.683611,-7.394722,263330.0,301982.0,dms_recuperado,120.0,120.0,0.0,0.0,Florestal,,,0,1,0,0,21.12
TM202282,9021.0,2002,6,17,2002-06-17,15:30:00,2002-06-18,01:35:00,2002-06-17,15:30:00,Bragança,Alfândega Da Fé,Pombal,Santo Antão,40109,41.363056,-7.019444,293172.0,488811.0,dms_recuperado,100.94,0.0,100.94,0.0,Florestal,,,0,1,0,0,10.08
BI102337,9834.0,2002,6,21,2002-06-21,13:42:00,2002-06-21,15:10:00,,,Guarda,Sabugal,Aldeia da Ribeira,Ribeira de S. Judeu,91104,40.456944,-6.898333,304729.0,388321.0,dms_recuperado,461.0,431.0,30.0,0.0,Florestal,,,0,1,0,0,1.47
BI90219,9826.0,2002,6,21,2002-06-21,11:35:00,2002-06-22,02:25:00,2002-06-21,11:40:00,Guarda,Guarda,Panoias de Cima,Barracão,90728,40.511667,-7.237778,275867.0,394038.0,dms_recuperado,190.0,0.0,190.0,0.0,Florestal,,,0,1,0,0,14.83
DM90293,4556.0,2002,6,23,2002-06-23,14:35:00,2002-06-24,23:00:00,2002-06-23,14:35:00,Vila Real,Ribeira de Pena,Ribeira De Pena (salvador),Carvalha,170905,41.503056,-7.878333,221254.0,503803.0,dms_recuperado,120.0,96.0,24.0,0.0,Florestal,448.0,Intencional,0,1,0,0,32.42
DM902673,10187.0,2002,6,23,2002-06-23,23:50:00,2002-06-24,03:10:00,2002-06-23,23:55:00,Viana do Castelo,Vila Nova de Cerveira,Gondarém,Gouvim,161006,41.915278,-8.775278,146708.0,549748.0,dms_recuperado,108.0,48.0,60.0,0.0,Florestal,132.0,Negligente,0,1,0,0,3.33
DM9024383,28367.0,2002,6,25,2002-06-25,00:30:00,2002-06-26,01:00:00,2002-06-25,00:35:00,Porto,Gondomar,Melres,R. SOBRIDO,130407,41.069722,-8.397222,177787.0,455682.0,dms_recuperado,245.0,245.0,0.0,0.0,Florestal,,,0,1,0,0,24.5
AG10295,22966.0,2002,6,29,2002-06-29,14:31:00,2002-06-30,10:50:00,2002-06-29,14:31:00,Faro,Tavira,Cachopo,Currais,81401,37.32,-7.816667,228036.0,39384.0,dms_recuperado,113.0,100.0,12.0,1.0,Florestal,121.0,Negligente,0,1,0,0,20.32
RO102102,13855.0,2002,6,30,2002-06-30,14:35:00,2002-07-02,00:15:00,,,Santarém,Salvaterra de Magos,Glória do Ribatejo,GLÓRIA DO RIBATEJO,141501,39.042778,-8.641667,155968.0,230682.0,dms_recuperado,211.0,198.0,10.0,3.0,Florestal,449.0,Intencional,0,1,0,0,33.67
RO10287,16979.0,2002,6,30,2002-06-30,11:30:00,2002-07-01,06:50:00,,,Santarém,Ourém,Urqueira,Resouro,142114,39.761389,-8.597222,160216.0,310473.0,dms_recuperado,166.0,161.0,5.0,0.0,Florestal,6.0,Desconhecida,0,1,0,0,19.33
BI902620,10486.0,2002,7,1,2002-07-01,11:30:00,2002-07-01,18:50:00,,,Guarda,Guarda,Adão,ADÃO,90701,40.458889,-7.166944,281941.0,388262.0,dms_recuperado,500.0,0.0,500.0,0.0,Florestal,,,0,1,0,0,7.33
BI902619,10484.0,2002,7,1,2002-07-01,11:00:00,2002-07-01,23:00:00,,,Guarda,Guarda,Panoias de Cima,Valcovo,90728,40.488056,-7.220833,277347.0,391432.0,dms_recuperado,220.0,68.0,152.0,0.0,Florestal,610.0,Desconhecida,0,1,0,0,12.0
RO10289,17091.0,2002,7,1,2002-07-01,14:12:00,2002-07-02,21:37:00,,,Santarém,Sardoal,Santiago de Montalegre,Lameiras,141702,39.586389,-8.165,197251.0,290932.0,dms_recuperado,216.0,190.0,8.0,18.0,Florestal,6.0,Desconhecida,0,1,0,0,31.42
BI202100128,14331.0,2002,7,5,2002-07-05,15:31:00,2002-07-07,01:00:00,2002-07-05,15:45:00,Castelo Branco,Castelo Branco,Almaceda,Martim Branco,50202,39.946667,-7.626111,243328.0,331055.0,dms_recuperado,180.0,180.0,0.0,0.0,Florestal,630.0,Desconhecida,0,1,0,0,33.48
TM202348,10012.0,2002,7,5,2002-07-05,10:46:00,2002-07-06,09:30:00,2002-07-05,11:01:00,Bragança,Vimioso,Santulhão,SANTULHÃO,41110,41.565,-6.621667,326074.0,511756.0,dms_recuperado,137.55,3.44,131.34,2.77,Florestal,630.0,Desconhecida,0,1,0,0,22.73
TM202363,10111.0,2002,7,6,2002-07-06,22:18:00,2002-07-08,03:05:00,2002-07-06,22:18:00,Bragança,Mogadouro,Meirinhos,MEIRINHOS,40809,41.263056,-6.825278,309583.0,477920.0,dms_recuperado,150.94,10.21,140.73,0.0,Florestal,125.0,Negligente,0,1,0,0,28.78
RO102791,18085.0,2002,7,11,2002-07-11,12:30:00,2002-07-12,15:16:00,,,Santarém,Tomar,Alviobeira,Ponte de Ceras,141801,39.696667,-8.359444,180563.0,303188.0,dms_recuperado,644.0,550.0,44.0,50.0,Florestal,6.0,Desconhecida,0,1,0,0,26.77
AT902203,19115.0,2002,7,11,2002-07-11,19:50:00,2002-07-13,00:00:00,2002-07-11,19:56:00,Évora,Portel,Monte do Trigo,PERAL,70903,38.369722,-7.650556,242147.0,155980.0,dms_recuperado,236.0,109.0,64.0,63.0,Florestal,222.0,Negligente,0,1,0,0,28.17
TM102890,7301.0,2002,7,12,2002-07-12,12:40:00,2002-07-12,18:00:00,2002-07-12,13:05:00,Vila Real,Alijó,Vila Verde,Entrematos \ REG,170117,41.3525,-7.549167,248847.0,487201.0,dms_recuperado,110.86,6.25,103.27,1.34,Florestal,127.0,Negligente,0,1,0,0,5.33
BI202100173,14987.0,2002,7,13,2002-07-13,17:35:00,2002-07-17,02:00:00,2002-07-13,17:45:00,Castelo Branco,Castelo Branco,Santo André das Tojeiras,Bozelha \ POV,50221,39.806389,-7.679722,238810.0,315450.0,dms_recuperado,4949.0,4611.5,235.0,102.5,Florestal,630.0,Desconhecida,0,1,0,0,80.42
RO102970,18308.0,2002,7,13,2002-07-13,16:40:00,2002-07-17,00:12:00,,,Santarém,Tomar,Serra,Vale do Vime,141815,39.573611,-8.286667,186787.0,289522.0,dms_recuperado,1020.0,920.0,60.0,40.0,Florestal,6.0,Desconhecida,0,1,0,0,79.53
AT902219,19273.0,2002,7,13,2002-07-13,13:48:00,2002-07-14,23:45:00,2002-07-13,13:54:00,Évora,Vila Viçosa,Bencatel,BENCATEL,71401,38.7475,-7.450556,259332.0,198021.0,dms_recuperado,360.0,117.0,243.0,0.0,Florestal,610.0,Desconhecida,0,1,0,0,33.95
AG102113,25053.0,2002,7,13,2002-07-13,14:00:00,2002-07-14,12:00:00,2002-07-13,14:08:00,Faro,Silves,São Marcos da Serra,Casas Velhas,81306,37.4125,-8.323611,183111.0,49612.0,dms_recuperado,154.2,11.0,143.2,0.0,Florestal,610.0,Desconhecida,0,1,0,0,22.0
RO102969,18303.0,2002,7,13,2002-07-13,16:21:00,2002-07-13,21:20:00,,,Santarém,Tomar,São Pedro de Tomar,SÃO PEDRO DE TOMAR,141813,39.564444,-8.360556,180446.0,288524.0,dms_recuperado,144.0,100.0,15.0,29.0,Florestal,6.0,Desconhecida,0,1,0,0,4.98
BL202274,21143.0,2002,7,14,2002-07-14,15:00:00,2002-07-18,02:00:00,,,Coimbra,Vila Nova de Poiares,Poiares (Santo André),Pinheiro,61703,40.199722,-8.276111,187819.0,359026.0,dms_recuperado,1565.0,1300.5,188.0,76.5,Florestal,235.0,Negligente,0,1,0,0,83.0
BL202271,21123.0,2002,7,14,2002-07-14,12:30:00,2002-07-16,23:25:00,,,Coimbra,Oliveira do Hospital,Ervedal,ERVEDAL DA BEIRA,61105,40.420556,-7.89,220629.0,383577.0,dms_recuperado,952.0,538.0,414.0,0.0,Florestal,111.0,Negligente,0,1,0,0,58.92
BL102164,19463.0,2002,7,14,2002-07-14,09:55:00,2002-07-15,13:38:00,,,Viseu,Mangualde,Abrunhosa-a-Velha,Azenhas da Retorta,180601,40.571389,-7.638056,241904.0,400418.0,dms_recuperado,617.0,33.0,584.0,0.0,Florestal,125.0,Negligente,0,1,0,0,27.72
BL102167,19491.0,2002,7,14,2002-07-14,14:30:00,2002-07-17,01:30:00,,,Viseu,Nelas,Lapa do Lobo,Ribeiro do Vale do Boi,180908,40.486111,-7.9175,218279.0,390861.0,dms_recuperado,544.0,300.0,214.0,30.0,Florestal,448.0,Intencional,0,1,0,0,59.0
BL202278,21168.0,2002,7,14,2002-07-14,17:25:00,2002-07-16,11:30:00,,,Coimbra,Lousã,Vilarinho,Covão de Baixo,60705,40.131389,-8.202778,194056.0,351453.0,dms_recuperado,143.4,137.4,6.0,0.0,Florestal,448.0,Intencional,0,1,0,0,42.08
TM1021054,7780.0,2002,7,14,2002-07-14,15:40:00,2002-07-15,14:00:00,2002-07-14,15:40:00,Viseu,Moimenta da Beira,Peva,Soutosa,180715,40.888333,-7.666667,239297.0,435583.0,dms_recuperado,109.4,27.14,82.26,0.0,Florestal,,,0,1,0,0,22.33
BI10259,11414.0,2002,7,15,2002-07-15,14:31:00,2002-07-16,12:35:00,2002-07-15,14:31:00,Guarda,Sabugal,Moita,MOITA,91119,40.299722,-7.197222,279554.0,370552.0,dms_recuperado,1012.0,82.0,930.0,0.0,Florestal,133.0,Negligente,0,1,0,0,22.07
RO102945,15055.0,2002,7,15,2002-07-15,14:05:00,2002-07-17,23:50:00,,,Santarém,Santarém,Alcanede,Covão dos Porcos \ CAS,141604,39.469167,-8.795,143040.0,278127.0,dms_recuperado,383.0,10.0,373.0,0.0,Florestal,4.0,Intencional,0,1,0,0,57.75
BL202593,15999.0,2002,7,15,2002-07-15,14:05:00,2002-07-17,13:40:00,,,Leiria,Alvaiázere,Maçãs de Dona Maria,Cabaços,100204,39.859444,-8.341944,182115.0,321258.0,dms_recuperado,311.0,282.0,29.0,0.0,Florestal,449.0,Intencional,0,1,0,0,47.58
BI202100184,15143.0,2002,7,15,2002-07-15,16:23:00,2002-07-17,00:30:00,2002-07-15,16:33:00,Castelo Branco,Penamacor,Vale da Senhora da Póvoa,VALE DA SENHORA DA PÓVOA,50712,40.274444,-7.2025,279141.0,367733.0,dms_recuperado,289.0,35.0,254.0,0.0,Florestal,,,0,1,0,0,32.12
BL202296,21301.0,2002,7,15,2002-07-15,14:05:00,2002-07-15,23:25:00,,,Coimbra,Oliveira do Hospital,Ervedal,Ponte do Salto,61105,40.419167,-7.861944,223000.0,383422.0,dms_recuperado,266.0,13.5,244.5,8.0,Florestal,152.0,Negligente,0,1,0,0,9.33
RO102948,15065.0,2002,7,15,2002-07-15,15:10:00,2002-07-16,02:25:00,,,Santarém,Rio Maior,Outeiro da Cortiçada,Casal da Cheira,141407,39.333333,-8.831389,139784.0,263051.0,dms_recuperado,160.0,34.0,126.0,0.0,Florestal,4.0,Intencional,0,1,0,0,11.25
BI10261,11424.0,2002,7,15,2002-07-15,15:52:00,2002-07-16,21:14:00,,,Guarda,Pinhel,Vascoveiro,VASCOVEIRO,91027,40.735,-7.067778,289974.0,419008.0,dms_recuperado,106.0,10.0,93.0,3.0,Florestal,630.0,Desconhecida,0,1,0,0,29.37
BL102214,19684.0,2002,7,16,2002-07-16,04:38:00,2002-07-17,12:14:00,,,Viseu,Nelas,Nelas,Quinta do Vale do Gato,180903,40.5075,-7.871111,222186.0,393241.0,dms_recuperado,603.0,570.0,33.0,0.0,Florestal,448.0,Intencional,0,1,0,0,31.6
AT902323,10000027.0,2002,7,16,2002-07-16,16:35:00,2002-07-16,20:20:00,2002-07-16,16:39:00,Évora,Mourão,Luz,Monte dos Pássaros,70802,38.345,-7.383056,265563.0,153366.0,dms_recuperado,434.0,73.0,50.0,311.0,Florestal,222.0,Negligente,0,1,0,0,3.75
BI902259,11501.0,2002,7,16,2002-07-16,16:17:00,2002-07-21,03:00:00,,,Guarda,Seia,Vide,Trepadinha - Baloquinhas,91227,40.285,-7.773333,230574.0,368553.0,dms_recuperado,278.0,264.0,0.0,14.0,Florestal,132.0,Negligente,0,1,0,0,106.72
BI202100190,15226.0,2002,7,16,2002-07-16,15:50:00,2002-07-17,08:00:00,2002-07-16,17:00:00,Castelo Branco,Idanha-a-Nova,Idanha-a-Nova,IDANHA A NOVA,50503,39.923056,-7.240278,276309.0,328685.0,dms_recuperado,277.0,126.0,151.0,0.0,Florestal,224.0,Negligente,0,1,0,0,16.17
BL202304,21388.0,2002,7,16,2002-07-16,00:10:00,2002-07-17,11:00:00,,,Coimbra,Pampilhosa da Serra,Pampilhosa da Serra,Soeirinho,61206,40.091389,-7.975,213483.0,347007.0,dms_recuperado,143.0,17.3125,125.6875,0.0,Florestal,132.0,Negligente,0,1,0,0,34.83
BL102216,19730.0,2002,7,16,2002-07-16,13:01:00,2002-07-24,23:00:00,,,Viseu,Viseu,Silgueiros,Picotos \ REG,182317,40.586111,-7.924444,217651.0,401950.0,dms_recuperado,109.0,40.0,69.0,0.0,Florestal,448.0,Intencional,0,1,0,0,201.98
TM202453,10670.0,2002,7,16,2002-07-16,01:20:00,2002-07-16,15:20:00,2002-07-16,01:40:00,Bragança,Vimioso,Matela,Castelo \ REG,41108,41.49,-6.605833,327541.0,503426.0,dms_recuperado,100.57,67.21,33.36,0.0,Florestal,,,0,1,0,0,14.0
RO1021188,15256.0,2002,7,17,2002-07-17,16:15:00,2002-07-18,21:34:00,,,Santarém,Rio Maior,Rio Maior,Comeira,141408,39.377222,-8.987778,126350.0,268059.0,dms_recuperado,606.0,500.0,100.0,6.0,Florestal,6.0,Desconhecida,0,1,0,0,29.32
RO1022191,18841.0,2002,7,17,2002-07-17,22:00:00,2002-07-19,23:00:00,,,Santarém,Torres Novas,Pedrógão,Casal Valentão \ POV,141909,39.507222,-8.648056,155695.0,282254.0,dms_recuperado,525.0,200.0,201.0,124.0,Florestal,6.0,Desconhecida,0,1,0,0,49.0
BL102237,19880.0,2002,7,17,2002-07-17,15:52:00,2002-07-18,21:00:00,2002-07-17,15:52:00,Viseu,Nelas,Senhorim,Casa dos Cantoneiros,180905,40.556944,-7.830556,225613.0,398747.0,dms_recuperado,460.0,175.0,265.0,20.0,Florestal,448.0,Intencional,0,1,0,0,29.13
AT902167,21594.0,2002,7,17,2002-07-17,14:55:00,2002-07-18,19:30:00,2002-07-17,14:57:00,Beja,Mértola,Mértola,MÉRTOLA,20904,37.645,-7.666389,241176.0,75508.0,dms_recuperado,373.0,195.0,0.0,178.0,Florestal,610.0,Desconhecida,0,1,0,0,28.58
BL102228,19839.0,2002,7,17,2002-07-17,11:45:00,2002-07-19,21:30:00,,,Viseu,São Pedro do Sul,Santa Cruz da Trapa,Aguaneiras \ CAS,181610,40.776944,-8.148056,198729.0,423130.0,dms_recuperado,327.0,294.0,33.0,0.0,Florestal,448.0,Intencional,0,1,0,0,57.75
DM9025851,16545.0,2002,7,17,2002-07-17,06:15:00,2002-07-17,14:25:00,2002-07-17,08:15:00,Porto,Marco de Canaveses,Paredes de Viadores,MONTEDEIRAS,130714,41.128056,-8.1425,199194.0,462112.0,dms_recuperado,213.0,6.0,207.0,0.0,Florestal,,,0,1,0,0,8.17
RO1021179,15232.0,2002,7,17,2002-07-17,12:34:00,2002-07-18,03:40:00,,,Santarém,Santarém,Almoster,Casal da Charneca \ POVI,141606,39.225278,-8.800833,142331.0,251049.0,dms_recuperado,114.0,21.1,92.9,0.0,Florestal,60.0,Desconhecida,0,1,0,0,15.1
BI202100209,15395.0,2002,7,18,2002-07-18,09:23:00,2002-07-20,09:20:00,2002-07-18,09:35:00,Castelo Branco,Idanha-a-Nova,Segura,Granja,50515,39.801389,-7.038611,293721.0,315371.0,dms_recuperado,3078.0,3003.0,0.0,75.0,Florestal,630.0,Desconhecida,0,1,0,0,47.95
BL102294,20026.0,2002,7,18,2002-07-18,14:15:00,2002-07-19,23:00:00,,,Viseu,Nelas,Senhorim,Moinhos \ POV,180905,40.531667,-7.818333,226657.0,395919.0,dms_recuperado,702.0,210.0,492.0,0.0,Florestal,448.0,Intencional,0,1,0,0,32.75
BL102298,20034.0,2002,7,18,2002-07-18,14:55:00,2002-07-19,00:55:00,,,Viseu,Viseu,Mundão,Brita Montes,182318,40.684722,-7.873889,221907.0,412902.0,dms_recuperado,591.0,458.0,133.0,0.0,Florestal,448.0,Intencional,0,1,0,0,10.0
DM9029451,14763.0,2002,7,18,2002-07-18,14:45:00,2002-07-20,01:35:00,2002-07-18,15:15:00,Aveiro,Arouca,Alvarenga,PARADINHA,10402,40.935556,-8.173056,196618.0,440752.0,dms_recuperado,360.5,330.5,30.0,0.0,Florestal,151.0,Negligente,0,1,0,0,34.83
BI202100219,15452.0,2002,7,18,2002-07-18,18:58:00,2002-07-20,00:50:00,2002-07-18,19:10:00,Castelo Branco,Castelo Branco,Louriçal do Campo,Lameiros do Monte \ CAS,50212,40.041389,-7.525833,251817.0,341608.0,dms_recuperado,110.0,110.0,0.0,0.0,Florestal,,,0,1,0,0,29.87
TM202457,10836.0,2002,7,18,2002-07-18,09:55:00,2002-07-18,23:55:00,2002-07-18,09:55:00,Bragança,Miranda do Douro,Silva,Fonte Ladrão,40615,41.488056,-6.453056,340297.0,503471.0,dms_recuperado,101.04,32.23,60.41,8.4,Florestal,125.0,Negligente,0,1,0,0,14.0
TM202475,10896.0,2002,7,19,2002-07-19,08:20:00,2002-07-19,10:00:00,2002-07-19,08:22:00,Bragança,Carrazeda de Ansiães,Beira Grande,BEIRA GRANDE,40302,41.185,-7.278611,271677.0,468781.0,dms_recuperado,268.59,103.02,144.97,20.6,Florestal,630.0,Desconhecida,0,1,0,0,1.67
BI202100229,15517.0,2002,7,19,2002-07-19,14:34:00,2002-07-20,01:15:00,2002-07-19,14:45:00,Castelo Branco,Castelo Branco,Escalos de Cima,ESCALOS DE CIMA \ SF,50208,39.929167,-7.403611,262354.0,329252.0,dms_recuperado,170.0,120.0,50.0,0.0,Florestal,630.0,Desconhecida,0,1,0,0,10.68
BL102336,20160.0,2002,7,19,2002-07-19,15:10:00,2002-07-20,18:00:00,,,Viseu,Viseu,Silgueiros,Pindelo \ POVI,182317,40.5775,-7.936111,216671.0,400986.0,dms_recuperado,148.0,31.0,117.0,0.0,Florestal,448.0,Intencional,0,1,0,0,26.83
BL102387,20459.0,2002,7,21,2002-07-21,16:27:00,2002-07-21,20:30:00,,,Viseu,Tondela,Vila Nova da Rainha,VILA NOVA DA RAINHA,182124,40.4725,-8.081111,204402.0,389314.0,dms_recuperado,1095.0,790.0,305.0,0.0,Florestal,448.0,Intencional,0,1,0,0,4.05
BI202100254,15704.0,2002,7,21,2002-07-21,15:11:00,2002-07-22,00:00:00,2002-07-21,15:20:00,Castelo Branco,Castelo Branco,Escalos de Baixo,Travanca \ REG,50207,39.885556,-7.426111,260458.0,324393.0,dms_recuperado,390.0,200.0,190.0,0.0,Florestal,630.0,Desconhecida,0,1,0,0,8.82
AT902220,20258.0,2002,7,21,2002-07-21,18:25:00,2002-07-22,02:15:00,2002-07-21,18:30:00,Évora,Reguengos de Monsaraz,Reguengos de Monsaraz,Monte do Pombal,71104,38.485278,-7.526111,252958.0,168861.0,dms_recuperado,309.5,285.0,0.0,24.5,Florestal,610.0,Desconhecida,0,1,0,0,7.83
TM202635,11307.0,2002,7,24,2002-07-24,14:10:00,2002-07-31,20:00:00,2002-07-24,14:10:00,Bragança,Torre de Moncorvo,Carviçais,Carviçais,40905,41.182222,-6.885,304713.0,468883.0,dms_recuperado,2300.31,40.56,2259.75,0.0,Florestal,125.0,Negligente,0,1,0,0,173.83
BI202100277,15982.0,2002,7,24,2002-07-24,15:00:00,2002-08-01,09:30:00,2002-07-24,15:15:00,Castelo Branco,Sertã,Cernache do Bonjardim,Sambado \ POV,50904,39.823333,-8.264444,188751.0,317253.0,dms_recuperado,1425.02,1337.02,88.0,0.0,Florestal,,,0,1,0,0,186.5
BL202531,16949.0,2002,7,24,2002-07-24,14:51:00,2002-07-27,18:00:00,,,Leiria,Figueiró dos Vinhos,Arega,Jarda,100802,39.856389,-8.302778,185460.0,320912.0,dms_recuperado,632.0,618.0,14.0,0.0,Florestal,448.0,Intencional,0,1,0,0,75.15
BL102472,20860.0,2002,7,24,2002-07-24,14:10:00,2002-07-25,00:00:00,,,Viseu,Mangualde,Santiago de Cassurrães,Contenças de Baixo \ POVI,180615,40.563056,-7.715,235410.0,399454.0,dms_recuperado,193.0,32.0,161.0,0.0,Florestal,449.0,Intencional,0,1,0,0,9.83
AG102154,26838.0,2002,7,24,2002-07-24,14:38:00,2002-07-27,05:00:00,2002-07-24,14:38:00,Faro,Faro,Faro (são Pedro),Pontal,80504,37.037778,-7.985,213170.0,8027.0,dms_recuperado,144.0,127.0,17.0,0.0,Florestal,610.0,Desconhecida,0,1,0,0,62.37
BI102213,12133.0,2002,7,24,2002-07-24,14:35:00,2002-07-25,20:00:00,,,Guarda,Guarda,Benespera,Recta da Picharrua,90709,40.434722,-7.268056,273380.0,385476.0,dms_recuperado,125.0,4.0,121.0,0.0,Florestal,,,0,1,0,0,29.42
TM1023223,8374.0,2002,7,25,2002-07-25,00:45:00,2002-07-25,07:50:00,2002-07-25,00:45:00,Viseu,Tabuaço,Granja do Tedo,Cubas \ REG,181906,41.057778,-7.615833,243482.0,454432.0,dms_recuperado,533.0,0.0,533.0,0.0,Florestal,,,0,1,0,0,7.08
TM90245,,2002,7,25,2002-07-25,18:00:00,2002-07-27,00:00:00,,,Viseu,Tabuaço,Arcos,Peso,181902,41.041944,-7.575556,246870.0,452707.0,dms_recuperado,329.74,84.78,244.96,0.0,Florestal,630.0,Desconhecida,0,1,0,0,30.0
TM90246,,2002,7,25,2002-07-25,14:00:00,2002-07-26,08:00:00,,,Viseu,Moimenta da Beira,Nagosa,NAGOSA,180711,41.039722,-7.595833,245157.0,452440.0,dms_recuperado,227.76,227.76,0.0,0.0,Florestal,448.0,Intencional,0,1,0,0,18.0
DM302279,12750.0,2002,7,25,2002-07-25,23:34:00,2002-07-26,02:05:00,2002-07-25,23:34:00,Viana do Castelo,Arcos de Valdevez,Padreiro (Salvador),Paul,160135,41.804444,-8.483056,170915.0,537286.0,dms_recuperado,105.0,105.0,0.0,0.0,Florestal,,,0,1,0,0,2.52
BI202100407,16134.0,2002,7,26,2002-07-26,12:28:00,2002-07-28,19:20:00,,,Castelo Branco,Idanha-a-Nova,Monfortinho,Nave da Silva,50507,39.968333,-6.9875,297875.0,333949.0,dms_recuperado,1028.0,545.5,482.5,0.0,Florestal,630.0,Desconhecida,0,1,0,0,54.87
BL202579,22958.0,2002,7,26,2002-07-26,15:08:00,2002-07-27,01:15:00,,,Coimbra,Tábua,Carapinha,Moita da Serra,61603,40.278333,-8.093056,203400.0,367751.0,dms_recuperado,206.0,150.0,48.0,8.0,Florestal,449.0,Intencional,0,1,0,0,10.12
RO1021901,19766.0,2002,7,26,2002-07-26,16:35:00,2002-08-05,21:08:00,,,Santarém,Ourém,Casal dos Bernardos,Formarigos,142103,39.788333,-8.543056,164880.0,313431.0,dms_recuperado,200.0,200.0,0.0,0.0,Florestal,,,0,1,0,0,244.55
DM302290,12780.0,2002,7,26,2002-07-26,09:24:00,2002-07-26,11:15:00,2002-07-26,09:30:00,Viana do Castelo,Ponte da Barca,Sampriz,Santa Rita,160619,41.798889,-8.391111,178540.0,536654.0,dms_recuperado,150.0,75.0,75.0,0.0,Florestal,,,0,1,0,0,1.85
BL102528,21175.0,2002,7,26,2002-07-26,17:26:00,2002-07-28,01:15:00,,,Viseu,Castro Daire,Cabril,Vitoreira,180303,40.9375,-8.112222,201738.0,440957.0,dms_recuperado,128.0,20.0,108.0,0.0,Florestal,,,0,1,0,0,31.82
BL202580,22960.0,2002,7,26,2002-07-26,15:30:00,2002-07-27,17:45:00,,,Coimbra,Vila Nova de Poiares,Poiares (Santo André),Casal de Vila Chã,61703,40.195833,-8.231389,191614.0,358611.0,dms_recuperado,115.0,97.5,16.0,1.5,Florestal,449.0,Intencional,0,1,0,0,26.25
BI102244,12379.0,2002,7,27,2002-07-27,12:30:00,2002-07-29,01:58:00,2002-07-27,12:32:00,Guarda,Sabugal,Badamalos,BADAMALOS-rio côa,91108,40.485278,-6.978889,297864.0,391383.0,dms_recuperado,815.0,66.0,730.0,19.0,Florestal,,,0,1,0,0,37.47
BI202100314,16223.0,2002,7,27,2002-07-27,15:50:00,2002-07-31,21:25:00,2002-07-27,16:05:00,Castelo Branco,Oleiros,Álvaro,Gaspalha,50601,39.985278,-7.951667,215492.0,335241.0,dms_recuperado,390.0,380.0,10.0,0.0,Florestal,,,0,1,0,0,101.58
BL202597,23096.0,2002,7,27,2002-07-27,14:36:00,2002-07-28,16:30:00,,,Coimbra,Pampilhosa da Serra,Pampilhosa da Serra,Vale Serrão,61206,40.033611,-7.963333,214475.0,340609.0,dms_recuperado,280.0,244.0,36.0,0.0,Florestal,133.0,Negligente,0,1,0,0,25.9
RO1021938,19856.0,2002,7,27,2002-07-27,14:39:00,2002-07-28,19:30:00,,,Santarém,Tomar,Junceira,Vales,141806,39.601111,-8.349167,181422.0,292581.0,dms_recuperado,184.0,155.0,14.0,15.0,Florestal,448.0,Intencional,0,1,0,0,28.85
BL202595,17237.0,2002,7,27,2002-07-27,14:05:00,2002-07-28,09:28:00,,,Leiria,Pombal,Albergaria dos Doze,Terrinha,101502,39.801111,-8.567222,162811.0,314852.0,dms_recuperado,176.0,174.0,1.0,1.0,Florestal,448.0,Intencional,0,1,0,0,19.38
TM1021322,8519.0,2002,7,27,2002-07-27,14:35:00,2002-07-27,23:10:00,2002-07-27,14:35:00,Viseu,Lamego,Vila Nova de Souto D El-rei,Póvoa,180524,41.058056,-7.849167,223858.0,454376.0,dms_recuperado,157.19,0.0,157.19,0.0,Florestal,630.0,Desconhecida,0,1,0,0,8.58
RO1021953,13245.0,2002,7,27,2002-07-27,14:52:00,2002-07-27,19:15:00,,,Lisboa,Mafra,Vila Franca do Rosário,VALE DA GUARDA \ VG,110915,38.958611,-9.257778,102496.0,221824.0,dms_recuperado,139.0,105.0,30.0,4.0,Florestal,6.0,Desconhecida,0,1,0,0,4.38
TM1021420,5806.0,2002,7,28,2002-07-28,14:15:00,2002-07-28,22:50:00,2002-07-28,14:15:00,Vila Real,Chaves,São Vicente,Aveleda,170334,41.849722,-7.234167,274643.0,542658.0,dms_recuperado,1659.15,1432.17,226.98,0.0,Florestal,448.0,Intencional,0,1,0,0,8.58
TM1021368,8135.0,2002,7,28,2002-07-28,13:05:00,2002-07-29,07:25:00,2002-07-28,13:13:00,Vila Real,Sabrosa,São Lourenço de Ribapinhão,Arcã,171011,41.292222,-7.607778,243992.0,480490.0,dms_recuperado,789.08,279.47,509.61,0.0,Florestal,630.0,Desconhecida,0,1,0,0,18.33
BI902451,12504.0,2002,7,28,2002-07-28,15:10:00,2002-07-29,09:25:00,,,Guarda,Seia,Girabolhos,Carapinhas,91205,40.515833,-7.737778,233494.0,394196.0,dms_recuperado,376.0,33.0,336.5,6.5,Florestal,132.0,Negligente,0,1,0,0,18.25
AG102155,27498.0,2002,7,28,2002-07-28,12:25:00,2002-07-31,20:00:00,2002-07-28,12:33:00,Faro,São Brás de Alportel,São Brás de Alportel,Ribeira das Mercês,81201,37.176667,-7.946944,216516.0,23454.0,dms_recuperado,305.0,4.0,241.0,60.0,Florestal,610.0,Desconhecida,0,1,0,0,79.58
RO1022002,19961.0,2002,7,28,2002-07-28,15:33:00,2002-07-28,18:54:00,,,Santarém,Torres Novas,Chancelaria,Pafarrão,141904,39.553333,-8.564722,162901.0,287342.0,dms_recuperado,244.0,84.0,20.0,140.0,Florestal,6.0,Desconhecida,0,1,0,0,3.35
TM1021362,8126.0,2002,7,28,2002-07-28,10:45:00,2002-07-28,17:25:00,2002-07-28,11:00:00,Vila Real,Vila Real,São Tomé do Castelo,CEREJEIRA,171425,41.393333,-7.658333,239690.0,491698.0,dms_recuperado,136.76,0.0,136.76,0.0,Florestal,125.0,Negligente,0,1,0,0,6.67
BI202100352,16412.0,2002,7,29,2002-07-29,16:17:00,2002-08-01,23:00:00,2002-07-29,16:30:00,Castelo Branco,Sertã,Sertã,Vilar da Carga \ POV,50912,39.851389,-8.064444,205866.0,320336.0,dms_recuperado,1393.0,1383.0,10.0,0.0,Florestal,446.0,Intencional,1,1,0,0,78.72
BI902487,12646.0,2002,7,29,2002-07-29,20:15:00,2002-07-30,00:30:00,,,Guarda,Sabugal,Aldeia Velha,ALDEIA VELHA,91106,40.343056,-6.866667,307589.0,375697.0,dms_recuperado,1295.0,895.0,400.0,0.0,Florestal,114.0,Negligente,0,1,0,0,4.25
DM302434,13211.0,2002,7,29,2002-07-29,17:40:00,2002-07-31,03:05:00,2002-07-29,17:40:00,Viana do Castelo,Ponte de Lima,Seara,SEARA,160745,41.733889,-8.6175,159685.0,529510.0,dms_recuperado,355.0,310.0,45.0,0.0,Florestal,448.0,Intencional,0,1,0,0,33.42
TM1021441,5855.0,2002,7,29,2002-07-29,16:35:00,2002-07-30,03:50:00,2002-07-29,16:35:00,Vila Real,Valpaços,Santa Valha,Quinta da Teixugueira,171220,41.67,-7.268611,271982.0,522659.0,dms_recuperado,343.53,209.14,123.31,11.08,Florestal,121.0,Negligente,0,1,0,0,11.25
BI202100346,16401.0,2002,7,29,2002-07-29,15:00:00,2002-07-30,06:10:00,2002-07-29,15:15:00,Castelo Branco,Covilhã,Ourondo,OURONDO \ SF,50313,40.1475,-7.681667,238468.0,353331.0,dms_recuperado,330.0,122.425,186.575,21.0,Florestal,610.0,Desconhecida,0,1,0,0,15.17
AT902264,23169.0,2002,7,29,2002-07-29,16:22:00,2002-07-30,05:00:00,2002-07-29,16:23:00,Beja,Almodôvar,Rosário,Monte Novo do Gato,20203,37.618333,-8.126667,200551.0,72467.0,dms_recuperado,178.0,28.0,0.0,150.0,Florestal,222.0,Negligente,0,1,0,0,12.63
AG102164,27675.0,2002,7,29,2002-07-29,15:16:00,2002-08-01,11:30:00,2002-07-29,15:16:00,Faro,São Brás de Alportel,São Brás de Alportel,Machados,81201,37.148056,-7.886667,221884.0,20283.0,dms_recuperado,145.0,6.0,131.0,8.0,Florestal,133.0,Negligente,0,1,0,0,68.23
AT902235,10000014.0,2002,7,30,2002-07-30,15:17:00,2002-07-31,06:00:00,2002-07-30,15:20:00,Évora,Redondo,Redondo,SANTA SUZANA,71002,38.583889,-7.651944,241922.0,179726.0,dms_recuperado,976.99,756.67,0.0,220.32,Florestal,610.0,Desconhecida,0,1,0,0,14.72
BL202691,17610.0,2002,7,30,2002-07-30,15:33:00,2002-07-31,02:10:00,,,Leiria,Pombal,Pombal,Vérigo \ POVI,101509,39.940556,-8.571944,162487.25,330344.75,dms_recuperado,843.0,0.0,820.0,23.0,Florestal,312.0,Negligente,0,1,0,0,10.62
BI902493,12692.0,2002,7,30,2002-07-30,15:50:00,2002-07-31,01:20:00,2002-07-30,15:53:00,Guarda,Guarda,Jarmelo (são Pedro),Almeidinha,90740,40.598611,-7.126389,285206.0,403805.0,dms_recuperado,395.0,13.0,382.0,0.0,Florestal,,,0,1,0,0,9.5
TM1021450,8729.0,2002,7,30,2002-07-30,15:40:00,2002-07-31,01:25:00,2002-07-30,15:40:00,Viseu,Tarouca,Vila Chã da Beira,Vila Chã da Beira,182010,41.028611,-7.686667,237534.0,451159.0,dms_recuperado,286.27,0.0,286.27,0.0,Florestal,125.0,Negligente,0,1,0,0,9.75
AT902253,23291.0,2002,7,30,2002-07-30,17:28:00,2002-07-30,22:20:00,2002-07-30,17:31:00,Beja,Beja,Santa Clara de Louredo,Lagoa,20510,37.948889,-7.949167,216163.0,109151.0,dms_recuperado,230.0,30.0,0.0,200.0,Florestal,610.0,Desconhecida,0,1,0,0,4.87
TM1021459,5895.0,2002,7,30,2002-07-30,18:50:00,2002-07-31,06:35:00,2002-07-30,18:50:00,Vila Real,Boticas,Boticas,BOTICAS,170205,41.688056,-7.664722,238998.0,524432.0,dms_recuperado,164.99,164.99,0.0,0.0,Florestal,448.0,Intencional,0,1,0,0,11.75
TM1021460,5897.0,2002,7,30,2002-07-30,20:06:00,2002-07-31,03:45:00,2002-07-30,20:06:00,Vila Real,Valpaços,Canaveses,CANAVESES,171206,41.504722,-7.3625,264328.0,504223.0,dms_recuperado,132.95,0.0,132.95,0.0,Florestal,,,0,1,0,0,7.65
BL202706,23694.0,2002,7,31,2002-07-31,14:15:00,2002-08-05,07:00:00,,,Coimbra,Soure,Gesteira,Carregosa,61505,40.086944,-8.6725,153994.0,346644.0,dms_recuperado,1700.0,1535.4,164.6,0.0,Florestal,311.0,Intencional,0,1,0,0,112.75
DM402575,5946.0,2002,7,31,2002-07-31,22:42:00,2002-08-02,21:00:00,2002-07-31,23:35:00,Vila Real,Ribeira de Pena,Cerva,Parada,170903,41.484722,-7.888611,220406.0,501766.0,dms_recuperado,344.0,344.0,0.0,0.0,Florestal,448.0,Intencional,0,1,0,0,46.3
AT902240,15917.0,2002,7,31,2002-07-31,15:15:00,2002-08-02,00:25:00,2002-07-31,15:21:00,Portalegre,Gavião,Belver,ALVISQUER \ VG,120902,39.502778,-7.935278,216995.0,281653.0,dms_recuperado,320.0,126.0,194.0,0.0,Florestal,6.0,Desconhecida,0,1,0,0,33.17
DM9028500,27763.0,2002,7,31,2002-07-31,10:09:00,2002-08-01,12:00:00,,,Braga,Braga,Celeirós,Avª Trezeste,30306,41.509444,-8.453333,173264.0,504531.0,dms_recuperado,260.0,260.0,0.0,0.0,Florestal,115.0,Negligente,0,1,0,0,25.85
BI902522,12808.0,2002,7,31,2002-07-31,21:40:00,2002-08-02,20:15:00,2002-07-31,21:40:00,Guarda,Guarda,Mizarela,Quinta coitada,90726,40.550278,-7.337778,267362.0,398251.0,dms_recuperado,170.0,3.0,167.0,0.0,Florestal,129.0,Negligente,0,1,0,0,46.58
DM302537,13459.0,2002,7,31,2002-07-31,20:10:00,2002-08-01,13:25:00,2002-07-31,22:20:00,Viana do Castelo,Ponte de Lima,Facha,FACHA \ SF,160718,41.720833,-8.616111,159802.0,528064.0,dms_recuperado,165.0,165.0,0.0,0.0,Florestal,,,0,1,0,0,17.25
BI902518,12790.0,2002,7,31,2002-07-31,18:25:00,2002-07-31,21:05:00,,,Guarda,Celorico da Beira,Carrapichana,CARRAPICHANA,90304,40.561944,-7.488611,254565.0,399460.0,dms_recuperado,114.0,73.0,41.0,0.0,Florestal,,,0,1,0,0,2.67
RO1022231,39582.0,2002,7,31,2002-07-31,17:10:00,2002-08-01,18:30:00,,,Setúbal,Barreiro,Santo António da Charneca,Vila Chã,150407,38.635,-9.040556,120971.0,185695.0,dms_recuperado,100.0,100.0,0.0,0.0,Florestal,6.0,Desconhecida,0,1,0,0,25.33
TM1021533,5980.0,2002,8,1,2002-08-01,16:05:00,2002-08-07,01:45:00,2002-08-01,16:06:00,Vila Real,Boticas,Pinho,Sobradelo,170213,41.640556,-7.626944,242172.0,519169.0,dms_recuperado,2705.0,2705.0,0.0,0.0,Florestal,448.0,Intencional,0,1,0,0,129.67
TM1021537,5986.0,2002,8,1,2002-08-01,18:20:00,2002-08-03,15:20:00,2002-08-01,18:20:00,Vila Real,Vila Pouca de Aguiar,Capeludos,Adagoi,171305,41.614722,-7.648056,240430.0,516266.0,dms_recuperado,402.0,402.0,0.0,0.0,Florestal,,,0,1,0,0,45.0
DM9029887,5960.0,2002,8,1,2002-08-01,10:00:00,2002-08-02,21:00:00,,,Vila Real,Ribeira de Pena,Cerva,Ribeira do Porco,170903,41.484722,-7.888611,220406.0,501766.0,dms_recuperado,197.0,197.0,0.0,0.0,Florestal,,,0,1,0,0,35.0
DM9027539,36658.0,2002,8,2,2002-08-02,12:40:00,2002-08-03,04:35:00,2002-08-02,12:50:00,Porto,Santo Tirso,Burgães,L. CRUZ,131406,41.336389,-8.437222,174546.0,485312.0,dms_recuperado,260.0,260.0,0.0,0.0,Florestal,,,0,1,0,0,15.92
TM202653,12091.0,2002,8,2,2002-08-02,14:42:00,2002-08-03,22:27:00,2002-08-02,15:00:00,Bragança,Macedo de Cavaleiros,Murçós,MURÇOS \ SF,40522,41.683056,-6.9925,294967.0,524379.0,dms_recuperado,185.0,92.0,93.0,0.0,Florestal,449.0,Intencional,0,1,0,0,31.75
BI902596,13038.0,2002,8,3,2002-08-03,16:55:00,2002-08-04,00:50:00,,,Guarda,Guarda,Pêra Do Moço,PERA DO MOÇO,90730,40.613056,-7.212222,277915.0,405335.0,dms_recuperado,174.0,28.0,141.0,5.0,Florestal,,,0,1,0,0,7.92
TM1021605,0.0,2002,8,3,2002-08-03,02:25:00,2002-08-03,10:05:00,2002-08-03,02:25:00,Viseu,Tarouca,São João de Tarouca,SÃO JOÃO DE TAROUCA,182006,40.994444,-7.748333,232361.0,447343.0,dms_recuperado,167.92,12.44,155.48,0.0,Florestal,630.0,Desconhecida,0,1,0,0,7.67
DM9029721,16309.0,2002,8,3,2002-08-03,18:05:00,2002-08-05,00:30:00,2002-08-03,18:30:00,Aveiro,Arouca,Alvarenga,PONTE,10402,40.956944,-8.175278,196443.0,443109.0,dms_recuperado,156.0,108.0,48.0,0.0,Florestal,152.0,Negligente,0,1,0,0,30.42
TM202670,12185.0,2002,8,3,2002-08-03,16:25:00,2002-08-04,00:45:00,2002-08-03,17:25:00,Bragança,Mogadouro,Tó,Ribeira do Caminho Novo \ RIB,40819,41.337222,-6.565278,331226.0,486532.0,dms_recuperado,138.3,1.06,0.0,137.24,Florestal,125.0,Negligente,0,1,0,0,8.33
TM202818,12195.0,2002,8,3,2002-08-03,18:30:00,2002-08-05,06:22:00,2002-08-03,18:45:00,Bragança,Vila Flor,Vilas Boas,Meireles,41019,41.358056,-7.168333,280732.0,488121.0,dms_recuperado,101.81,101.81,0.0,0.0,Florestal,,,0,1,0,0,35.87
TM1021654,8518.0,2002,8,4,2002-08-04,02:15:00,2002-08-06,05:55:00,2002-08-04,02:30:00,Vila Real,Alijó,Ribalonga,Rapadoura,170111,41.353333,-7.495278,253360.0,487327.0,dms_recuperado,789.42,338.38,451.04,0.0,Florestal,125.0,Negligente,0,1,0,0,51.67
DM9028101,9118.0,2002,8,4,2002-08-04,14:25:00,2002-08-04,22:05:00,2002-08-04,14:50:00,Viseu,Cinfães,Ferreiros de Tendais,RUIVAIS,180405,41.063333,-8.051667,206827.0,454944.0,dms_recuperado,559.0,17.0,542.0,0.0,Florestal,,,0,1,0,0,7.67
BL102785,22320.0,2002,8,4,2002-08-04,12:45:00,2002-08-05,00:01:00,,,Viseu,Castro Daire,Mões,Granja,180312,40.895278,-7.873333,221892.0,436298.0,dms_recuperado,493.0,73.0,420.0,0.0,Florestal,449.0,Intencional,0,1,0,0,11.27
TM202676,12242.0,2002,8,4,2002-08-04,12:06:00,2002-08-05,12:05:00,2002-08-04,12:56:00,Bragança,Vila Flor,Freixiel,FREIXIEL,41005,41.316389,-7.2475,274150.0,483415.0,dms_recuperado,422.03,305.39,116.64,0.0,Florestal,,,0,1,0,0,23.98
TM202687,12278.0,2002,8,4,2002-08-04,20:40:00,2002-08-05,01:05:00,2002-08-04,21:00:00,Bragança,Mogadouro,Travanca,Brangins,40820,41.372222,-6.499167,336684.0,490505.0,dms_recuperado,297.16,0.0,297.16,0.0,Florestal,125.0,Negligente,0,1,0,0,4.42
TM202691,12262.0,2002,8,4,2002-08-04,16:55:00,2002-08-05,12:40:00,2002-08-04,17:10:00,Bragança,Bragança,Paradinha Nova,Sobreiral,40228,41.584167,-6.679444,321207.0,513802.0,dms_recuperado,193.81,58.01,132.91,2.89,Florestal,,,0,1,0,0,19.75
AT902333,10000035.0,2002,8,5,2002-08-05,14:00:00,2002-08-06,12:00:00,2002-08-05,14:05:00,Évora,Alandroal,Santiago Maior,Monte dos Pombeiros,70103,38.533333,-7.440278,260386.0,174250.0,dms_recuperado,597.0,236.0,0.0,361.0,Florestal,221.0,Negligente,0,1,0,0,22.0
BI20227,17152.0,2002,8,6,2002-08-06,17:45:00,2002-08-08,20:00:00,2002-08-06,18:00:00,Castelo Branco,Castelo Branco,Santo André das Tojeiras,Garridas \ POV,50221,39.8175,-7.678056,238939.0,316683.0,dms_recuperado,641.0,641.0,0.0,0.0,Florestal,630.0,Desconhecida,0,1,0,0,50.25
DM9027762,6198.0,2002,8,6,2002-08-06,17:10:00,2002-08-06,22:50:00,2002-08-06,17:10:00,Vila Real,Ribeira de Pena,Ribeira De Pena (salvador),Póvoa,170905,41.496944,-7.795833,228162.0,503125.0,dms_recuperado,180.0,0.0,180.0,0.0,Florestal,125.0,Negligente,0,1,0,0,5.67
TM1021759,6179.0,2002,8,6,2002-08-06,10:10:00,2002-08-07,01:30:00,2002-08-06,10:30:00,Vila Real,Montalegre,Paradela,Nossa Senhora de Fátima \ CAP,170622,41.755833,-7.951389,215098.75,531839.75,dms_recuperado,120.93,57.5,63.43,0.0,Florestal,448.0,Intencional,0,1,0,0,15.33
BI20237,17249.0,2002,8,7,2002-08-07,21:12:00,2002-08-09,12:42:00,2002-08-07,21:30:00,Castelo Branco,Idanha-a-Nova,Monsanto,Lagar de Água,50508,40.043611,-7.081667,289722.0,342219.0,dms_recuperado,380.0,380.0,0.0,0.0,Florestal,630.0,Desconhecida,0,1,0,0,39.5
DM4021142,14320.0,2002,8,7,2002-08-07,14:20:00,2002-08-08,05:20:00,2002-08-07,15:40:00,Braga,Vieira do Minho,Ruivães,ZEBRAL,31114,41.660278,-8.028333,208724.0,521231.0,dms_recuperado,212.0,6.0,206.0,0.0,Florestal,,,0,1,0,0,15.0
TM1021817,6247.0,2002,8,7,2002-08-07,13:15:00,2002-08-08,03:00:00,2002-08-07,18:56:00,Vila Real,Vila Pouca de Aguiar,Bragado,Monteiros,171304,41.589167,-7.693889,236610.0,513406.0,dms_recuperado,198.7,198.7,0.0,0.0,Florestal,448.0,Intencional,0,1,0,0,13.75
TM202733,12532.0,2002,8,7,2002-08-07,22:20:00,2002-08-08,05:20:00,2002-08-07,22:20:00,Bragança,Bragança,Babe,BABE \ SF,40203,41.825,-6.636111,324370.0,540603.0,dms_recuperado,187.55,0.0,187.55,0.0,Florestal,312.0,Negligente,0,1,0,0,7.0
TM1021777,8691.0,2002,8,7,2002-08-07,12:05:00,2002-08-08,21:30:00,2002-08-07,15:10:00,Vila Real,Alijó,Pegarinhos,Vale de Mir,170108,41.345833,-7.4675,255710.0,486524.0,dms_recuperado,176.77,154.3,22.47,0.0,Florestal,125.0,Negligente,0,1,0,0,33.42
DM2025275,19882.0,2002,8,7,2002-08-07,18:30:00,2002-08-08,16:00:00,,,Porto,Baião,Baião (santa Leocádia),Aldeia Nova,130214,41.115,-8.091389,203489.0,460667.0,dms_recuperado,152.0,144.0,0.0,8.0,Florestal,,,0,1,0,0,21.5
DM302789,14173.0,2002,8,7,2002-08-07,18:07:00,2002-08-08,12:00:00,2002-08-07,18:07:00,Viana do Castelo,Viana do Castelo,Geraz Do Lima (santa Leocádia),Paredes,160929,41.699444,-8.654722,156580.0,525703.0,dms_recuperado,130.0,130.0,0.0,0.0,Florestal,448.0,Intencional,0,1,0,0,17.88
TM202729,12485.0,2002,8,7,2002-08-07,11:02:00,2002-08-08,11:05:00,,,Bragança,Carrazeda de Ansiães,Carrazeda de Ansiães,Samorinha,40304,41.259722,-7.299444,269860.0,477058.0,dms_recuperado,119.82,62.81,52.99,4.02,Florestal,630.0,Desconhecida,0,1,0,0,24.05
BI102403,13426.0,2002,8,7,2002-08-07,14:30:00,2002-08-07,22:20:00,2002-08-07,14:31:00,Guarda,Fornos de Algodres,Matança,MATANÇA,90510,40.681667,-7.529444,251028.0,412721.0,dms_recuperado,119.0,61.0,58.0,0.0,Florestal,221.0,Negligente,0,1,0,0,7.83
TM1021826,6297.0,2002,8,8,2002-08-08,01:15:00,2002-08-08,06:35:00,2002-08-08,02:00:00,Vila Real,Chaves,Soutelinho da Raia,SOUTELINHO DA RAIA,170337,41.828333,-7.576667,246206.0,540046.0,dms_recuperado,1146.93,71.27,976.88,98.78,Florestal,236.0,Negligente,0,1,0,0,5.33
BI20245,17299.0,2002,8,8,2002-08-08,13:50:00,2002-08-09,03:50:00,2002-08-08,14:05:00,Castelo Branco,Covilhã,Teixoso,Terlamonte \ POV,50323,40.300833,-7.438333,259068.0,370492.0,dms_recuperado,320.0,320.0,0.0,0.0,Florestal,630.0,Desconhecida,0,1,0,0,14.0
DM302837,14258.0,2002,8,8,2002-08-08,15:10:00,2002-08-08,17:59:00,2002-08-08,15:10:00,Viana do Castelo,Ponte de Lima,Facha,FACHA,160718,41.721111,-8.616389,159769.0,528088.0,dms_recuperado,168.0,9.0,159.0,0.0,Florestal,,,0,1,0,0,2.82
DM302835,14254.0,2002,8,8,2002-08-08,14:28:00,2002-08-08,16:45:00,2002-08-08,14:35:00,Viana do Castelo,Ponte da Barca,Touvedo (Salvador),Breia,160618,41.8025,-8.355556,181508.0,537053.0,dms_recuperado,150.0,75.0,75.0,0.0,Florestal,,,0,1,0,0,2.28
BL102939,23023.0,2002,8,9,2002-08-09,20:16:00,2002-08-10,21:00:00,2002-08-09,20:16:00,Viseu,Vila Nova de Paiva,Touro,Póvoa,182205,40.900278,-7.711111,235542.0,436891.0,dms_recuperado,142.0,20.0,122.0,0.0,Florestal,,,0,1,0,0,24.73
AT902322,10000019.0,2002,8,11,2002-08-11,14:30:00,2002-08-11,14:46:00,2002-08-11,14:40:00,Évora,Alandroal,São Brás Dos Matos (mina Do Bugalho),São Brás dos Matos,70106,38.698056,-7.335278,269390.0,192592.0,dms_recuperado,292.0,292.0,0.0,0.0,Florestal,116.0,Negligente,0,1,0,0,0.27
TM1021961,6491.0,2002,8,11,2002-08-11,17:35:00,2002-08-11,18:15:00,2002-08-11,17:35:00,Vila Real,Boticas,Sapiãos,SAPIÃOS,170215,41.709722,-7.638611,241150.0,526837.0,dms_recuperado,232.0,12.0,220.0,0.0,Florestal,,,0,1,0,0,0.67
AT902260,25018.0,2002,8,13,2002-08-13,13:43:00,2002-08-14,16:25:00,2002-08-13,13:45:00,Beja,Mértola,Mértola,MÉRTOLA,20904,37.645,-7.666389,241176.0,75508.0,dms_recuperado,390.0,180.0,0.0,210.0,Florestal,311.0,Intencional,0,1,0,0,26.7
RO1023266,21621.0,2002,8,13,2002-08-13,16:35:00,2002-08-15,17:20:00,,,Santarém,Tomar,Carregueiros,Brejo,141804,39.631944,-8.467778,171261.0,296030.0,dms_recuperado,210.0,75.0,85.0,50.0,Florestal,448.0,Intencional,0,1,0,0,48.75
RO1023263,21605.0,2002,8,13,2002-08-13,15:40:00,2002-08-15,15:38:00,,,Santarém,Tomar,São Pedro de Tomar,Quinta do Falcão,141813,39.548611,-8.378889,178865.0,286746.0,dms_recuperado,123.0,110.0,13.0,0.0,Florestal,211.0,Negligente,0,1,0,0,47.97
BI102568,14072.0,2002,8,13,2002-08-13,14:16:00,2002-08-13,21:27:00,,,Guarda,Guarda,Faia,TENTINOLHO,90716,40.573056,-7.287778,271561.0,400812.0,dms_recuperado,115.0,23.0,92.0,0.0,Florestal,,,0,1,0,0,7.18
TM1022077,6641.0,2002,8,14,2002-08-14,10:15:00,2002-08-15,04:00:00,2002-08-14,10:15:00,Vila Real,Valpaços,Vilarandelo,VILARANDELO,171231,41.663611,-7.3225,267514.0,521903.0,dms_recuperado,844.16,95.58,748.58,0.0,Florestal,125.0,Negligente,0,1,0,0,17.75
TM202960,13112.0,2002,8,14,2002-08-14,12:40:00,2002-08-15,01:45:00,2002-08-14,13:00:00,Bragança,Alfândega Da Fé,Vilarelhos,VILARELHOS,40119,41.3475,-7.039722,291507.0,487057.0,dms_recuperado,688.48,226.62,398.57,63.29,Florestal,129.0,Negligente,0,1,0,0,13.08
TM202828,13166.0,2002,8,14,2002-08-14,23:13:00,2002-08-15,01:45:00,2002-08-14,23:40:00,Bragança,Mirandela,Valverde,VALE VERDE,40735,41.398333,-7.206111,277511.0,492539.0,dms_recuperado,622.96,446.4,104.58,71.98,Florestal,,,0,1,0,0,2.53
BI102579,14175.0,2002,8,14,2002-08-14,15:20:00,2002-08-15,01:50:00,2002-08-14,15:20:00,Guarda,Sabugal,Aldeia Velha,ALDEIA VELHA \ SF,91106,40.343056,-6.866667,307589.0,375697.0,dms_recuperado,169.0,31.5,110.0,27.5,Florestal,227.0,Negligente,0,1,0,0,10.5
DM4021588,9056.0,2002,8,14,2002-08-14,15:50:00,2002-08-15,05:15:00,2002-08-14,16:05:00,Vila Real,Mondim de Basto,Mondim de Basto,Ponte DïOlo,170505,41.396667,-7.921667,217667.0,491976.0,dms_recuperado,106.0,106.0,0.0,0.0,Florestal,448.0,Intencional,0,1,0,0,13.42
DM302993,14844.0,2002,8,14,2002-08-14,15:48:00,2002-08-14,19:34:00,2002-08-14,15:48:00,Viana do Castelo,Ponte de Lima,Ribeira,RIBEIRA,160739,41.774167,-8.553611,165018.0,533960.0,dms_recuperado,101.0,100.0,1.0,0.0,Florestal,,,0,1,0,0,3.77
TM202858,13236.0,2002,8,15,2002-08-15,15:53:00,2002-08-17,15:17:00,2002-08-15,16:30:00,Bragança,Bragança,São Julião de Palácios,São Julião,40243,41.821389,-6.603333,327086.0,540258.0,dms_recuperado,776.92,223.62,493.61,59.69,Florestal,6.0,Desconhecida,0,1,0,0,47.4
TM1022110,9103.0,2002,8,15,2002-08-15,14:02:00,2002-08-15,23:49:00,2002-08-15,14:15:00,Vila Real,Alijó,Vila Verde,Fraga das Poldras \ REG,170117,41.372778,-7.522778,251060.0,489486.0,dms_recuperado,651.5,212.5,439.0,0.0,Florestal,131.0,Negligente,0,1,0,0,9.78
BI202157,17989.0,2002,8,15,2002-08-15,17:00:00,2002-08-18,21:45:00,2002-08-15,17:15:00,Castelo Branco,Fundão,Alcongosta,ALCONGOSTA \ SF,50403,40.116944,-7.481111,255582.0,350046.0,dms_recuperado,630.65,222.95,407.7,0.0,Florestal,620.0,Desconhecida,0,1,0,0,76.75
TM1022154,6706.0,2002,8,15,2002-08-15,14:30:00,2002-08-16,19:50:00,2002-08-15,14:30:00,Vila Real,Valpaços,Vilarandelo,POUSADOURO \ VG,171231,41.654444,-7.305,268961.0,520894.0,dms_recuperado,246.73,11.99,182.03,52.71,Florestal,128.0,Negligente,0,1,0,0,29.33
TM202862,13275.0,2002,8,15,2002-08-15,22:25:00,2002-08-16,03:25:00,,,Bragança,Mirandela,Aguieiras,Aguieira,40703,41.721667,-7.186111,278798.0,528470.0,dms_recuperado,202.63,38.12,164.51,0.0,Florestal,,,0,1,0,0,5.0
TM202854,13215.0,2002,8,15,2002-08-15,13:50:00,2002-08-16,13:00:00,,,Bragança,Miranda do Douro,Atenor,ATENOR,40601,41.421111,-6.480833,338124.0,495984.0,dms_recuperado,135.16,24.25,81.79,29.12,Florestal,610.0,Desconhecida,0,1,0,0,23.17
TM202872,13307.0,2002,8,16,2002-08-16,09:47:00,2002-08-17,07:00:00,,,Bragança,Freixo de Espada à Cinta,Ligares,LIGARES,40404,41.088333,-6.966667,297989.0,458347.0,dms_recuperado,1126.0,5.53,1120.47,0.0,Florestal,125.0,Negligente,0,1,0,0,21.22
BI202167,18066.0,2002,8,16,2002-08-16,15:44:00,2002-08-18,21:00:00,2002-08-16,15:54:00,Castelo Branco,Sertã,Sertã,Codeceira Grande \ POV,50912,39.830833,-8.106111,202302.0,318062.0,dms_recuperado,425.0,425.0,0.0,0.0,Florestal,630.0,Desconhecida,0,1,0,0,53.27
TM202877,13349.0,2002,8,16,2002-08-16,16:15:00,2002-08-17,15:35:00,,,Bragança,Vila Flor,Candoso,CANDOSO \ SF,41003,41.281667,-7.223333,276212.0,479588.0,dms_recuperado,301.76,65.72,233.59,2.45,Florestal,,,0,1,0,0,23.33
BI102606,14394.0,2002,8,16,2002-08-16,14:45:00,2002-08-16,22:00:00,,,Guarda,Trancoso,Torre do Terrenho,TORRE DO TERRANHO,91323,40.890556,-7.359722,265166.0,436029.0,dms_recuperado,126.0,31.0,70.0,25.0,Florestal,630.0,Desconhecida,1,1,0,0,7.25
BI102621,14406.0,2002,8,16,2002-08-16,16:39:00,2002-08-17,02:00:00,,,Guarda,Celorico da Beira,Vide Entre Vinhas,VIDE ENTRE VINHAS,90320,40.596667,-7.403333,261771.0,403361.0,dms_recuperado,109.0,0.0,109.0,0.0,Florestal,,,0,1,0,0,9.35
TM1022232,6820.0,2002,8,17,2002-08-17,14:35:00,2002-08-19,03:40:00,2002-08-17,14:35:00,Vila Real,Vila Pouca de Aguiar,Sabroso de Aguiar,Reigaz,171317,41.591111,-7.585278,245680.0,513699.0,dms_recuperado,972.54,972.54,0.0,0.0,Florestal,448.0,Intencional,0,1,0,0,37.08
TM1022236,6829.0,2002,8,17,2002-08-17,15:05:00,2002-08-18,23:55:00,2002-08-17,15:05:00,Vila Real,Vila Pouca de Aguiar,Tresminas,Mourão \ REG,171312,41.465,-7.496389,253184.0,499740.25,dms_recuperado,130.21,93.76,33.06,3.39,Florestal,448.0,Intencional,0,1,0,0,32.83
TM1022241,6837.0,2002,8,17,2002-08-17,19:05:00,2002-08-18,03:35:00,2002-08-17,19:05:00,Vila Real,Chaves,Oucidres,OUCIDRES,170319,41.741667,-7.339444,266014.0,530572.0,dms_recuperado,100.18,16.76,49.6,33.82,Florestal,312.0,Negligente,0,1,0,0,8.5
BI102647,14620.0,2002,8,18,2002-08-18,15:37:00,2002-08-18,15:38:00,2002-08-18,15:37:00,Guarda,Celorico da Beira,Prados,PRADOS,90312,40.561667,-7.377778,263959.0,399495.0,dms_recuperado,124.0,19.0,105.0,0.0,Florestal,630.0,Desconhecida,0,1,0,0,0.02
BI102748,14710.0,2002,8,19,2002-08-19,12:26:00,2002-08-20,00:47:00,,,Guarda,Almeida,Vale Verde,Vale Verde,90228,40.701667,-6.980278,297416.0,415404.0,dms_recuperado,480.0,38.0,0.0,442.0,Florestal,,,0,1,0,0,12.35
TM1022316,6917.0,2002,8,19,2002-08-19,10:06:00,2002-08-19,14:15:00,2002-08-19,11:30:00,Vila Real,Boticas,Sapiãos,Sapelos,170215,41.723056,-7.598889,244437.0,528350.0,dms_recuperado,227.75,29.99,197.76,0.0,Florestal,448.0,Intencional,0,1,0,0,4.15
BL1021154,24391.0,2002,8,19,2002-08-19,12:49:00,2002-08-20,01:04:00,,,Viseu,Castro Daire,Castro Daire,Outeiro da Ponte \ MTE,180304,40.936667,-7.858611,223115.0,440894.0,dms_recuperado,220.0,45.0,175.0,0.0,Florestal,449.0,Intencional,0,1,0,0,12.25
DM9029912,6938.0,2002,8,19,2002-08-19,15:30:00,2002-08-20,02:00:00,,,Vila Real,Ribeira de Pena,Cerva,Minas São João da Adoninha,170903,41.471667,-7.846667,223920.0,500320.0,dms_recuperado,205.0,40.0,165.0,0.0,Florestal,125.0,Negligente,0,1,0,0,10.5
BL1021178,24486.0,2002,8,20,2002-08-20,08:30:00,2002-08-21,20:25:00,,,Viseu,Mangualde,Abrunhosa-a-Velha,Soito Bom,180601,40.576111,-7.659444,240103.0,400922.0,dms_recuperado,537.0,88.0,449.0,0.0,Florestal,449.0,Intencional,0,1,0,0,35.92
RO1023428,17929.0,2002,8,20,2002-08-20,12:50:00,2002-08-20,22:27:00,,,Santarém,Rio Maior,Arrouquelas,ARROUQUELAS \ SF,141402,39.256111,-8.894167,134305.0,254544.0,dms_recuperado,533.0,395.0,0.0,138.0,Florestal,211.0,Negligente,0,1,0,0,9.62
TM202969,13728.0,2002,8,20,2002-08-20,20:41:00,2002-08-21,05:45:00,2002-08-20,20:41:00,Bragança,Torre de Moncorvo,Larinho,LARINHO,40910,41.205278,-7.012778,293965.0,471293.0,dms_recuperado,188.56,0.0,176.1,12.46,Florestal,125.0,Negligente,0,1,0,0,9.07
BL1021180,24521.0,2002,8,20,2002-08-20,12:05:00,2002-08-21,00:37:00,,,Viseu,Castro Daire,Monteiras,Relva,180314,40.957222,-7.856111,223312.0,443166.0,dms_recuperado,147.0,0.0,147.0,0.0,Florestal,,,0,1,0,0,12.53
AT902319,10000024.0,2002,8,21,2002-08-21,15:05:00,2002-08-21,22:30:00,2002-08-21,15:09:00,Évora,Évora,Torre de Coelheiros,OUTEIRO DA OLIVEIRA,70513,38.416667,-7.781389,230694.0,161113.0,dms_recuperado,350.05,95.16,0.0,254.89,Florestal,227.0,Negligente,0,1,0,0,7.42
BI102712,14893.0,2002,8,21,2002-08-21,11:46:00,2002-08-21,22:30:00,,,Guarda,Pinhel,Pinhel,Quinta Nova,91017,40.800556,-7.055833,290890.0,426293.0,dms_recuperado,145.0,0.0,145.0,0.0,Florestal,,,0,1,0,0,10.73
DM3021193,15610.0,2002,8,22,2002-08-22,15:35:00,2002-08-22,17:30:00,2002-08-22,15:35:00,Viana do Castelo,Ponte da Barca,Entre Ambos-os-Rios,Sobredo,160607,41.806111,-8.299722,186147.0,537427.0,dms_recuperado,371.0,1.0,370.0,0.0,Florestal,125.0,Negligente,0,1,0,0,1.92
AT902330,12741.0,2002,8,23,2002-08-23,19:30:00,2002-08-24,15:30:00,2002-08-23,19:38:00,Setúbal,Alcácer do Sal,Comporta,Açude da Murta,150106,38.400833,-8.714444,149206.0,159456.0,dms_recuperado,312.0,312.0,0.0,0.0,Florestal,630.0,Desconhecida,0,1,0,0,20.0
AT902331,12787.0,2002,8,24,2002-08-24,15:12:00,2002-08-26,23:30:00,2002-08-24,15:24:00,Setúbal,Alcácer do Sal,Alcácer Do Sal (santa Maria Do Castelo),Monte Novo do Sul,150101,38.406944,-8.681389,152099.0,160124.0,dms_recuperado,338.0,338.0,0.0,0.0,Florestal,630.0,Desconhecida,0,1,0,0,56.3
DM90210143,18332.0,2002,8,26,2002-08-26,13:35:00,2002-08-27,23:30:00,,,Aveiro,Oliveira de Azeméis,Loureiro,MINHOTEIRA,11304,40.783333,-8.525278,166892.0,423911.0,dms_recuperado,155.0,155.0,0.0,0.0,Florestal,51.0,Natural,0,1,0,0,33.92
DM3021429,16236.0,2002,8,27,2002-08-27,23:35:00,2002-08-28,06:30:00,2002-08-27,23:35:00,Viana do Castelo,Ponte de Lima,Cepões,CEPÕES,160715,41.825,-8.588333,162175.0,539611.0,dms_recuperado,225.0,79.5,145.5,0.0,Florestal,449.0,Intencional,0,1,0,0,6.92
DM3021452,16287.0,2002,8,28,2002-08-28,12:55:00,2002-08-30,04:15:00,2002-08-28,13:03:00,Viana do Castelo,Viana do Castelo,Vila Franca,Pereiro,160935,41.685,-8.73,150286.0,524140.0,dms_recuperado,350.0,300.0,50.0,0.0,Florestal,127.0,Negligente,0,1,0,0,39.33
DM3021532,16474.0,2002,8,29,2002-08-29,21:50:00,2002-08-30,07:38:00,2002-08-29,21:50:00,Viana do Castelo,Viana do Castelo,Montaria,Pedrulhos,160920,41.814722,-8.755556,148277.0,538579.0,dms_recuperado,375.0,25.0,350.0,0.0,Florestal,125.0,Negligente,0,1,0,0,9.8
DM4022652,16533.0,2002,8,29,2002-08-29,22:15:00,2002-08-30,02:30:00,2002-08-29,23:00:00,Braga,Fafe,Felgueiras,Alto da Crobaceira,30711,41.521389,-8.113056,201657.0,505806.0,dms_recuperado,104.0,3.0,101.0,0.0,Florestal,311.0,Intencional,0,1,0,0,4.25
TM1022780,10925.0,2002,8,30,2002-08-30,14:10:00,2002-09-01,00:10:00,2002-08-30,14:10:00,Viseu,Sernancelhe,Lamosa,Presa Velha \ REG,181811,40.893889,-7.628333,242518.5,436224.5,dms_recuperado,1288.97,653.2,635.77,0.0,Florestal,116.0,Negligente,0,1,0,0,34.0
DM3021576,16565.0,2002,8,30,2002-08-30,17:40:00,2002-09-02,11:40:00,2002-08-30,17:40:00,Viana do Castelo,Ponte da Barca,Britelo,BRITELO,160604,41.836111,-8.289722,186977.0,540769.0,dms_recuperado,1000.0,0.0,1000.0,0.0,Florestal,,,0,1,0,0,66.0
TM2021076,14483.0,2002,8,30,2002-08-30,14:30:00,2002-08-31,11:50:00,,,Bragança,Bragança,Failde,Penacal,40214,41.739444,-6.748889,315149.0,530933.0,dms_recuperado,359.67,86.84,272.83,0.0,Florestal,448.0,Intencional,0,1,0,0,21.33
TM1022760,7479.0,2002,8,30,2002-08-30,18:00:00,2002-08-30,21:30:00,2002-08-30,18:00:00,Vila Real,Chaves,Lama de Arcos,Vila de Frade,170314,41.816667,-7.395278,261297.0,538853.0,dms_recuperado,206.44,16.92,189.52,0.0,Florestal,,,0,1,0,0,3.5
DM3021565,16541.0,2002,8,30,2002-08-30,14:40:00,2002-08-31,01:00:00,2002-08-30,14:40:00,Viana do Castelo,Caminha,Dem,DEM,160209,41.839444,-8.766667,147362.0,541333.0,dms_recuperado,109.38,0.0,109.38,0.0,Florestal,,,0,1,0,0,10.33
BI102899,15769.0,2002,8,31,2002-08-31,13:15:00,2002-09-02,23:20:00,,,Guarda,Manteigas,Sameiro,Fragais _ Ribeira de Sameiro,90801,40.409167,-7.489167,254650.0,382471.0,dms_recuperado,461.0,66.0,395.0,0.0,Florestal,142.0,Negligente,0,1,0,0,58.08
DM90210699,32908.0,2002,8,31,2002-08-31,13:36:00,2002-09-01,01:34:00,,,Braga,Amares,Bouro (Santa Maria),DORNAS,30119,41.657222,-8.258611,189543.0,520904.0,dms_recuperado,256.0,204.0,52.0,0.0,Florestal,,,0,1,0,0,11.97
DM3021613,16628.0,2002,8,31,2002-08-31,09:10:00,2002-08-31,21:35:00,2002-08-31,09:10:00,Viana do Castelo,Caminha,Dem,DEM,160209,41.839444,-8.766667,147362.0,541333.0,dms_recuperado,240.63,0.0,240.63,0.0,Florestal,,,0,1,0,0,12.42
TM2021080,14550.0,2002,8,31,2002-08-31,12:25:00,2002-09-01,10:15:00,2002-08-31,13:00:00,Bragança,Carrazeda de Ansiães,Amedo,AMEDO,40301,41.258611,-7.325,267724.0,476915.0,dms_recuperado,196.49,74.28,122.21,0.0,Florestal,125.0,Negligente,0,1,0,0,21.83
DM90210700,32971.0,2002,8,31,2002-08-31,18:15:00,2002-09-01,07:10:00,,,Braga,Amares,Bouro (Santa Maria),ABADIA,30119,41.674722,-8.26,189426.0,522835.0,dms_recuperado,135.0,74.6,60.4,0.0,Florestal,448.0,Intencional,0,1,0,0,12.92
TM1022830,7552.0,2002,8,31,2002-08-31,22:55:00,2002-09-01,06:50:00,2002-08-31,23:30:00,Vila Real,Montalegre,Reigoso,REIGOSO,170625,41.714444,-7.935278,216452.0,527254.0,dms_recuperado,130.82,63.67,67.15,0.0,Florestal,448.0,Intencional,0,1,0,0,7.92
TM1022827,7549.0,2002,8,31,2002-08-31,22:20:00,2002-09-01,07:48:00,2002-08-31,23:00:00,Vila Real,Montalegre,Ferral,Sacoselo,170609,41.706111,-7.960278,214369.0,526335.0,dms_recuperado,124.0,49.0,75.0,0.0,Florestal,,,0,1,0,0,9.47
BI102873,15846.0,2002,9,1,2002-09-01,05:00:00,2002-09-02,20:05:00,,,Guarda,Seia,Seia,Senhora do Espinheiro,91220,40.413056,-7.6725,239078.0,382818.0,dms_recuperado,360.0,45.0,252.0,63.0,Florestal,449.0,Intencional,0,1,0,0,39.08
DM3021683,16765.0,2002,9,1,2002-09-01,04:20:00,2002-09-02,03:48:00,2002-09-01,04:20:00,Viana do Castelo,Ponte de Lima,Cabração,CABRAÇÃO,160712,41.832778,-8.649444,157103.0,540517.0,dms_recuperado,224.0,95.0,129.0,0.0,Florestal,449.0,Intencional,0,1,0,0,23.47
BI102871,15843.0,2002,9,1,2002-09-01,03:47:00,2002-09-01,18:45:00,,,Guarda,Celorico da Beira,Linhares,Quintãs,90308,40.556667,-7.456944,257248.0,398895.0,dms_recuperado,221.0,15.0,206.0,0.0,Florestal,,,0,1,0,0,14.97
TM2021125,15929.0,2002,9,1,2002-09-01,23:20:00,2002-09-02,14:20:00,,,Guarda,Vila Nova De Foz Côa,Almendra,ALMENDRA,91401,40.999167,-7.053889,290802.0,448348.0,dms_recuperado,220.69,0.0,220.69,0.0,Florestal,,,0,1,0,0,15.0
TM2021177,15888.0,2002,9,1,2002-09-01,14:16:00,2002-09-02,14:20:00,,,Guarda,Vila Nova De Foz Côa,Castelo Melhor,CASTELO MELHOR,91402,41.025556,-7.065,289820.0,451283.0,dms_recuperado,119.56,0.0,119.56,0.0,Florestal,,,0,1,0,0,24.07
TM1022889,7638.0,2002,9,2,2002-09-02,14:45:00,2002-09-03,05:30:00,2002-09-02,14:45:00,Vila Real,Chaves,Cimo De Vila Da Castanheira,CIMO DE VILA DA CASTANHEIRA,170309,41.795278,-7.255833,272898.0,536590.0,dms_recuperado,222.61,222.61,0.0,0.0,Florestal,312.0,Negligente,0,1,0,0,14.75
TM1022912,10114.0,2002,9,2,2002-09-02,20:26:00,2002-09-03,08:50:00,2002-09-02,20:50:00,Vila Real,Alijó,Pegarinhos,Codeceira,170108,41.343889,-7.426944,259095.0,486333.0,dms_recuperado,187.13,175.22,11.91,0.0,Florestal,125.0,Negligente,0,1,0,0,12.4
TM2021136,14693.0,2002,9,2,2002-09-02,09:58:00,2002-09-03,00:00:00,2002-09-02,10:30:00,Bragança,Torre de Moncorvo,Cabeça Boa,Cabanas de Baixo,40903,41.186111,-7.121667,284854.0,469064.0,dms_recuperado,138.3,4.95,119.94,13.41,Florestal,125.0,Negligente,0,1,0,0,14.03
TM1022932,11177.0,2002,9,3,2002-09-03,12:43:00,2002-09-04,18:28:00,2002-09-03,12:43:00,Viseu,Tarouca,Várzea da Serra,Santa Bárbara \ CAP,182009,40.991944,-7.817778,226518.0,447053.0,dms_recuperado,236.93,0.0,236.93,0.0,Florestal,115.0,Negligente,0,1,0,0,29.75
TM1022998,10195.0,2002,9,4,2002-09-04,13:29:00,2002-09-05,02:00:00,2002-09-04,13:40:00,Vila Real,Alijó,Vila Verde,Souto de Escarão,170117,41.383056,-7.587222,245654.0,490590.0,dms_recuperado,781.91,54.01,727.9,0.0,Florestal,125.0,Negligente,0,1,0,0,12.52
BI102934,16128.0,2002,9,4,2002-09-04,13:40:00,2002-09-05,00:15:00,2002-09-04,13:40:00,Guarda,Guarda,Avelãs de Ambom,AVELÃS DE AMBOM,90707,40.616667,-7.244167,275204.0,405710.0,dms_recuperado,157.0,15.5,121.5,20.0,Florestal,449.0,Intencional,0,1,0,0,10.58
BI102966,16301.0,2002,9,6,2002-09-06,15:05:00,2002-09-07,01:30:00,,,Guarda,Guarda,Adão,ADÃO \ SF,90701,40.458889,-7.166944,281941.0,388262.0,dms_recuperado,150.0,51.0,60.0,39.0,Florestal,630.0,Desconhecida,0,1,0,0,10.42
BI1021076,16827.0,2002,9,13,2002-09-13,00:00:00,2002-09-13,19:10:00,,,Guarda,Celorico da Beira,Maçal do Chão,Maçal do Chão,90309,40.695,-7.305833,269915.0,414353.0,dms_recuperado,240.0,5.0,235.0,0.0,Florestal,,,0,1,0,0,19.17
BL10330,8864.0,2003,5,27,2003-05-27,11:15:00,2003-05-29,17:30:00,,,Guarda,Aguiar da Beira,Cortiçada,Cavaca,90103,40.761389,-7.574167,247183.0,421556.0,dms_recuperado,100.0,90.0,10.0,0.0,Florestal,60.0,Desconhecida,0,1,0,0,54.25
AT90366,15669.0,2003,5,28,2003-05-28,14:34:00,2003-05-29,00:55:00,2003-05-28,14:37:00,Beja,Ourique,Panóias,Torre Vã,21204,37.831389,-8.36,180016.0,96123.0,dms_recuperado,140.0,140.0,0.0,0.0,Florestal,630.0,Desconhecida,0,1,0,0,10.35
DM3032375,8616.0,2003,5,30,2003-05-30,14:31:00,2003-05-31,12:40:00,2003-05-30,14:50:00,Viana do Castelo,Viana do Castelo,Meixedo,Balteiro,160918,41.7575,-8.703333,152575.0,532195.0,dms_recuperado,330.0,320.0,10.0,0.0,Florestal,311.0,Intencional,0,1,0,0,22.15
AT90383,16873.0,2003,6,8,2003-06-08,17:45:00,2003-06-08,20:40:00,2003-06-08,17:50:00,Beja,Aljustrel,Messejana,MONTE MURALHAS,20103,37.820833,-8.215,192780.0,94922.0,dms_recuperado,310.0,96.5,0.0,213.5,Florestal,227.0,Negligente,0,1,0,0,2.92
AT90331,11872.0,2003,6,9,2003-06-09,18:20:00,2003-06-11,18:15:00,2003-06-09,18:24:00,Portalegre,Marvão,Beirã,Cavalinha,121001,39.457222,-7.358333,266666.0,276866.0,dms_recuperado,110.0,33.5,76.5,0.0,Florestal,212.0,Negligente,0,1,0,0,47.92
AT90315,8330.0,2003,6,12,2003-06-12,14:20:00,2003-06-13,05:50:00,2003-06-12,14:30:00,Setúbal,Grândola,Azinheira Dos Barros E São Mamede Do Sádão,Monte da Bela Vista,150501,38.056667,-8.428056,174092.0,121141.0,dms_recuperado,376.0,226.0,0.0,150.0,Florestal,610.0,Desconhecida,0,1,0,0,15.5
RO10379,12884.0,2003,6,12,2003-06-12,14:00:00,2003-06-13,02:25:00,,,Santarém,Salvaterra de Magos,Marinhais,MARINHAIS,141502,39.048056,-8.705278,150449.0,231305.0,dms_recuperado,192.0,160.0,0.0,32.0,Florestal,610.0,Desconhecida,0,1,0,0,12.42
TM203119,8435.0,2003,6,12,2003-06-12,15:25:00,2003-06-13,02:10:00,,,Bragança,Torre de Moncorvo,Açoreira,Sequeiros,40901,41.1475,-7.080556,288352.0,464796.0,dms_recuperado,110.0,0.0,74.5,35.5,Florestal,125.0,Negligente,0,1,0,0,10.75
BL9031094,13732.0,2003,6,13,2003-06-13,14:40:00,2003-06-18,21:00:00,,,Leiria,Pedrógão Grande,Pedrógão Grande,Gravito,101302,39.922222,-8.188056,195280.0,328219.0,dms_recuperado,635.0,625.0,10.0,0.0,Florestal,448.0,Intencional,0,1,0,0,126.33
BL9031093,13729.0,2003,6,13,2003-06-13,14:37:00,2003-06-15,01:10:00,,,Leiria,Alvaiázere,Pussos,Aveleira,100206,39.813611,-8.358333,180711.0,316173.0,dms_recuperado,129.0,116.0,13.0,0.0,Florestal,132.0,Negligente,0,1,0,0,34.55
AT90386,18608.0,2003,6,18,2003-06-18,15:24:00,2003-06-19,03:15:00,2003-06-18,15:30:00,Beja,Mértola,Mértola,Barranco da Lage,20904,37.659722,-7.641944,243316.0,77146.0,dms_recuperado,585.0,14.0,266.0,305.0,Florestal,610.0,Desconhecida,0,1,0,0,11.85
AT903116,16908.0,2003,6,18,2003-06-18,14:45:00,2003-06-18,23:00:00,2003-06-18,14:50:00,Évora,Évora,Torre de Coelheiros,Monte do Barrocal,70513,38.3625,-7.925,218184.0,155081.0,dms_recuperado,338.78,19.88,0.0,318.9,Florestal,221.0,Negligente,0,1,0,0,8.25
AG103292,21757.0,2003,6,19,2003-06-19,12:08:00,2003-06-20,15:08:00,2003-06-19,12:08:00,Faro,Vila do Bispo,Budens,BUDENS,81502,37.086944,-8.831389,137890.0,13695.0,dms_recuperado,997.8,162.9,618.2,216.7,Florestal,132.0,Negligente,0,1,0,0,27.0
DM2039628,13149.0,2003,6,19,2003-06-19,01:50:00,2003-06-21,04:00:00,2003-06-19,02:00:00,Porto,Paredes,Recarei,BUSTELO,131019,41.148333,-8.446389,173683.0,464423.0,dms_recuperado,792.0,792.0,0.0,0.0,Florestal,,,0,1,0,0,50.17
DM9032002,13149.0,2003,6,19,2003-06-19,01:50:00,2003-06-21,04:00:00,2003-06-19,02:00:00,Porto,Paredes,Recarei,BUSTELO,131019,41.148333,-8.446389,173683.0,464423.0,dms_recuperado,792.0,792.0,0.0,0.0,Florestal,,,1,1,0,0,50.17
BL9031213,14318.0,2003,6,19,2003-06-19,13:22:00,2003-06-20,17:00:00,,,Leiria,Porto de Mós,Mira de Aire,Covão da Carvalha,101608,39.558611,-8.734722,148277.0,288010.0,dms_recuperado,566.0,21.0,545.0,0.0,Florestal,211.0,Negligente,0,1,0,0,27.63
RO103101,13504.0,2003,6,19,2003-06-19,14:48:00,2003-06-20,01:10:00,,,Santarém,Coruche,Erra,Monte do Tufo,140906,39.026389,-8.440278,173383.0,228802.0,dms_recuperado,267.0,202.0,45.0,20.0,Florestal,6.0,Desconhecida,0,1,0,0,10.37
DM2039693,45430.0,2003,6,19,2003-06-19,08:41:00,2003-06-19,16:00:00,2003-06-19,08:50:00,Porto,Gondomar,São Pedro da Cova,ESTRADA D.MIGUEL,130410,41.173611,-8.518056,167680.0,467256.0,dms_recuperado,200.0,200.0,0.0,0.0,Florestal,,,0,1,0,0,7.32
DM90310130,45430.0,2003,6,19,2003-06-19,08:41:00,2003-06-19,16:00:00,2003-06-19,08:50:00,Porto,Gondomar,São Pedro da Cova,ESTRADA D.MIGUEL,130410,41.173611,-8.518056,167680.0,467256.0,dms_recuperado,200.0,200.0,0.0,0.0,Florestal,,,0,1,0,0,7.32
BL9031247,17171.0,2003,6,19,2003-06-19,12:50:00,2003-06-22,00:55:00,,,Viseu,Viseu,São Salvador,Picoto Paradinha,182330,40.638611,-7.933889,216841.0,407768.0,dms_recuperado,154.0,54.0,100.0,0.0,Florestal,449.0,Intencional,0,1,0,0,60.08
BI10343,10336.0,2003,6,20,2003-06-20,11:13:00,2003-06-20,22:45:00,,,Guarda,Guarda,Rocamondo,Rocamundo,90736,40.627222,-7.262778,273633.0,406854.0,dms_recuperado,205.7,103.0,102.7,0.0,Florestal,212.0,Negligente,0,1,0,0,11.53
RO103244,16436.0,2003,6,20,2003-06-20,14:37:00,2003-06-21,03:48:00,,,Santarém,Tomar,Sabacheira,Vale dos Ovos,141814,39.641667,-8.478333,170359.0,297120.0,dms_recuperado,187.0,145.0,42.0,0.0,Florestal,152.0,Negligente,0,1,0,0,13.18
AT90374,18227.0,2003,6,20,2003-06-20,13:50:00,2003-06-21,16:15:00,2003-06-20,13:53:00,Beja,Odemira,São Luís,Ameixeira,21106,37.690556,-8.655,153957.0,80598.0,dms_recuperado,186.0,160.0,26.0,0.0,Florestal,630.0,Desconhecida,0,1,0,0,26.42
AG103294,22006.0,2003,6,20,2003-06-20,15:08:00,2003-06-22,19:30:00,2003-06-20,15:08:00,Faro,Vila do Bispo,Raposeira,Samouqueiro,81503,37.111667,-8.896389,132140.0,16498.0,dms_recuperado,120.2,44.2,75.0,1.0,Florestal,,,1,1,0,0,52.37
DM9032220,13477.0,2003,6,21,2003-06-21,12:45:00,2003-06-21,19:00:00,2003-06-21,12:50:00,Porto,Paredes,Recarei,Bustelo,131019,41.148333,-8.446389,173683.0,464423.0,dms_recuperado,436.1,365.4,70.7,0.0,Florestal,448.0,Intencional,1,1,0,0,6.25
BI10345,10465.0,2003,6,21,2003-06-21,17:40:00,2003-06-22,00:00:00,,,Guarda,Seia,Vide,VIDE,91227,40.295278,-7.783889,229690.0,369706.0,dms_recuperado,320.0,320.0,0.0,0.0,Florestal,449.0,Intencional,0,1,0,0,6.33
DM9032262,46339.0,2003,6,21,2003-06-21,17:36:00,2003-06-21,18:36:00,2003-06-21,17:45:00,Porto,Gondomar,Foz do Sousa,LG.SERRA DO CASTIÇAL,130403,41.130833,-8.474722,171312.0,462489.0,dms_recuperado,314.6,263.6,51.0,0.0,Florestal,448.0,Intencional,1,1,0,0,1.0
DM9032244,46136.0,2003,6,21,2003-06-21,03:00:00,2003-06-21,21:10:00,2003-06-21,03:20:00,Porto,Valongo,Campo,Serra das Pias,131502,41.150278,-8.466389,172004.0,464624.0,dms_recuperado,196.6,164.7,31.9,0.0,Florestal,448.0,Intencional,1,1,0,0,18.17
BI203100614,13704.0,2003,6,23,2003-06-23,15:07:00,2003-06-23,23:25:00,,,Castelo Branco,Idanha-a-Nova,Segura,SEGURA (Cabeço da Mina),50515,39.826111,-6.979167,298768.0,318192.0,dms_recuperado,280.0,64.0,0.0,216.0,Florestal,630.0,Desconhecida,0,1,0,0,8.3
BI203100680,16969.0,2003,6,25,2003-06-25,15:31:00,2003-06-29,21:02:00,,,Santarém,Mação,Mação,Caratão,141306,39.588611,-7.970556,213944.0,291192.0,dms_recuperado,708.12,707.12,0.0,1.0,Florestal,227.0,Negligente,0,1,0,0,101.52
BI10367,10803.0,2003,6,26,2003-06-26,15:43:00,2003-06-26,16:47:00,,,Guarda,Sabugal,Cerdeira,Santo amaro,91113,40.54,-7.073056,289805.0,397340.0,dms_recuperado,203.4,15.4,0.0,188.0,Florestal,,,0,1,0,0,1.07
BI10384,10800.0,2003,6,26,2003-06-26,14:42:00,2003-06-26,17:01:00,,,Guarda,Pinhel,Lamegal,Lajinhas,91012,40.670278,-7.1075,286701.0,411793.0,dms_recuperado,203.0,162.0,31.0,10.0,Florestal,125.0,Negligente,0,1,0,0,2.32
BI10383,10761.0,2003,6,26,2003-06-26,08:35:00,2003-06-26,22:30:00,,,Guarda,Guarda,Carvalhal Meão,Alto do Barrocal,90710,40.432222,-7.126667,285393.0,385326.0,dms_recuperado,129.0,30.0,99.0,0.0,Florestal,125.0,Negligente,0,1,0,0,13.92
BI1031018,4.0,2003,6,26,2003-06-26,15:43:00,2003-06-26,16:47:00,,,Guarda,Almeida,Parada,PARADA,90221,40.539444,-7.036389,292900.0,397314.0,dms_recuperado,101.6,7.6,0.0,94.0,Florestal,,,0,1,0,0,1.07
BI203100681,16969.0,2003,6,27,2003-06-27,13:47:00,2003-06-29,21:02:00,,,Santarém,Mação,Envendos,Vale da Mua,141305,39.590833,-7.920556,218241.0,291426.0,dms_recuperado,433.43,433.43,0.0,0.0,Florestal,,,1,1,0,0,55.25
AG103310,23035.0,2003,6,27,2003-06-27,11:46:00,2003-06-29,01:50:00,2003-06-27,11:46:00,Faro,Portimão,Mexilhoeira Grande,Vale das Eiras,81102,37.223056,-8.611667,157519.0,28704.0,dms_recuperado,186.3,81.33,104.97,0.0,Florestal,60.0,Desconhecida,0,1,0,0,38.07
AT90392,19167.0,2003,6,28,2003-06-28,16:57:00,2003-06-29,03:00:00,2003-06-28,17:00:00,Beja,Mértola,Mértola,MÉRTOLA,20904,37.640556,-7.660556,241704.0,75038.0,dms_recuperado,442.0,13.0,120.0,309.0,Florestal,222.0,Negligente,0,1,0,0,10.05
BI203100682,16969.0,2003,6,28,2003-06-28,17:00:00,2003-06-29,21:02:00,,,Santarém,Mação,Envendos,Vilar da Lapa,141305,39.575,-7.908333,219298.0,289694.0,dms_recuperado,291.25,290.25,0.0,1.0,Florestal,,,1,1,0,0,28.03
BI10387,10926.0,2003,6,28,2003-06-28,09:00:00,2003-06-28,23:30:00,,,Guarda,Mêda,Outeiro de Gatos,Quinta do covelo,90910,40.970833,-7.293611,270646.0,445000.0,dms_recuperado,129.0,61.0,58.0,10.0,Florestal,630.0,Desconhecida,0,1,0,0,14.5
AT903113,19936.0,2003,7,5,2003-07-05,16:15:00,2003-07-05,22:35:00,2003-07-05,16:21:00,Beja,Beja,Cabeça Gorda,Monte das Contendas,20504,37.887778,-7.851111,224793.0,102388.0,dms_recuperado,270.0,270.0,0.0,0.0,Florestal,222.0,Negligente,0,1,0,0,6.33
AT903145,18776.0,2003,7,5,2003-07-05,16:00:00,2003-07-05,21:00:00,2003-07-05,16:05:00,Évora,Arraiolos,São Gregório,Mendo Marco de Cima,70204,38.772222,-7.901389,220116.0,200550.0,dms_recuperado,125.41,15.1,0.0,110.31,Florestal,222.0,Negligente,0,1,0,0,5.0
AT903117,14090.0,2003,7,7,2003-07-07,16:10:00,2003-07-07,22:10:00,2003-07-07,16:17:00,Portalegre,Castelo de Vide,São João Baptista,Meleira,120504,39.38,-7.576389,247949.0,268162.0,dms_recuperado,114.0,92.5,21.5,0.0,Florestal,152.0,Negligente,0,1,0,0,6.0
AG103330,24772.0,2003,7,8,2003-07-08,13:57:00,2003-07-09,01:30:00,2003-07-08,13:57:00,Faro,Castro Marim,Odeleite,Fortes,80403,37.346667,-7.613333,246045.0,42432.0,dms_recuperado,172.0,17.0,155.0,0.0,Florestal,311.0,Intencional,0,1,0,0,11.55
TM903164,11754.0,2003,7,9,2003-07-09,15:05:00,2003-07-10,01:40:00,,,Guarda,Vila Nova De Foz Côa,Seixas,SEIXAS,91415,41.112222,-7.25,274165.0,460745.0,dms_recuperado,152.0,0.0,150.0,2.0,Florestal,,,0,1,0,0,10.58
RO103836,18417.0,2003,7,9,2003-07-09,14:37:00,2003-07-10,04:00:00,,,Santarém,Ferreira do Zêzere,Ferreira do Zêzere,Carvalhais,141106,39.664722,-8.285833,186886.0,299631.0,dms_recuperado,116.0,106.0,0.0,10.0,Florestal,441.0,Intencional,0,1,0,0,13.38
AT903123,14338.0,2003,7,10,2003-07-10,12:25:00,2003-07-11,03:50:00,2003-07-10,12:30:00,Portalegre,Castelo de Vide,Santiago Maior,Cana Flecha,120503,39.4575,-7.508333,253770.0,276786.0,dms_recuperado,274.375,7.5,66.0,200.875,Florestal,224.0,Negligente,0,1,0,0,15.42
BI103180,11848.0,2003,7,10,2003-07-10,17:27:00,2003-07-11,23:30:00,2003-07-10,17:27:00,Guarda,Guarda,Ramela,Aldeia Nova,90734,40.468611,-7.258889,274137.0,389250.0,dms_recuperado,125.5,62.0,63.5,0.0,Florestal,,,0,1,0,0,30.05
AG103348,25094.0,2003,7,10,2003-07-10,15:01:00,2003-07-12,19:50:00,2003-07-10,15:01:00,Faro,Monchique,Alferce,Fornalha,80901,37.299444,-8.509722,166594.0,37120.0,dms_recuperado,122.0,24.0,98.0,0.0,Florestal,60.0,Desconhecida,0,1,0,0,52.82
BI203100705,15092.0,2003,7,10,2003-07-10,17:26:00,2003-07-10,22:00:00,,,Castelo Branco,Idanha-a-Nova,Zebreira,ZEBREIRA,50517,39.843333,-7.069722,290992.0,319987.0,dms_recuperado,101.0,101.0,0.0,0.0,Florestal,630.0,Desconhecida,0,1,0,0,4.57
BI103207,11999.0,2003,7,12,2003-07-12,14:54:00,2003-07-12,20:30:00,,,Guarda,Guarda,Vila Fernando,Mouzinho -Vila Mendo,90751,40.484444,-7.168333,281795.0,391100.0,dms_recuperado,116.5,18.0,75.5,23.0,Florestal,630.0,Desconhecida,0,1,0,0,5.6
TM20353,10432.0,2003,7,13,2003-07-13,23:15:00,2003-07-14,01:30:00,2003-07-14,00:35:00,Bragança,Bragança,Aveleda,Eiras,40202,41.915833,-6.665556,321743.0,550663.0,dms_recuperado,237.0,62.0,175.0,0.0,Florestal,142.0,Negligente,0,1,0,0,2.25
TM203137,10487.0,2003,7,14,2003-07-14,16:20:00,2003-07-15,01:35:00,,,Bragança,Torre de Moncorvo,Felgueiras,CORISCOS,40908,41.166667,-7.018056,293566.0,466987.0,dms_recuperado,157.0,0.5,156.5,0.0,Florestal,125.0,Negligente,0,1,0,0,9.25
AT903149,21304.0,2003,7,17,2003-07-17,15:30:00,2003-07-17,22:00:00,2003-07-17,15:35:00,Beja,Alvito,Vila Nova da Baronia,Vila Nova da Baronia,20302,38.294167,-8.035278,208537.0,147479.0,dms_recuperado,803.0,465.0,0.0,338.0,Florestal,212.0,Negligente,0,1,0,0,6.5
RO1031444,19336.0,2003,7,18,2003-07-18,14:50:00,2003-07-19,03:12:00,,,Santarém,Abrantes,Bemposta,Água Branca de Baixo,140104,39.291667,-8.100833,202765.0,258202.0,dms_recuperado,146.0,131.0,15.0,0.0,Florestal,212.0,Negligente,0,1,0,0,12.37
BI203100767,19463.0,2003,7,19,2003-07-19,19:30:00,2003-07-23,22:09:00,,,Santarém,Mação,Cardigos,Azinhal,141303,39.695278,-8.040556,207915.0,303017.0,dms_recuperado,3840.0,3498.0,300.0,42.0,Florestal,,,0,1,0,0,98.65
BI203100768,15892.0,2003,7,19,2003-07-19,15:04:00,2003-07-26,00:15:00,,,Castelo Branco,Vila de Rei,Fundada,Cabeça do Poço,51001,39.721944,-8.125,200676.0,305985.0,dms_recuperado,3284.0,3270.0,0.0,14.0,Florestal,630.0,Desconhecida,0,1,0,0,153.18
BI203100756,15886.0,2003,7,19,2003-07-19,14:12:00,2003-07-24,00:00:00,,,Castelo Branco,Sertã,Cumeada,Chão da Telha,50905,39.752778,-8.121389,201002.0,309415.0,dms_recuperado,2052.0,2037.0,0.0,15.0,Florestal,448.0,Intencional,0,1,0,0,105.8
TM903170,12609.0,2003,7,20,2003-07-20,10:55:00,2003-07-20,21:30:00,,,Guarda,Vila Nova De Foz Côa,Santa Comba,SANTA COMBA,91412,40.954444,-7.146111,283096.0,443308.0,dms_recuperado,354.0,0.0,354.0,0.0,Florestal,,,0,1,0,0,10.58
TM203269,11068.0,2003,7,22,2003-07-22,11:45:00,2003-07-22,13:00:00,,,Bragança,Carrazeda de Ansiães,Selores,SELORES,40317,41.199167,-7.291667,270562.0,470369.0,dms_recuperado,107.0,12.0,86.0,9.0,Florestal,,,0,1,0,0,1.25
RO1031602,105493.0,2003,7,23,2003-07-23,15:57:00,2003-07-24,06:15:00,,,Lisboa,Sintra,Algueirão-Mem Martins,Telhal,111102,38.809167,-9.3025,98418.0,205293.0,dms_recuperado,174.0,61.5,112.5,0.0,Florestal,630.0,Desconhecida,0,1,0,0,14.3
AT903193,20933.0,2003,7,25,2003-07-25,14:25:00,2003-07-25,21:00:00,2003-07-25,14:30:00,Évora,Évora,São Vicente do Pigeiro,Monte da Cega,70511,38.453889,-7.685278,239088.0,165279.0,dms_recuperado,153.64,35.45,0.0,118.19,Florestal,630.0,Desconhecida,0,1,0,0,6.58
BI203100799,16557.0,2003,7,27,2003-07-27,15:20:00,2003-08-05,19:30:00,,,Castelo Branco,Fundão,Silvares,Vale Porenço,50424,40.126111,-7.663611,240011.0,350964.0,dms_recuperado,3675.0,2839.0,799.0,37.0,Florestal,630.0,Desconhecida,1,1,0,0,220.17
BI103314,13188.0,2003,7,27,2003-07-27,13:25:00,2003-07-27,23:35:00,,,Guarda,Almeida,Amoreira,Ferreirinha,90204,40.577778,-6.996111,296262.0,401636.0,dms_recuperado,147.0,63.0,30.0,54.0,Florestal,124.0,Negligente,0,1,0,0,10.17
BI203100808,16595.0,2003,7,28,2003-07-28,02:30:00,2003-08-02,05:30:00,,,Castelo Branco,Castelo Branco,Almaceda,Ribeira de Eiras,50202,39.981111,-7.657778,240587.0,334854.0,dms_recuperado,5265.0,4660.0,450.0,155.0,Florestal,630.0,Desconhecida,0,1,0,0,123.0
BI203100817,16659.0,2003,7,28,2003-07-28,16:02:00,2003-07-31,14:00:00,,,Castelo Branco,Castelo Branco,Alcains,Quinta da Espadaneira,50201,39.888333,-7.443333,258995.0,324666.0,dms_recuperado,930.0,73.0,0.0,857.0,Florestal,38.0,Intencional,1,1,0,0,69.97
BI203100849,16778.0,2003,7,29,2003-07-29,19:20:00,2003-08-03,19:54:00,,,Castelo Branco,Oleiros,Orvalho,Adgiraldo,50609,40.015833,-7.713056,235855.0,338698.0,dms_recuperado,9018.0,8283.0,735.0,0.0,Florestal,,,0,1,0,0,120.57
TM103773,8754.0,2003,7,29,2003-07-29,12:10:00,2003-07-30,01:00:00,2003-07-29,12:20:00,Viseu,Armamar,São Cosmado,Contim,180114,41.041389,-7.639444,241509.0,452593.0,dms_recuperado,271.0,151.0,120.0,0.0,Florestal,311.0,Intencional,0,1,0,0,12.83
AG103380,28394.0,2003,7,29,2003-07-29,12:30:00,2003-07-30,18:41:00,2003-07-29,12:34:00,Faro,Silves,São Bartolomeu de Messines,Cardasos de Cima,81305,37.264444,-8.358333,179997.0,33215.0,dms_recuperado,182.0,100.0,82.0,0.0,Florestal,448.0,Intencional,0,1,0,0,30.18
BL103297,21787.0,2003,7,29,2003-07-29,10:48:00,2003-07-30,02:29:00,,,Viseu,Mangualde,Mangualde,São Cosmado,180610,40.611667,-7.7825,229660.0,404829.0,dms_recuperado,136.0,94.0,42.0,0.0,Florestal,444.0,Intencional,0,1,0,0,15.68
AT903251,15997.0,2003,7,30,2003-07-30,15:07:00,2003-07-31,00:10:00,2003-07-30,15:11:00,Portalegre,Nisa,São Matias,Falagueira,121208,39.537778,-7.748056,233087.0,285589.0,dms_recuperado,17869.357,11948.426,2452.0,3468.931,Florestal,449.0,Intencional,0,1,0,0,9.05
BI203100848,16847.0,2003,7,30,2003-07-30,16:27:00,2003-08-08,08:00:00,,,Castelo Branco,Vila de Rei,Fundada,Vilar do Ruivo,51001,39.743889,-8.180556,195915.0,308400.0,dms_recuperado,9120.0,8670.0,50.0,400.0,Florestal,630.0,Desconhecida,0,1,0,0,207.55
RO1032555,20496.0,2003,7,30,2003-07-30,11:43:00,2003-07-30,22:15:00,,,Santarém,Ourém,Alburitel,ALBURITEL,142101,39.646389,-8.522778,166538.0,297671.0,dms_recuperado,1100.0,275.0,825.0,0.0,Florestal,448.0,Intencional,0,1,0,0,10.53
RO1031965,16800.0,2003,7,30,2003-07-30,18:00:00,2003-08-02,17:10:00,,,Santarém,Santarém,Amiais de Baixo,AMIAIS DE BAIXO,141607,39.442778,-8.733889,148278.0,275161.0,dms_recuperado,780.0,47.0,265.0,468.0,Florestal,630.0,Desconhecida,0,1,0,0,71.17
BI203100847,16844.0,2003,7,30,2003-07-30,15:31:00,2003-07-31,06:50:00,,,Castelo Branco,Sertã,Palhais,Lameira dos Reis (Trízio),50910,39.738611,-8.223889,192217.0,307834.0,dms_recuperado,772.0,722.0,10.0,40.0,Florestal,,,0,1,0,0,15.32
BI103361,13430.0,2003,7,30,2003-07-30,12:04:00,2003-08-04,19:10:00,2003-07-30,12:10:00,Guarda,Gouveia,Lagarinhos,Rio Torto,90607,40.515278,-7.662222,239902.0,394171.0,dms_recuperado,347.0,241.0,64.0,42.0,Florestal,448.0,Intencional,0,1,0,0,127.1
RO1032562,20529.0,2003,7,30,2003-07-30,15:38:00,2003-08-01,16:40:00,,,Santarém,Alcanena,Malhou,MALHOU,140205,39.423889,-8.6825,152692.0,273035.0,dms_recuperado,300.0,300.0,0.0,0.0,Florestal,,,0,1,0,0,49.03
AT903252,16064.0,2003,7,31,2003-07-31,14:15:00,2003-08-04,23:00:00,2003-07-31,14:21:00,Portalegre,Castelo de Vide,São João Baptista,Tapada das Balsas,120504,39.408333,-7.4725,256882.0,271374.0,dms_recuperado,8700.0,2554.68,6145.32,0.0,Florestal,227.0,Negligente,0,1,0,0,104.75
AT903254,16074.0,2003,7,31,2003-07-31,14:42:00,2003-08-11,10:00:00,2003-07-31,14:45:00,Portalegre,Nisa,Montalvão,MONTE QUEIMADO,121205,39.558333,-7.5725,248166.0,287956.0,dms_recuperado,8279.0,2427.5,5851.5,0.0,Florestal,152.0,Negligente,0,1,0,0,259.3
BI103393,13555.0,2003,7,31,2003-07-31,13:56:00,2003-08-03,05:10:00,2003-07-31,13:59:00,Guarda,Figueira de Castelo Rodrigo,Freixeda do Torrão,Penha de Águia,90409,40.876944,-7.031944,292802.0,434816.0,dms_recuperado,1650.0,665.0,685.0,300.0,Florestal,630.0,Desconhecida,0,1,0,0,63.23
BI103388,13546.0,2003,7,31,2003-07-31,13:07:00,2003-08-01,08:10:00,2003-07-31,13:07:00,Guarda,Celorico da Beira,Linhares,Lage de Besteiro,90308,40.54,-7.471667,256024.0,397033.0,dms_recuperado,865.0,25.0,604.0,236.0,Florestal,448.0,Intencional,0,1,0,0,19.05
RO1032939,20665.0,2003,7,31,2003-07-31,19:10:00,2003-08-05,17:50:00,,,Santarém,Sardoal,Santiago de Montalegre,Codes,141702,39.615833,-8.151667,198398.0,294191.0,dms_recuperado,528.0,528.0,0.0,0.0,Florestal,,,0,1,0,0,118.67
AT903181,23008.0,2003,7,31,2003-07-31,10:30:00,2003-08-01,15:55:00,2003-07-31,10:36:00,Beja,Ourique,Santana da Serra,SANTANA DA SERRA,21206,37.5,-8.3,185218.0,59341.0,dms_recuperado,296.0,0.0,296.0,0.0,Florestal,51.0,Natural,0,1,0,0,29.42
BI103407,13597.0,2003,7,31,2003-07-31,20:30:00,2003-08-01,23:00:00,2003-07-31,20:30:00,Guarda,Sabugal,Pousafoles do Bispo,ribeira do freixal,91122,40.435,-7.182778,280635.0,385591.0,dms_recuperado,204.0,25.0,93.0,86.0,Florestal,,,0,1,0,0,26.5
BI103397,13570.0,2003,7,31,2003-07-31,15:15:00,2003-08-03,10:55:00,2003-07-31,15:15:00,Guarda,Gouveia,Vinhó,Quinta das Corgas,90622,40.494444,-7.643333,241514.0,391863.0,dms_recuperado,115.0,80.0,17.0,18.0,Florestal,448.0,Intencional,0,1,0,0,67.67
AT903197,16208.0,2003,8,1,2003-08-01,15:43:00,2003-08-06,15:43:00,2003-08-01,15:45:00,Portalegre,Gavião,Belver,BELVER,120902,39.498611,-7.951667,215606.0,281210.0,dms_recuperado,20087.46,12417.76,1994.05,5675.65,Florestal,,,0,1,0,0,120.0
BI203100866,17015.0,2003,8,1,2003-08-01,13:15:00,2003-08-12,20:00:00,,,Castelo Branco,Proença-a-Nova,Sobreira Formosa,Froia,50806,39.783889,-7.832778,225709.0,312901.0,dms_recuperado,13500.0,12720.0,200.0,580.0,Florestal,,,0,1,0,0,270.75
BI203100881,17083.0,2003,8,1,2003-08-01,22:50:00,2003-08-12,20:00:00,,,Castelo Branco,Oleiros,Isna,ISNA,50605,39.842222,-7.860556,223325.0,319355.0,dms_recuperado,11300.0,10500.0,300.0,500.0,Florestal,,,0,1,0,0,261.17
AT903244,16213.0,2003,8,1,2003-08-01,21:00:00,2003-08-11,00:00:00,2003-08-01,21:05:00,Portalegre,Portalegre,Alegrete,Cabroeira,121402,39.266111,-7.270278,274462.0,255723.0,dms_recuperado,6221.18,3382.32,1609.015,1229.845,Florestal,51.0,Natural,0,1,0,0,219.0
BI103422,13669.0,2003,8,1,2003-08-01,15:58:00,2003-08-06,16:30:00,,,Guarda,Guarda,Famalicão,FAMALICÃO,90717,40.443611,-7.378889,263976.0,386373.0,dms_recuperado,5140.0,873.8,3000.0,1266.2,Florestal,51.0,Natural,0,1,0,0,120.53
AT903256,16153.0,2003,8,1,2003-08-01,12:55:00,2003-08-07,09:00:00,2003-08-01,13:00:00,Portalegre,Marvão,Santo António das Areias,Ponte Velha,121003,39.383333,-7.350556,267400.0,268665.0,dms_recuperado,4436.82,1724.533,2090.87,621.417,Florestal,,,0,1,0,0,140.08
BL2031474,21704.0,2003,8,1,2003-08-01,13:40:00,2003-08-08,02:00:00,,,Coimbra,Pampilhosa da Serra,Machio,Machio de Baixo,61205,40.010556,-8.03,208795.0,338023.0,dms_recuperado,2059.0,1956.05,61.77,41.18,Florestal,211.0,Negligente,0,1,0,0,156.33
AT903185,21745.0,2003,8,1,2003-08-01,15:45:00,2003-08-02,21:15:00,2003-08-01,15:50:00,Évora,Arraiolos,São Gregório,Lajes,70204,38.819444,-7.929167,217703.0,205810.0,dms_recuperado,1817.37,1422.45,50.94,343.98,Florestal,610.0,Desconhecida,0,1,0,0,29.5
BL103423,13663.0,2003,8,1,2003-08-01,15:15:00,2003-08-08,16:16:00,,,Guarda,Aguiar da Beira,Aguiar da Beira,Fonte Arcadinha,90101,40.822222,-7.52,251708.0,428325.0,dms_recuperado,1222.0,422.0,800.0,0.0,Florestal,133.0,Negligente,0,1,0,0,169.02
BI103763,1.0,2003,8,1,2003-08-01,13:54:00,2003-08-02,04:06:00,,,Guarda,Sabugal,Bendada,rebelhos,91110,40.324722,-7.278889,272581.0,373265.0,dms_recuperado,1220.0,69.0,1151.0,0.0,Florestal,449.0,Intencional,0,1,0,0,14.2
RO1032059,16963.0,2003,8,1,2003-08-01,15:47:00,2003-08-07,20:00:00,,,Santarém,Salvaterra de Magos,Glória do Ribatejo,Cocharro,141501,39.065,-8.627778,157163.0,233167.0,dms_recuperado,960.0,960.0,0.0,0.0,Florestal,,,0,1,0,0,148.22
AT903139,11186.0,2003,8,1,2003-08-01,16:03:00,2003-08-02,04:16:00,2003-08-01,16:06:00,Setúbal,Santiago do Cacém,Cercal,OUTEIRO,150903,37.814444,-8.618611,157232.0,94320.0,dms_recuperado,365.0,365.0,0.0,0.0,Florestal,630.0,Desconhecida,0,1,0,0,12.22
RO1032262,110402.0,2003,8,1,2003-08-01,17:00:00,2003-08-03,05:00:00,,,Lisboa,Azambuja,Manique do Intendente,Casais do Carril,110305,39.241111,-8.8875,134866.0,252875.0,dms_recuperado,289.0,197.0,74.0,18.0,Florestal,630.0,Desconhecida,0,1,0,0,36.0
AT903191,23169.0,2003,8,1,2003-08-01,16:00:00,2003-08-02,05:00:00,2003-08-01,16:05:00,Beja,Ourique,Santa Luzia,Malveiros,21205,37.708889,-8.429167,173871.0,82557.0,dms_recuperado,252.0,235.0,0.0,17.0,Florestal,630.0,Desconhecida,0,1,0,0,13.0
AT903264,16224.0,2003,8,1,2003-08-01,22:20:00,2003-08-02,23:22:00,2003-08-01,22:26:00,Portalegre,Elvas,Alcáçova,FORTE DA GRAÇA,120702,38.894722,-7.167222,283773.0,214565.0,dms_recuperado,251.4,0.0,251.4,0.0,Florestal,,,0,1,0,0,25.03
AT903190,23192.0,2003,8,1,2003-08-01,17:45:00,2003-08-02,01:30:00,2003-08-01,18:02:00,Beja,Moura,Sobral da Adiça,Dona Catarina,21008,38.032222,-7.272778,275526.0,118757.0,dms_recuperado,218.0,135.0,0.0,83.0,Florestal,610.0,Desconhecida,0,1,0,0,7.75
AT903258,16162.0,2003,8,1,2003-08-01,14:06:00,2003-08-02,00:45:00,2003-08-01,14:15:00,Portalegre,Avis,Aldeia Velha,Valonguinho,120302,39.068889,-8.034167,208549.0,233481.0,dms_recuperado,202.0,199.0,0.0,3.0,Florestal,630.0,Desconhecida,0,1,0,0,10.65
RO1032942,20897.0,2003,8,2,2003-08-02,11:20:00,2003-08-07,20:00:00,,,Santarém,Chamusca,Ulme,POLDRO,140704,39.354444,-8.388056,178006.0,265210.0,dms_recuperado,22190.0,13434.5,8462.5,293.0,Florestal,51.0,Natural,0,1,0,0,128.67
BI203100898,17170.0,2003,8,2,2003-08-02,19:30:00,2003-08-05,15:02:00,,,Castelo Branco,Sertã,Ermida,Sipote,50906,39.789444,-7.9675,214162.0,313498.0,dms_recuperado,10500.0,9521.0,500.0,479.0,Florestal,,,0,1,0,0,67.53
RO1032593,20928.0,2003,8,2,2003-08-02,16:24:00,2003-08-05,00:00:00,,,Santarém,Abrantes,São Miguel do Rio Torto,Mata dos Ingleses,140112,39.376667,-8.210833,193288.0,267638.0,dms_recuperado,6900.0,5900.0,0.0,1000.0,Florestal,51.0,Natural,0,1,0,0,55.6
AT903202,16303.0,2003,8,2,2003-08-02,16:30:00,2003-08-05,02:30:00,2003-08-02,16:35:00,Portalegre,Crato,Monte da Pedra,ÁGUA BOA,120605,39.333056,-7.8575,223739.0,262828.0,dms_recuperado,5809.24,3147.34,1794.92,866.98,Florestal,,,0,1,0,0,58.0
AT903201,16299.0,2003,8,2,2003-08-02,16:20:00,2003-08-04,21:40:00,2003-08-02,16:25:00,Portalegre,Ponte De Sor,Vale de Açor,FONTE BRANCA,121306,39.255833,-7.889167,221046.0,254268.0,dms_recuperado,4970.55,3879.05,182.61,908.89,Florestal,51.0,Natural,0,1,0,0,53.33
AT903170,21932.0,2003,8,2,2003-08-02,15:15:00,2003-08-03,03:00:00,2003-08-02,15:19:00,Évora,Portel,Portel,Monte Lamega,70905,38.270278,-7.620278,244867.0,144946.0,dms_recuperado,4538.84,3576.4,412.6,549.84,Florestal,51.0,Natural,0,1,0,0,11.75
BI203101050,20939.0,2003,8,2,2003-08-02,16:03:00,2003-08-03,10:59:00,,,Santarém,Mação,Carvoeiro,Domingos da Vinha,141304,39.623889,-7.922778,218055.0,295101.0,dms_recuperado,4500.0,3550.0,550.0,400.0,Florestal,,,0,1,0,0,18.93
AT903200,16275.0,2003,8,2,2003-08-02,12:20:00,2003-08-05,19:40:00,2003-08-02,12:25:00,Portalegre,Alter do Chão,Cunheira,Cunheira,120104,39.320278,-7.808333,228006.0,261435.0,dms_recuperado,3491.49,2089.37,296.0,1106.12,Florestal,,,0,1,0,0,79.33
RO1032597,20936.0,2003,8,2,2003-08-02,10:40:00,2003-08-05,00:00:00,,,Santarém,Abrantes,Pego,PEGO,140107,39.461944,-8.149167,198615.0,277103.0,dms_recuperado,3100.0,2500.0,0.0,600.0,Florestal,51.0,Natural,0,1,0,0,61.33
AT903221,11204.0,2003,8,2,2003-08-02,09:15:00,2003-08-06,00:03:00,2003-08-02,09:20:00,Setúbal,Grândola,Grândola,Mina da Caveira,150502,38.118056,-8.503611,167502.0,127976.0,dms_recuperado,2735.0,2390.0,0.0,345.0,Florestal,51.0,Natural,0,1,0,0,86.8
BL2031508,18612.0,2003,8,2,2003-08-02,03:20:00,2003-08-05,02:40:00,,,Leiria,Batalha,Reguengo do Fetal,Curva da Ferradura,100402,39.640278,-8.763889,145852.0,297091.0,dms_recuperado,2730.0,2184.0,546.0,0.0,Florestal,448.0,Intencional,0,1,0,0,71.33
BL2031519,18678.0,2003,8,2,2003-08-02,14:59:00,2003-08-08,00:05:00,,,Leiria,Marinha Grande,Marinha Grande,M N L Talhão 140,101001,39.736389,-8.926667,131966.0,307874.0,dms_recuperado,2520.0,2520.0,0.0,0.0,Florestal,449.0,Intencional,0,1,0,0,129.1
RO1032599,20950.0,2003,8,2,2003-08-02,16:15:00,2003-08-06,09:30:00,,,Santarém,Abrantes,Carvalhal,Matagosa,140119,39.624444,-8.177222,196200.0,295152.0,dms_recuperado,2360.0,2360.0,0.0,0.0,Florestal,,,0,1,0,0,89.25
BI203100884,17102.0,2003,8,2,2003-08-02,05:25:00,2003-08-07,16:10:00,,,Castelo Branco,Castelo Branco,Sarzedas,Lisga,50223,39.876944,-7.828611,226026.0,323242.0,dms_recuperado,2278.0,2068.0,210.0,0.0,Florestal,,,0,1,0,0,130.75
RO1032596,20935.0,2003,8,2,2003-08-02,16:25:00,2003-08-05,00:00:00,,,Santarém,Abrantes,Martinchel,MARTINCHEL,140105,39.537778,-8.309722,184803.0,285537.0,dms_recuperado,2200.0,1900.0,0.0,300.0,Florestal,448.0,Intencional,0,1,0,0,55.58
AT903169,21912.0,2003,8,2,2003-08-02,13:30:00,2003-08-02,21:00:00,2003-08-02,13:33:00,Évora,Montemor-o-Novo,Silveiras,BALDIOS,70609,38.563889,-8.345556,181458.0,177427.0,dms_recuperado,1449.12,1449.12,0.0,0.0,Florestal,211.0,Negligente,0,1,0,0,7.5
AT903219,11253.0,2003,8,2,2003-08-02,16:30:00,2003-08-03,20:00:00,2003-08-02,16:35:00,Setúbal,Alcácer do Sal,Alcácer Do Sal (santa Maria Do Castelo),Montalvo,150101,38.394444,-8.626389,156882.0,158724.0,dms_recuperado,1394.0,1394.0,0.0,0.0,Florestal,51.0,Natural,0,1,0,0,27.5
AT903167,21895.0,2003,8,2,2003-08-02,11:30:00,2003-08-03,03:30:00,2003-08-02,11:36:00,Évora,Montemor-o-Novo,Cabrela,Rangina,70601,38.630833,-8.413333,175585.0,184875.0,dms_recuperado,1343.24,1343.24,0.0,0.0,Florestal,51.0,Natural,0,1,0,0,16.0
AT903228,11230.0,2003,8,2,2003-08-02,11:11:00,2003-08-04,03:16:00,2003-08-02,11:12:00,Setúbal,Santiago do Cacém,São Francisco da Serra,Cruz de João Mendes,150910,38.088333,-8.638611,155643.0,124742.0,dms_recuperado,1305.0,1305.0,0.0,0.0,Florestal,51.0,Natural,0,1,0,0,40.08
RO1032603,21003.0,2003,8,2,2003-08-02,22:00:00,2003-08-04,14:00:00,,,Santarém,Constância,Santa Margarida da Coutada,CALDELAS,140803,39.390556,-8.265556,188578.0,269195.0,dms_recuperado,1058.0,1058.0,0.0,0.0,Florestal,,,0,1,0,0,40.0
RO1032328,110809.0,2003,8,2,2003-08-02,07:20:00,2003-08-04,05:00:00,,,Lisboa,Azambuja,Alcoentre,Casais das Boiças,110301,39.196667,-8.966111,128028.0,247978.0,dms_recuperado,1047.0,408.0,629.0,10.0,Florestal,51.0,Natural,0,1,0,0,45.67
TM103985,9104.0,2003,8,2,2003-08-02,22:40:00,2003-08-07,08:35:00,2003-08-02,22:55:00,Viseu,Sernancelhe,Sarzeda,Seixo,181815,40.940833,-7.440556,258317.0,441560.0,dms_recuperado,1020.1,316.0,669.1,35.0,Florestal,448.0,Intencional,0,1,0,0,105.92
AT903152,11240.0,2003,8,2,2003-08-02,12:23:00,2003-08-03,21:30:00,2003-08-02,12:25:00,Setúbal,Alcácer do Sal,Santa Susana,Barrancão,150102,38.539722,-8.368333,179484.0,174765.0,dms_recuperado,983.852,921.0,0.0,62.852,Florestal,51.0,Natural,0,1,0,0,33.12
AT903327,23311.0,2003,8,2,2003-08-02,12:29:00,2003-08-03,15:30:00,2003-08-02,12:35:00,Beja,Odemira,Vila Nova de Milfontes,Adail de Baixo,21111,37.795833,-8.741667,146387.0,92345.0,dms_recuperado,968.0,968.0,0.0,0.0,Florestal,630.0,Desconhecida,0,1,0,0,27.02
AT903146,23281.0,2003,8,2,2003-08-02,09:30:00,2003-08-04,12:00:00,2003-08-02,09:33:00,Beja,Odemira,São Teotónio,Moita Velha,21109,37.464722,-8.670278,152453.0,55555.0,dms_recuperado,738.4,302.4,436.0,0.0,Florestal,51.0,Natural,0,1,0,0,50.5
AT903229,11248.0,2003,8,2,2003-08-02,14:50:00,2003-08-02,22:52:00,2003-08-02,14:53:00,Setúbal,Santiago do Cacém,São Domingos,Vale de Cavalos,150909,37.935278,-8.546667,163617.0,107721.0,dms_recuperado,570.0,570.0,0.0,0.0,Florestal,630.0,Desconhecida,0,1,0,0,8.03
BI203101052,20949.0,2003,8,2,2003-08-02,17:28:00,2003-08-03,01:00:00,,,Santarém,Mação,Carvoeiro,CARVOEIRO,141304,39.623889,-7.922778,218055.0,295101.0,dms_recuperado,550.0,545.0,2.0,3.0,Florestal,,,1,1,0,0,7.53
AT903326,23287.0,2003,8,2,2003-08-02,10:15:00,2003-08-03,01:15:00,2003-08-02,10:18:00,Beja,Odemira,Bicos,Foros dos Vales,21113,37.806389,-8.528889,165126.0,93405.0,dms_recuperado,527.0,527.0,0.0,0.0,Florestal,630.0,Desconhecida,0,1,0,0,15.0
AT903266,16292.0,2003,8,2,2003-08-02,14:50:00,2003-08-02,17:50:00,2003-08-02,14:55:00,Portalegre,Alter do Chão,Seda,Monte do Campo,120103,39.176111,-7.73,234818.0,245438.0,dms_recuperado,510.0,479.0,15.0,16.0,Florestal,630.0,Desconhecida,0,1,0,0,3.0
BI103441,13791.0,2003,8,2,2003-08-02,23:02:00,2003-08-04,14:00:00,,,Guarda,Gouveia,Melo,Sangas,90609,40.513333,-7.54,250247.0,394026.0,dms_recuperado,508.0,34.0,407.0,67.0,Florestal,,,0,1,0,0,38.97
RO1032296,110696.0,2003,8,2,2003-08-02,01:40:00,2003-08-02,23:30:00,,,Lisboa,Torres Vedras,Maxial,Folgorosa,111308,39.129722,-9.155833,111544.0,240738.0,dms_recuperado,400.0,0.0,400.0,0.0,Florestal,,,0,1,0,0,21.83
AT903171,21936.0,2003,8,2,2003-08-02,13:30:00,2003-08-03,03:00:00,2003-08-02,13:35:00,Évora,Montemor-o-Novo,Nossa Senhora do Bispo,Fazenda do Vale Bom,70603,38.640833,-8.249722,189840.0,185948.0,dms_recuperado,378.78,378.78,0.0,0.0,Florestal,610.0,Desconhecida,0,1,0,0,13.5
RO1032118,42191.0,2003,8,2,2003-08-02,08:59:00,2003-08-03,20:30:00,,,Setúbal,Palmela,Marateca,MARATECA,150801,38.579444,-8.677778,152531.0,179290.0,dms_recuperado,351.0,291.0,60.0,0.0,Florestal,51.0,Natural,0,1,0,0,35.52
AT903172,21961.0,2003,8,2,2003-08-02,18:50:00,2003-08-03,02:12:00,2003-08-02,18:53:00,Évora,Vendas Novas,Landeira,MOINHOLA,71202,38.583611,-8.619444,157605.0,179712.0,dms_recuperado,208.83,139.811,0.0,69.019,Florestal,,,0,1,0,0,7.37
AT903203,21936.0,2003,8,2,2003-08-02,13:30:00,2003-08-03,03:00:00,2003-08-02,13:35:00,Évora,Montemor-o-Novo,Silveiras,Broca,70609,38.656944,-8.323611,183415.0,187760.0,dms_recuperado,180.7,115.7,0.0,65.0,Florestal,610.0,Desconhecida,0,1,0,0,13.5
BI103439,13777.0,2003,8,2,2003-08-02,21:29:00,2003-08-04,21:45:00,,,Guarda,Sabugal,Sabugal,Colónia Agrícola Martim Rei,91130,40.336389,-7.051667,291873.0,374774.0,dms_recuperado,154.0,35.0,32.0,87.0,Florestal,449.0,Intencional,0,1,0,0,48.27
AT903205,21854.0,2003,8,2,2003-08-02,08:10:00,2003-08-02,20:50:00,2003-08-02,08:15:00,Évora,Montemor-o-Novo,Lavre,Pimpolho,70602,38.801667,-8.329444,182927.0,203836.0,dms_recuperado,140.76,140.76,0.0,0.0,Florestal,51.0,Natural,0,1,0,0,12.67
BI203101055,21039.0,2003,8,3,2003-08-03,00:05:00,2003-08-06,17:45:00,,,Santarém,Mação,Envendos,São José das Matas,141305,39.5325,-7.849444,224371.0,284979.0,dms_recuperado,6100.0,5129.0,498.0,473.0,Florestal,,,0,1,0,0,89.67
BI203100905,17245.0,2003,8,3,2003-08-03,13:33:00,2003-08-06,19:58:00,,,Castelo Branco,Vila Velha de Ródão,Vila Velha de Ródão,Riscada,51104,39.655,-7.673611,239435.0,298650.0,dms_recuperado,5200.0,4250.0,750.0,200.0,Florestal,,,0,1,0,0,78.42
BI203101056,21047.0,2003,8,3,2003-08-03,10:59:00,2003-08-06,17:45:00,,,Santarém,Mação,Aboboreira,Chão de Codes,141301,39.613333,-8.052222,206926.0,293905.0,dms_recuperado,4000.0,3950.0,48.0,2.0,Florestal,,,0,1,0,0,78.77
BI103452,13862.0,2003,8,3,2003-08-03,14:16:00,2003-08-05,14:31:00,,,Guarda,Pinhel,Gouveias,Roque,91011,40.678333,-7.131389,284680.0,412644.0,dms_recuperado,2964.0,1360.0,1000.0,604.0,Florestal,131.0,Negligente,0,1,0,0,48.25
TM203375,12100.0,2003,8,3,2003-08-03,15:15:00,2003-08-04,01:15:00,,,Bragança,Mirandela,Abreiro,ABREIRO,40702,41.350833,-7.293889,270225.0,487185.0,dms_recuperado,2640.0,915.0,1629.0,96.0,Florestal,448.0,Intencional,0,1,0,0,10.0
TM203365,12045.0,2003,8,3,2003-08-03,02:10:00,2003-08-03,06:20:00,,,Bragança,Torre de Moncorvo,Maçores,MAÇORES,40912,41.126944,-7.002222,294964.0,462601.0,dms_recuperado,2052.5,234.0,1592.0,226.5,Florestal,125.0,Negligente,0,1,0,0,4.17
BI103450,13857.0,2003,8,3,2003-08-03,13:20:00,2003-08-03,14:20:00,,,Guarda,Pinhel,Pomares,Pomares,91019,40.635833,-7.134167,284500.0,407931.0,dms_recuperado,1608.0,327.0,725.0,556.0,Florestal,630.0,Desconhecida,0,1,0,0,1.0
BI203100908,17258.0,2003,8,3,2003-08-03,16:25:00,2003-08-07,10:00:00,,,Castelo Branco,Proença-a-Nova,São Pedro do Esteval,Padrão,50805,39.601111,-7.817778,227078.0,292594.0,dms_recuperado,1384.0,634.0,400.0,350.0,Florestal,,,0,1,0,0,89.58
TM1031219,14129.0,2003,8,3,2003-08-03,03:45:00,2003-08-04,01:00:00,,,Vila Real,Alijó,Alijó,Burneira,170101,41.296111,-7.438611,258155.0,480997.0,dms_recuperado,753.1,501.6,203.5,48.0,Florestal,51.0,Natural,0,1,0,0,21.25
AT903192,23488.0,2003,8,3,2003-08-03,14:50:00,2003-08-04,04:20:00,2003-08-03,14:55:00,Beja,Ourique,Santana da Serra,Soalheira de Baixo,21206,37.475278,-8.302778,184964.0,56592.0,dms_recuperado,296.0,216.0,0.0,80.0,Florestal,211.0,Negligente,0,1,0,0,13.5
TM203361,12042.0,2003,8,3,2003-08-03,02:25:00,2003-08-03,19:00:00,2003-08-03,02:26:00,Bragança,Mogadouro,Brunhozinho,BRUNHOSINHO,40805,41.359444,-6.520556,334928.0,489058.0,dms_recuperado,140.0,0.0,140.0,0.0,Florestal,,,0,1,0,0,16.58
TM103909,14139.0,2003,8,3,2003-08-03,06:00:00,2003-08-03,12:00:00,2003-08-03,06:00:00,Vila Real,Vila Pouca de Aguiar,Vila Pouca de Aguiar,GUILHADO,171314,41.503056,-7.618889,242922.0,503883.0,dms_recuperado,131.0,0.0,131.0,0.0,Florestal,51.0,Natural,0,1,0,0,6.0
TM903140,,2003,8,3,2003-08-03,04:00:00,2003-08-05,21:30:00,,,Vila Real,Alijó,São Mamede de Ribatua,Chão da Cunha,170114,41.276944,-7.407778,260766.0,478913.0,dms_recuperado,119.0,78.82,29.68,10.5,Florestal,51.0,Natural,0,1,0,0,65.5
BI103464,13979.0,2003,8,4,2003-08-04,13:25:00,2003-08-05,14:30:00,,,Guarda,Trancoso,Cótimos,Alto da Ponte,91305,40.824722,-7.224167,276667.0,428829.0,dms_recuperado,2850.0,1325.0,1000.0,525.0,Florestal,2.0,Negligente,0,1,0,0,25.08
BI103463,13968.0,2003,8,4,2003-08-04,11:45:00,2003-08-11,16:10:00,,,Guarda,Seia,Sabugueiro,Vale Conde,91210,40.368611,-7.593611,245819.0,377919.0,dms_recuperado,2170.0,229.0,1941.0,0.0,Florestal,449.0,Intencional,0,1,0,0,172.42
RO1032617,21203.0,2003,8,4,2003-08-04,12:50:00,2003-08-09,06:03:00,,,Santarém,Torres Novas,Pedrógão,Moinhos do Abadio,141909,39.513611,-8.655833,155028.0,282963.0,dms_recuperado,873.0,110.0,763.0,0.0,Florestal,448.0,Intencional,0,1,0,0,113.22
RO1032615,21184.0,2003,8,4,2003-08-04,15:00:00,2003-08-05,00:00:00,,,Santarém,Abrantes,São Facundo,Vale de Açor,140110,39.341111,-8.108889,202078.0,263709.0,dms_recuperado,800.0,700.0,0.0,100.0,Florestal,448.0,Intencional,0,1,0,0,9.0
BI203100912,17334.0,2003,8,4,2003-08-04,14:30:00,2003-08-07,21:25:00,,,Castelo Branco,Vila de Rei,Vila de Rei,Fonte Boa,51003,39.663889,-8.088333,203827.0,299545.0,dms_recuperado,664.0,662.0,2.0,0.0,Florestal,,,0,1,0,0,78.92
BI103467,13992.0,2003,8,4,2003-08-04,14:36:00,2003-08-06,19:00:00,,,Guarda,Trancoso,Freches,Quinta do Corga,91308,40.730278,-7.349444,266188.0,418248.0,dms_recuperado,334.0,90.0,210.0,34.0,Florestal,630.0,Desconhecida,0,1,0,0,52.4
BI103468,13994.0,2003,8,4,2003-08-04,14:30:00,2003-08-06,18:30:00,,,Guarda,Guarda,Arrifana,Outeiro de São Miguel,90706,40.566667,-7.226667,276757.0,400157.0,dms_recuperado,250.0,0.0,250.0,0.0,Florestal,,,0,1,0,0,52.0
TM1031051,14277.0,2003,8,4,2003-08-04,12:15:00,2003-08-07,23:15:00,,,Vila Real,Murça,Palheiros,Salgueiro,170707,41.434444,-7.406944,260688.0,496401.0,dms_recuperado,155.0,155.0,0.0,0.0,Florestal,51.0,Natural,1,1,0,0,83.0
BI203100920,17443.0,2003,8,5,2003-08-05,15:02:00,2003-08-07,11:18:00,,,Castelo Branco,Sertã,Pedrógão Pequeno,Casal Novo,50911,39.884722,-8.104167,202467.0,324046.0,dms_recuperado,1600.0,1398.0,10.0,192.0,Florestal,630.0,Desconhecida,0,1,0,0,44.27
TM203405,12295.0,2003,8,5,2003-08-05,14:20:00,2003-08-07,10:30:00,2003-08-05,14:20:00,Bragança,Freixo de Espada à Cinta,Freixo de Espada à Cinta,Gorvias,40402,41.092222,-6.808889,311259.0,458975.0,dms_recuperado,1295.8,329.8,874.0,92.0,Florestal,125.0,Negligente,0,1,0,0,44.17
TM203403,12284.0,2003,8,5,2003-08-05,12:38:00,2003-08-05,13:25:00,2003-08-05,12:50:00,Bragança,Torre de Moncorvo,Cabeça Boa,Cabanas de Cima,40903,41.202222,-7.121944,284807.0,470848.0,dms_recuperado,1220.5,145.5,926.5,148.5,Florestal,125.0,Negligente,0,1,0,0,0.78
RO1032624,21315.0,2003,8,5,2003-08-05,14:09:00,2003-08-05,18:45:00,,,Santarém,Torres Novas,Assentiz,ASSENTIZ,141902,39.588889,-8.514722,167212.0,291266.0,dms_recuperado,1100.0,275.0,825.0,0.0,Florestal,4.0,Intencional,0,1,0,0,4.6
BI103479,14101.0,2003,8,5,2003-08-05,16:45:00,2003-08-06,23:30:00,,,Guarda,Sabugal,Pena Lobo,Vale de Nicolau,91121,40.403889,-7.215,277919.0,382089.0,dms_recuperado,868.0,10.0,728.0,130.0,Florestal,,,0,1,0,0,30.75
BI203100925,17472.0,2003,8,5,2003-08-05,19:20:00,2003-08-05,22:55:00,,,Castelo Branco,Fundão,Mata da Rainha,Rija,50430,40.090556,-7.324722,268925.0,347223.0,dms_recuperado,220.0,27.8,0.0,192.2,Florestal,,,0,1,0,0,3.58
AT903319,100058.0,2003,8,5,2003-08-05,11:30:00,2003-08-05,15:30:00,2003-08-05,11:35:00,Portalegre,Elvas,Vila Fernando,VILA FERNANDO,120711,38.9175,-7.321111,270410.0,216968.0,dms_recuperado,178.8976,49.2376,0.0,129.66,Florestal,222.0,Negligente,0,1,0,0,4.0
TM103942,14496.0,2003,8,6,2003-08-06,12:50:00,2003-08-06,18:20:00,2003-08-06,12:50:00,Vila Real,Montalegre,Solveira,SOLVEIRA,170631,41.843056,-7.669167,238531.0,541630.0,dms_recuperado,602.01,49.5,552.51,0.0,Florestal,127.0,Negligente,0,1,0,0,5.5
BI103491,14190.0,2003,8,6,2003-08-06,14:25:00,2003-08-07,17:25:00,,,Guarda,Guarda,Benespera,Quinta da Portela,90709,40.422222,-7.2425,275573.0,384104.0,dms_recuperado,500.0,0.0,300.0,200.0,Florestal,,,0,1,0,0,27.0
RO1032409,17488.0,2003,8,6,2003-08-06,18:15:00,2003-08-07,23:15:00,,,Santarém,Santarém,Abrã,Canal,141602,39.430833,-8.754722,146477.0,273843.0,dms_recuperado,321.0,65.0,166.0,90.0,Florestal,441.0,Intencional,0,1,0,0,29.0
AT903272,16639.0,2003,8,6,2003-08-06,09:20:00,2003-08-06,10:40:00,2003-08-06,09:23:00,Portalegre,Marvão,Santo António das Areias,Galegos,121003,39.368889,-7.325278,269614.0,267092.0,dms_recuperado,228.0,0.0,228.0,0.0,Florestal,,,0,1,0,0,1.33
BI103489,14176.0,2003,8,6,2003-08-06,12:24:00,2003-08-07,23:45:00,,,Guarda,Guarda,Codesseiro,Pai Viegas,90714,40.647222,-7.224167,276862.0,409104.0,dms_recuperado,160.0,80.0,80.0,0.0,Florestal,,,0,1,0,0,35.35
RO1032406,17466.0,2003,8,6,2003-08-06,14:35:00,2003-08-10,01:15:00,,,Santarém,Santarém,Abrã,Amiais de Cima,141602,39.449167,-8.759444,146067.0,275868.0,dms_recuperado,122.0,100.0,22.0,0.0,Florestal,630.0,Desconhecida,0,1,0,0,82.67
BI103881,2.0,2003,8,7,2003-08-07,13:12:00,2003-08-08,15:00:00,,,Guarda,Guarda,Rochoso,ROCHOSO,90737,40.515556,-7.090833,288316.0,394612.0,dms_recuperado,5204.0,2548.0,2165.0,491.0,Florestal,125.0,Negligente,0,1,0,0,25.8
AG103412,30490.0,2003,8,7,2003-08-07,17:56:00,2003-08-18,18:50:00,2003-08-07,17:56:00,Faro,Portimão,Mexilhoeira Grande,Embarradoiro de Cima,81102,37.263611,-8.616667,157091.0,33184.0,dms_recuperado,3481.0,1382.0,1682.0,417.0,Florestal,630.0,Desconhecida,0,1,0,0,264.9
BI103518,14317.0,2003,8,7,2003-08-07,16:47:00,2003-08-08,15:00:00,,,Guarda,Almeida,Porto de Ovelha,Jardo,90223,40.543333,-6.947222,300461.0,397860.0,dms_recuperado,2863.5,1288.6,1145.4,429.5,Florestal,449.0,Intencional,0,1,0,0,22.22
BI103516,14313.0,2003,8,7,2003-08-07,15:25:00,2003-08-10,14:35:00,,,Guarda,Guarda,Aldeia do Bispo,Santa Cruz,90703,40.494444,-7.268056,273326.0,392100.0,dms_recuperado,2640.0,132.0,2008.0,500.0,Florestal,630.0,Desconhecida,0,1,0,0,71.17
BI103897,5.0,2003,8,7,2003-08-07,13:35:00,2003-08-08,15:00:00,,,Guarda,Sabugal,Badamalos,BADAMALOS,91108,40.485278,-6.978889,297864.0,391383.0,dms_recuperado,1830.0,823.5,732.0,274.5,Florestal,,,0,1,0,0,25.42
TM203450,12445.0,2003,8,7,2003-08-07,09:30:00,2003-08-09,09:00:00,2003-08-07,09:31:00,Bragança,Carrazeda de Ansiães,Pereiros,PEREIROS,40312,41.315556,-7.297778,269933.0,483281.0,dms_recuperado,1677.0,333.0,1344.0,0.0,Florestal,448.0,Intencional,0,1,0,0,47.5
BL2031654,19340.0,2003,8,7,2003-08-07,13:00:00,2003-08-10,01:45:00,,,Leiria,Porto de Mós,Mendiga,Cabeça Veada,101607,39.48,-8.860278,137431.0,279352.0,dms_recuperado,1050.0,50.0,1000.0,0.0,Florestal,449.0,Intencional,0,1,0,0,60.75
BI203100941,17637.0,2003,8,7,2003-08-07,11:18:00,2003-08-15,23:20:00,,,Castelo Branco,Sertã,Troviscal,Macieira,50913,39.882222,-8.0425,207745.0,323789.0,dms_recuperado,912.0,891.5,0.0,20.5,Florestal,,,1,1,0,0,204.03
BL2031655,19343.0,2003,8,7,2003-08-07,13:00:00,2003-08-09,02:00:00,,,Leiria,Porto de Mós,Serro Ventoso,Chão das Pias,101613,39.555278,-8.809444,141854.0,287701.0,dms_recuperado,735.0,0.0,735.0,0.0,Florestal,449.0,Intencional,0,1,0,0,37.0
BI103509,14290.0,2003,8,7,2003-08-07,13:35:00,2003-08-08,15:00:00,,,Guarda,Sabugal,Cerdeira,Senhora do Monte,91113,40.53,-7.061389,290786.0,396247.0,dms_recuperado,476.0,233.0,198.0,45.0,Florestal,125.0,Negligente,0,1,0,0,25.42
BL2031656,19348.0,2003,8,7,2003-08-07,14:16:00,2003-08-11,18:00:00,,,Leiria,Porto de Mós,Mira de Aire,Covão da Carvalha,101608,39.558611,-8.734722,148277.0,288010.0,dms_recuperado,416.0,360.0,56.0,0.0,Florestal,449.0,Intencional,0,1,0,0,99.73
TM203455,12482.0,2003,8,7,2003-08-07,14:22:00,2003-08-10,03:13:00,,,Bragança,Torre de Moncorvo,Mós,Quintas da Odreira,40913,41.143889,-6.865,306446.0,464657.0,dms_recuperado,393.5,11.5,360.0,22.0,Florestal,125.0,Negligente,1,1,0,0,60.85
DM903108884,18340.0,2003,8,7,2003-08-07,11:15:00,2003-08-13,10:00:00,2003-08-07,11:20:00,Porto,Penafiel,Valpedre,Mes¦o Frio,131136,41.140833,-8.319722,184333.0,463546.0,dms_recuperado,333.0,333.0,0.0,0.0,Florestal,236.0,Negligente,1,1,0,0,142.75
RO1032457,17577.0,2003,8,7,2003-08-07,17:50:00,2003-08-09,23:55:00,,,Santarém,Santarém,Alcanede,Pé da Pedreira,141604,39.45,-8.830278,139976.0,276011.0,dms_recuperado,220.0,220.0,0.0,0.0,Florestal,,,0,1,0,0,54.08
BL103626,23366.0,2003,8,7,2003-08-07,11:42:00,2003-08-07,21:10:00,,,Viseu,Castro Daire,Monteiras,Eido,180314,40.949167,-7.872778,221920.0,442286.0,dms_recuperado,195.5,0.0,195.5,0.0,Florestal,630.0,Desconhecida,0,1,0,0,9.47
BI203100964,17682.0,2003,8,7,2003-08-07,16:57:00,2003-08-08,00:30:00,,,Castelo Branco,Idanha-a-Nova,Rosmaninhal,Cegonhas (Vale Porros),50512,39.765556,-7.173889,282180.0,311247.0,dms_recuperado,185.0,65.0,120.0,0.0,Florestal,51.0,Natural,0,1,0,0,7.55
AT903182,22645.0,2003,8,7,2003-08-07,10:22:00,2003-08-09,21:00:00,2003-08-07,10:27:00,Évora,Montemor-o-Novo,Cabrela,Monte da Bica,70601,38.564722,-8.469444,170663.0,177550.0,dms_recuperado,164.27,164.27,0.0,0.0,Florestal,610.0,Desconhecida,0,1,0,0,58.63
BI203100965,17685.0,2003,8,7,2003-08-07,17:05:00,2003-08-08,00:20:00,,,Castelo Branco,Idanha-a-Nova,Zebreira,Couto dos Salgueiros,50517,39.797222,-7.063056,291627.0,314873.0,dms_recuperado,151.0,77.0,71.0,3.0,Florestal,,,0,1,0,0,7.25
BL103637,23432.0,2003,8,7,2003-08-07,19:19:00,2003-08-08,07:19:00,,,Viseu,Viseu,Vila Chã de Sá,Castelo,182333,40.611944,-7.951667,215334.0,404812.0,dms_recuperado,144.0,9.0,135.0,0.0,Florestal,448.0,Intencional,0,1,0,0,12.0
BI203100966,17686.0,2003,8,7,2003-08-07,17:15:00,2003-08-08,00:30:00,,,Castelo Branco,Idanha-a-Nova,Rosmaninhal,Salgueirinho,50512,39.755556,-7.090278,289352.0,310234.0,dms_recuperado,120.0,93.0,0.0,27.0,Florestal,51.0,Natural,0,1,0,0,7.25
AG9034,,2003,8,8,2003-08-08,10:00:00,2003-08-18,18:50:00,2003-08-08,10:00:00,Faro,Monchique,Marmelete,AMEIXEIRA,80902,37.276944,-8.631944,155734.0,34683.0,dms_recuperado,13144.0,8479.0,3863.0,802.0,Florestal,,,0,1,0,0,248.83
AT903278,16927.0,2003,8,8,2003-08-08,15:00:00,2003-08-12,21:00:00,2003-08-08,15:06:00,Portalegre,Nisa,São Simão,Vinagra,121209,39.570833,-7.635,242780.0,289331.0,dms_recuperado,2530.0,1209.0,0.0,1321.0,Florestal,223.0,Negligente,0,1,0,0,102.0
TM203488,12591.0,2003,8,8,2003-08-08,16:00:00,2003-08-10,01:30:00,,,Bragança,Vila Flor,Trindade,Macedinho,41014,41.405,-7.105,285949.0,493381.0,dms_recuperado,1566.5,868.0,508.0,190.5,Florestal,51.0,Natural,0,1,0,0,33.5
TM1031197,9499.0,2003,8,8,2003-08-08,15:00:00,2003-08-09,12:50:00,2003-08-08,15:10:00,Viseu,Sernancelhe,Escurquela,ESCURQUELA,181805,41.004444,-7.520833,251496.0,448583.0,dms_recuperado,358.0,2.0,356.0,0.0,Florestal,,,0,1,0,0,21.83
AT903180,24280.0,2003,8,8,2003-08-08,17:30:00,2003-08-09,19:30:00,2003-08-08,17:33:00,Beja,Moura,Santo Aleixo da Restauração,Vale da Nora,21005,38.0375,-7.218889,280254.0,119368.0,dms_recuperado,300.0,300.0,0.0,0.0,Florestal,51.0,Natural,0,1,0,0,26.0
BI203100948,17754.0,2003,8,8,2003-08-08,12:10:00,2003-08-09,13:30:00,,,Castelo Branco,Fundão,Orca,Zebras (Monte do Pinheiro),50420,40.023611,-7.393889,263089.0,339736.0,dms_recuperado,292.0,129.0,161.0,2.0,Florestal,2.0,Negligente,0,1,0,0,25.33
RO1032544,17680.0,2003,8,8,2003-08-08,14:30:00,2003-08-08,23:55:00,,,Santarém,Santarém,Alcanede,ALCANEDE,141604,39.416944,-8.819722,140850.0,272339.0,dms_recuperado,202.0,132.0,70.0,0.0,Florestal,630.0,Desconhecida,0,1,0,0,9.42
RO1032542,17645.0,2003,8,8,2003-08-08,14:45:00,2003-08-09,10:50:00,,,Santarém,Rio Maior,Outeiro da Cortiçada,Vale de Marinhas,141407,39.347222,-8.833611,139591.0,264622.0,dms_recuperado,180.0,180.0,0.0,0.0,Florestal,,,0,1,0,0,20.08
TM1031192,9459.0,2003,8,8,2003-08-08,01:50:00,2003-08-08,03:50:00,2003-08-08,01:55:00,Viseu,Moimenta da Beira,Castelo,CASTELO,180708,41.036944,-7.621944,242981.0,452125.0,dms_recuperado,129.0,29.0,100.0,0.0,Florestal,,,0,1,0,0,2.0
DM9034912,32365.0,2003,8,8,2003-08-08,15:09:00,2003-08-08,22:40:00,,,Braga,Fafe,Felgueiras,FONTE CANA,30711,41.518611,-8.118333,201235.0,505479.0,dms_recuperado,110.0,70.0,40.0,0.0,Florestal,2.0,Negligente,0,1,0,0,7.52
AG9032,,2003,8,9,2003-08-09,10:00:00,2003-08-18,18:50:00,2003-08-09,10:00:00,Faro,Aljezur,Aljezur,Pero Negro,80301,37.333611,-8.722778,147720.0,41018.0,dms_recuperado,4931.0,2758.0,2105.0,68.0,Florestal,,,0,1,0,0,224.83
AG9033,,2003,8,9,2003-08-09,10:00:00,2003-08-09,18:50:00,2003-08-09,10:00:00,Faro,Lagos,Bensafrim,Corte Velada,80702,37.190833,-8.678056,151599.0,25152.0,dms_recuperado,4179.0,1272.0,2501.0,406.0,Florestal,,,0,1,0,0,8.83
AG103402,30878.0,2003,8,9,2003-08-09,10:53:00,2003-08-21,00:00:00,2003-08-09,10:53:00,Faro,Portimão,Mexilhoeira Grande,Amieira,81102,37.201667,-8.596944,158812.0,26314.0,dms_recuperado,993.0,330.0,470.0,193.0,Florestal,446.0,Intencional,0,1,0,0,277.12
BI103538,14515.0,2003,8,9,2003-08-09,15:29:00,2003-08-09,21:37:00,,,Guarda,Almeida,Nave de Haver,NAVE DE HAVER,90219,40.523333,-6.8325,310203.0,395778.0,dms_recuperado,306.875,219.0,0.0,87.875,Florestal,,,0,1,0,0,6.13
BL2031708,23044.0,2003,8,9,2003-08-09,14:58:00,2003-08-13,00:00:00,,,Coimbra,Pampilhosa da Serra,Janeiro de Baixo,Baralha,61204,40.058889,-7.808889,227645.0,343443.0,dms_recuperado,245.0,245.0,0.0,0.0,Florestal,446.0,Intencional,0,1,0,0,81.03
BI103573,14801.0,2003,8,10,2003-08-10,16:45:00,2003-08-10,18:15:00,,,Guarda,Seia,Loriga,Eira da Pedra,91207,40.332778,-7.676389,238792.0,373889.0,dms_recuperado,700.0,0.0,700.0,0.0,Florestal,,,0,1,0,0,1.5
TM1031230,15082.0,2003,8,10,2003-08-10,16:20:00,2003-08-12,22:05:00,,,Vila Real,Vila Pouca de Aguiar,Vila Pouca de Aguiar,Chã de Guilhado,171314,41.483889,-7.621944,242681.0,501770.0,dms_recuperado,467.0,158.0,309.0,0.0,Florestal,51.0,Natural,0,1,0,0,53.75
BI103560,14694.0,2003,8,10,2003-08-10,20:30:00,2003-08-12,20:00:00,,,Guarda,Celorico da Beira,Prados,pissara,90312,40.549167,-7.411111,261138.0,398087.0,dms_recuperado,412.0,28.1,383.9,0.0,Florestal,51.0,Natural,0,1,0,0,47.5
BI103557,14690.0,2003,8,10,2003-08-10,20:00:00,2003-08-11,16:50:00,,,Guarda,Celorico da Beira,Vide Entre Vinhas,tapada da moita,90320,40.585556,-7.405278,261601.0,402134.0,dms_recuperado,116.0,0.0,116.0,0.0,Florestal,51.0,Natural,0,1,0,0,20.83
BI103571,14786.0,2003,8,11,2003-08-11,15:20:00,2003-08-12,22:26:00,2003-08-11,15:20:00,Guarda,Guarda,Pêro Soares,Vila Soeiro,90731,40.536111,-7.342778,266941.0,396694.0,dms_recuperado,298.0,78.0,220.0,0.0,Florestal,214.0,Negligente,0,1,0,0,31.1
DM9035423,19105.0,2003,8,11,2003-08-11,14:00:00,2003-08-12,00:00:00,,,Porto,Marco de Canaveses,Soalhães,ABORLIDE,130722,41.140278,-8.1125,201713.0,463482.0,dms_recuperado,208.0,26.0,182.0,0.0,Florestal,448.0,Intencional,0,1,0,0,10.0
AG103404,31545.0,2003,8,12,2003-08-12,13:00:00,2003-08-20,00:00:00,2003-08-12,13:12:00,Faro,Silves,Silves,Zebro,81307,37.259722,-8.457778,171184.0,32698.0,dms_recuperado,12656.0,4654.0,7049.0,953.0,Florestal,448.0,Intencional,0,1,0,0,179.0
AG9031,,2003,8,12,2003-08-12,17:00:00,2003-08-20,00:00:00,2003-08-12,17:00:00,Faro,Monchique,Alferce,Várzea de Romba,80901,37.312778,-8.442222,172586.0,38593.0,dms_recuperado,2117.0,1088.0,925.0,104.0,Florestal,,,0,1,0,0,175.0
BI203101030,18309.0,2003,8,12,2003-08-12,18:25:00,2003-08-16,08:05:00,,,Castelo Branco,Covilhã,Unhais da Serra,UNHAIS DA SERRA,50325,40.259722,-7.624167,243274.0,365802.0,dms_recuperado,1560.0,30.0,1530.0,0.0,Florestal,,,0,1,0,0,85.67
BL103754,14861.0,2003,8,12,2003-08-12,06:33:00,2003-08-12,18:33:00,,,Guarda,Aguiar da Beira,Pena Verde,PENA VERDE,90109,40.728611,-7.505556,253000.0,417951.0,dms_recuperado,715.0,129.0,586.0,0.0,Florestal,449.0,Intencional,0,1,0,0,12.0
BI103590,14930.0,2003,8,12,2003-08-12,15:25:00,2003-08-15,22:00:00,,,Guarda,Seia,Alvoco da Serra,alvoco da serra,91201,40.293333,-7.664722,239817.0,369522.0,dms_recuperado,700.0,27.0,673.0,0.0,Florestal,630.0,Desconhecida,0,1,0,0,78.58
BI103591,14947.0,2003,8,12,2003-08-12,16:25:00,2003-08-12,16:51:00,,,Guarda,Fornos de Algodres,Vila Ruiva,Capela do Anjo,90515,40.565833,-7.506111,253086.0,399878.0,dms_recuperado,652.0,192.0,451.0,9.0,Florestal,448.0,Intencional,0,1,0,0,0.43
AT903299,24868.0,2003,8,12,2003-08-12,14:25:00,2003-08-13,19:50:00,2003-08-12,14:35:00,Beja,Ourique,Santana da Serra,Medronheira Grande,21206,37.446944,-8.264167,188381.0,53434.0,dms_recuperado,400.0,400.0,0.0,0.0,Florestal,211.0,Negligente,0,1,0,0,29.42
RO1032768,22260.0,2003,8,12,2003-08-12,17:56:00,2003-08-13,22:15:00,,,Santarém,Alcanena,Minde,COVÃO DO COELHO,140206,39.521111,-8.665833,154180.0,283824.0,dms_recuperado,230.0,30.0,200.0,0.0,Florestal,,,0,1,0,0,28.32
DM9035468,19243.0,2003,8,12,2003-08-12,11:40:00,2003-08-12,18:25:00,2003-08-12,11:45:00,Porto,Baião,Grilo,Ventosa,130207,41.140556,-8.090833,203530.0,463516.0,dms_recuperado,152.0,9.0,143.0,0.0,Florestal,448.0,Intencional,1,1,0,0,6.75
TM1031302,15322.0,2003,8,12,2003-08-12,08:30:00,2003-08-12,15:35:00,,,Vila Real,Valpaços,Nozelos,NOZELOS,171214,41.754167,-7.287778,270286.0,532001.0,dms_recuperado,110.0,0.0,110.0,0.0,Florestal,125.0,Negligente,0,1,0,0,7.08
BI203101063,18473.0,2003,8,14,2003-08-14,10:21:00,2003-08-19,14:20:00,,,Castelo Branco,Idanha-a-Nova,Proença-a-Velha,Urgeira,50511,39.98,-7.225833,277480.0,335023.0,dms_recuperado,9215.0,3456.5,2271.63,3486.87,Florestal,,,0,1,0,0,123.98
BI203101069,18492.0,2003,8,14,2003-08-14,12:07:00,2003-08-19,14:00:00,,,Castelo Branco,Idanha-a-Nova,Monsanto,Carroqueiro,50508,40.030278,-7.128889,285715.0,340707.0,dms_recuperado,2172.0,1391.0,756.0,25.0,Florestal,630.0,Desconhecida,0,1,0,0,121.88
BI203101076,18517.0,2003,8,14,2003-08-14,14:40:00,2003-08-17,04:40:00,,,Castelo Branco,Castelo Branco,Almaceda,Paiágua,50202,39.964444,-7.703333,236697.0,332997.0,dms_recuperado,1115.0,1060.0,13.0,42.0,Florestal,236.0,Negligente,1,1,0,0,62.0
BI103606,15158.0,2003,8,14,2003-08-14,14:13:00,2003-08-15,20:00:00,,,Guarda,Trancoso,Valdujo,Moitas,91325,40.818333,-7.281111,271866.0,428083.0,dms_recuperado,414.0,185.0,164.0,65.0,Florestal,630.0,Desconhecida,0,1,0,0,29.78
TM1031375,15537.0,2003,8,14,2003-08-14,07:10:00,2003-08-14,09:30:00,2003-08-14,07:10:00,Vila Real,Montalegre,Sarraquinhos,SARRAQUINHOS,170629,41.799167,-7.663333,239034.0,536758.0,dms_recuperado,109.0,2.0,107.0,0.0,Florestal,51.0,Natural,0,1,0,0,2.33
BI203101078,18523.0,2003,8,14,2003-08-14,15:02:00,2003-08-14,22:39:00,,,Castelo Branco,Covilhã,Vila Do Carvalho,ALDEIA DO CARVALHO,50301,40.307778,-7.492778,254426.0,371221.0,dms_recuperado,101.775,28.15,73.625,0.0,Florestal,236.0,Negligente,0,1,0,0,7.62
AT903346,23638.0,2003,8,15,2003-08-15,15:40:00,2003-08-15,23:15:00,2003-08-15,15:47:00,Évora,Vila Viçosa,Ciladas,Monte da Sancha,71402,38.783611,-7.303056,272106.0,202121.0,dms_recuperado,104.0,104.0,0.0,0.0,Florestal,610.0,Desconhecida,0,1,0,0,7.58
BI103625,15509.0,2003,8,18,2003-08-18,09:10:00,2003-08-20,18:20:00,,,Guarda,Fornos de Algodres,Figueiró da Granja,Bujia,90504,40.631944,-7.480833,255184.0,407230.0,dms_recuperado,508.0,50.0,408.0,50.0,Florestal,417.0,Intencional,0,1,0,0,57.17
BI103634,15639.0,2003,8,19,2003-08-19,12:20:00,2003-08-20,20:51:00,2003-08-19,12:23:00,Guarda,Almeida,Freineda,Vale Pedrão,90209,40.575833,-6.8925,305044.0,401536.0,dms_recuperado,654.0,261.6,294.3,98.1,Florestal,,,0,1,0,0,32.52
TM203620,13856.0,2003,8,21,2003-08-21,13:00:00,2003-08-21,22:30:00,,,Bragança,Carrazeda de Ansiães,Mogo de Malta,MOGO DE MALTA,40310,41.268056,-7.26,273161.0,478025.0,dms_recuperado,800.0,0.0,800.0,0.0,Florestal,312.0,Negligente,1,1,0,0,9.5
TM203621,13862.0,2003,8,21,2003-08-21,13:53:00,2003-08-22,03:50:00,2003-08-21,14:33:00,Bragança,Torre de Moncorvo,Carviçais,CARVIÇAIS,40905,41.183889,-6.892778,304066.0,469053.0,dms_recuperado,374.5,34.5,340.0,0.0,Florestal,125.0,Negligente,0,1,0,0,13.95
TM203619,13855.0,2003,8,21,2003-08-21,12:50:00,2003-08-21,13:32:00,,,Bragança,Vila Flor,Freixiel,FREIXIEL,41005,41.316389,-7.2475,274150.0,483415.0,dms_recuperado,141.0,22.0,119.0,0.0,Florestal,312.0,Negligente,1,1,0,0,0.7
BI103662,15900.0,2003,8,22,2003-08-22,14:23:00,2003-08-23,04:00:00,,,Guarda,Trancoso,Moreira de Rei,tapada grande,91312,40.803889,-7.343611,266600.0,426414.0,dms_recuperado,184.0,49.0,105.0,30.0,Florestal,630.0,Desconhecida,0,1,0,0,13.62
DM9036847,36334.0,2003,8,23,2003-08-23,01:30:00,2003-08-27,08:10:00,2003-08-23,02:00:00,Braga,Cabeceiras de Basto,Gondiães,Samão,30409,41.570833,-7.861667,222639.0,511335.0,dms_recuperado,261.5,124.0,137.5,0.0,Florestal,449.0,Intencional,0,1,0,0,102.67
DM9036356,36372.0,2003,8,23,2003-08-23,08:13:00,2003-08-23,12:50:00,2003-08-23,08:30:00,Braga,Cabeceiras de Basto,Outeiro,FOJOS,30410,41.509167,-8.051389,206821.0,504457.0,dms_recuperado,118.0,10.0,108.0,0.0,Florestal,125.0,Negligente,0,1,0,0,4.62
DM9036432,36722.0,2003,8,24,2003-08-24,14:25:00,2003-08-24,23:15:00,,,Braga,Guimarães,Gondomar,S.SIMAO,30822,41.528889,-8.267222,188809.0,506637.0,dms_recuperado,240.0,45.0,195.0,0.0,Florestal,449.0,Intencional,0,1,0,0,8.83
TM203668,14144.0,2003,8,24,2003-08-24,15:01:00,2003-08-24,21:15:00,,,Bragança,Miranda do Douro,Vila Chã de Braciosa,Barrocal,40616,41.390556,-6.318611,351748.0,492871.0,dms_recuperado,133.5,17.75,115.75,0.0,Florestal,145.0,Negligente,0,1,0,0,6.23
BI103749,17076.0,2003,9,7,2003-09-07,14:06:00,2003-09-07,20:00:00,,,Guarda,Figueira de Castelo Rodrigo,Vilar de Amargo,Picão do Lobo,90416,40.972222,-7.001667,295234.0,445419.0,dms_recuperado,319.75,0.0,319.75,0.0,Florestal,,,0,1,0,0,5.9
TM203762,15086.0,2003,9,7,2003-09-07,16:54:00,2003-09-08,11:15:00,,,Bragança,Torre de Moncorvo,Torre de Moncorvo,Quinta de Santa Clara,40916,41.185556,-7.067778,289369.0,469057.0,dms_recuperado,112.0,3.5,107.5,1.0,Florestal,125.0,Negligente,0,1,0,0,18.35
TM203800,15264.0,2003,9,9,2003-09-09,23:25:00,2003-09-10,03:30:00,,,Bragança,Mogadouro,Bruçó,BRUCO,40803,41.240278,-6.679444,321856.0,475599.0,dms_recuperado,111.0,0.0,0.0,111.0,Agrícola,125.0,Negligente,0,0,1,0,4.08
RO1033347,130663.0,2003,9,10,2003-09-10,13:02:00,2003-09-10,23:50:00,,,Lisboa,Loures,Bucelas,BOIÇÃO,110702,38.912222,-9.113333,114978.0,216524.0,dms_recuperado,500.0,100.0,400.0,0.0,Florestal,,,0,1,0,0,10.8
BI103774,17294.0,2003,9,10,2003-09-10,14:30:00,2003-09-10,23:40:00,,,Guarda,Gouveia,Lagarinhos,Texugueira,90607,40.522778,-7.673333,238947.0,394989.0,dms_recuperado,219.5,194.0,16.0,9.5,Florestal,448.0,Intencional,0,1,0,0,9.17
AT903383,28516.0,2003,9,10,2003-09-10,17:09:00,2003-09-11,03:00:00,2003-09-10,17:15:00,Beja,Castro Verde,Casével,Carrascal,20601,37.741667,-8.238333,190721.0,86156.0,dms_recuperado,210.0,37.466,40.216,132.318,Florestal,212.0,Negligente,0,1,0,0,9.85
TM203805,15302.0,2003,9,10,2003-09-10,13:59:00,2003-09-13,21:28:00,,,Bragança,Torre de Moncorvo,Lousa,LOUSA,40911,41.167778,-7.177222,280221.0,466977.0,dms_recuperado,129.0,51.0,28.0,50.0,Florestal,448.0,Intencional,0,1,0,0,79.48
AG103449,36519.0,2003,9,11,2003-09-11,15:23:00,2003-09-19,16:30:00,2003-09-11,15:23:00,Faro,Monchique,Alferce,Canivete,80901,37.365833,-8.511111,166511.0,44493.0,dms_recuperado,17213.0,11713.0,4295.0,1205.0,Florestal,630.0,Desconhecida,0,1,0,0,193.12
RO1033412,131369.0,2003,9,11,2003-09-11,14:40:00,2003-09-18,21:00:00,,,Lisboa,Mafra,Mafra,MAFRA,110909,38.939444,-9.330278,96197.0,219797.0,dms_recuperado,2756.0,2756.0,0.0,0.0,Florestal,449.0,Intencional,0,1,0,0,174.33
BI103783,17358.0,2003,9,11,2003-09-11,11:12:00,2003-09-12,01:00:00,,,Guarda,Pinhel,Azevo,Quinta do Cavaleiro,91003,40.877222,-7.118056,285559.0,434756.0,dms_recuperado,358.0,12.0,346.0,0.0,Florestal,125.0,Negligente,0,1,0,0,13.8
RO1033436,25301.0,2003,9,11,2003-09-11,15:57:00,2003-09-12,00:50:00,,,Santarém,Ferreira do Zêzere,Dornes,JUNQUEIRA,141105,39.756944,-8.257778,189298.0,309861.0,dms_recuperado,272.0,222.0,50.0,0.0,Florestal,448.0,Intencional,0,1,0,0,8.88
AT903374,28702.0,2003,9,12,2003-09-12,22:55:00,2003-09-18,22:25:00,2003-09-12,23:00:00,Beja,Odemira,Saboia,Nave Redonda,21103,37.403889,-8.483611,168956.0,48698.0,dms_recuperado,9834.478,6330.76,2986.265,517.453,Florestal,,,0,1,0,0,143.5
BI103790,17416.0,2003,9,12,2003-09-12,08:41:00,2003-09-12,10:50:00,,,Guarda,Pinhel,Azevo,Vale Sapo/ Juizo,91003,40.884444,-7.145833,283206.0,435541.0,dms_recuperado,381.0,0.0,0.0,381.0,Agrícola,125.0,Negligente,0,0,1,0,2.15
AT903354,26777.0,2003,9,12,2003-09-12,11:20:00,2003-09-12,20:15:00,2003-09-12,11:28:00,Évora,Évora,Bacelo,Quinta da Cinzeira,70517,38.614167,-7.933056,217409.0,183007.0,dms_recuperado,118.53,48.58,0.0,69.95,Florestal,211.0,Negligente,0,1,0,0,8.92
RO1033503,132232.0,2003,9,13,2003-09-13,08:40:00,2003-09-15,00:15:00,,,Lisboa,Loures,Fanhões,Ribas de Cima,110705,38.902222,-9.178333,109305.0,215493.0,dms_recuperado,142.0,17.0,125.0,0.0,Florestal,6.0,Desconhecida,0,1,0,0,39.58
BI103825,17657.0,2003,9,14,2003-09-14,14:05:00,2003-09-16,00:45:00,,,Guarda,Guarda,Marmeleiro,Vale - Penedo da Sé,90724,40.478333,-7.065556,290521.0,390513.0,dms_recuperado,2575.0,530.0,2045.0,0.0,Florestal,125.0,Negligente,0,1,0,0,34.67
BI103823,17649.0,2003,9,14,2003-09-14,12:55:00,2003-09-21,10:50:00,,,Guarda,Gouveia,Cativelos,CATIVELOS,90603,40.5325,-7.689444,237573.0,396060.0,dms_recuperado,1293.0,428.0,835.0,30.0,Florestal,448.0,Intencional,0,1,0,0,165.92
AG90311,,2003,9,14,2003-09-14,15:00:00,2003-10-19,16:30:00,2003-09-14,15:00:00,Faro,Silves,São Marcos da Serra,Monte Branco da Foz do Carvalho,81306,37.331111,-8.4275,173890.0,40619.0,dms_recuperado,604.0,87.0,482.0,35.0,Florestal,,,0,1,0,0,841.5
RO1033588,20662.0,2003,9,14,2003-09-14,15:26:00,2003-09-15,03:57:00,,,Santarém,Santarém,Abrã,Amiais de Cima,141602,39.449167,-8.759444,146067.0,275868.0,dms_recuperado,551.0,320.0,131.0,100.0,Florestal,161.0,Negligente,0,1,0,0,12.52
TM1031880,18148.0,2003,9,14,2003-09-14,20:50:00,2003-09-15,00:40:00,,,Vila Real,Montalegre,Sarraquinhos,Zebral,170629,41.789167,-7.683889,237330.0,535645.0,dms_recuperado,119.0,2.0,117.0,0.0,Florestal,419.0,Negligente,0,1,0,0,3.83
RO1033607,133258.0,2003,9,15,2003-09-15,06:41:00,2003-09-23,00:00:00,,,Lisboa,Alenquer,Abrigada,Cabanas do Chão,110101,39.142222,-9.046667,121005.0,242015.0,dms_recuperado,1700.0,950.0,750.0,0.0,Florestal,630.0,Desconhecida,0,1,0,0,185.32
BI103845,17765.0,2003,9,15,2003-09-15,16:13:00,2003-09-17,22:15:00,,,Guarda,Gouveia,Aldeias,Cabeço da Pera da Mó,90601,40.457222,-7.599444,245265.0,387748.0,dms_recuperado,100.0,64.0,36.0,0.0,Florestal,448.0,Intencional,0,1,0,0,54.03
TM203901,17926.0,2003,9,17,2003-09-17,14:15:00,2003-09-18,04:00:00,,,Guarda,Vila Nova De Foz Côa,Castelo Melhor,CASTELO MELHOR,91402,41.025556,-7.065,289820.0,451283.0,dms_recuperado,302.0,0.0,260.0,42.0,Florestal,,,0,1,0,0,13.75
RO1033702,134509.0,2003,9,17,2003-09-17,13:18:00,2003-09-17,23:40:00,,,Lisboa,Alenquer,Ota,OTA,110109,39.111111,-8.990833,125804.0,238518.0,dms_recuperado,251.0,235.0,16.0,0.0,Florestal,448.0,Intencional,0,1,0,0,10.37
RO1033676,20917.0,2003,9,17,2003-09-17,12:58:00,2003-09-18,19:00:00,,,Santarém,Benavente,Samora Correia,Monte do Belchior,140502,38.794722,-8.824444,139926.0,203275.0,dms_recuperado,143.75,143.75,0.0,0.0,Florestal,6.0,Desconhecida,0,1,0,0,30.03
BL1031168,29014.0,2003,9,18,2003-09-18,14:38:00,2003-09-18,19:38:00,,,Viseu,São Pedro do Sul,Pinho,Furnas,181609,40.7775,-7.975556,213301.0,423208.0,dms_recuperado,498.0,212.5,285.5,0.0,Florestal,312.0,Negligente,0,1,0,0,5.0
BI203101232,21523.0,2003,9,18,2003-09-18,11:22:00,2003-09-20,23:30:00,,,Castelo Branco,Oleiros,Orvalho,Casas da Zebreira,50609,40.004167,-7.736111,233878.0,337375.0,dms_recuperado,310.0,305.0,0.0,5.0,Florestal,,,0,1,0,0,60.13
BL2032021,28221.0,2003,9,18,2003-09-18,14:53:00,2003-09-19,17:30:00,,,Coimbra,Oliveira do Hospital,Seixo da Beira,Ponte de Doleira,61118,40.474444,-7.845278,224401.0,389561.0,dms_recuperado,119.25,23.85,95.4,0.0,Florestal,152.0,Negligente,0,1,0,0,26.62
BL1031166,28995.0,2003,9,18,2003-09-18,12:58:00,2003-09-21,20:09:00,,,Viseu,São Pedro do Sul,Baiões,Outeiro,181601,40.7525,-8.099444,202836.0,420410.0,dms_recuperado,110.6,83.6,27.0,0.0,Florestal,448.0,Intencional,0,1,0,0,79.18
BI103888,18003.0,2003,9,18,2003-09-18,14:39:00,2003-09-19,02:15:00,2003-09-18,14:39:00,Guarda,Mêda,Vale Flor,Ladeiras,90916,40.909444,-7.271111,272625.0,438189.0,dms_recuperado,102.0,69.0,22.0,11.0,Florestal,224.0,Negligente,0,1,0,0,11.6
RO1033774,135547.0,2003,9,19,2003-09-19,14:15:00,2003-09-21,05:30:00,,,Lisboa,Azambuja,Manique do Intendente,Vale Grande,110305,39.221944,-8.914167,132546.0,250757.0,dms_recuperado,950.0,890.0,30.0,30.0,Florestal,448.0,Intencional,0,1,0,0,39.25
RO1033761,21094.0,2003,9,19,2003-09-19,15:10:00,2003-09-20,20:10:00,,,Santarém,Rio Maior,Arrouquelas,Quinta da Amieira,141402,39.263333,-8.950833,129419.0,255389.0,dms_recuperado,780.0,780.0,0.0,0.0,Florestal,,,0,1,0,0,29.0
BL1031197,29164.0,2003,9,19,2003-09-19,15:38:00,2003-09-28,20:00:00,,,Viseu,Tondela,Mosteiro de Fráguas,Fráguas,182113,40.573611,-8.056389,206494.0,400538.0,dms_recuperado,532.0,506.0,26.0,0.0,Florestal,449.0,Intencional,0,1,0,0,220.37
RO1033792,26219.0,2003,9,19,2003-09-19,15:35:00,2003-09-20,06:00:00,,,Santarém,Abrantes,Rio de Moinhos,Aldeinha,140108,39.486111,-8.231389,191535.0,279792.0,dms_recuperado,337.0,330.0,7.0,0.0,Florestal,448.0,Intencional,0,1,0,0,14.42
BL1031191,29145.0,2003,9,19,2003-09-19,13:40:00,2003-09-20,03:16:00,,,Viseu,Castro Daire,Cabril,Mosteiro,180303,40.950833,-8.099167,202859.0,442448.0,dms_recuperado,108.5,31.0,77.5,0.0,Florestal,448.0,Intencional,0,1,0,0,13.6
BI103919,18149.0,2003,9,20,2003-09-20,04:28:00,2003-09-20,11:15:00,2003-09-20,04:28:00,Guarda,Celorico da Beira,Linhares,Cortiço da Serra (E.N. 17-Km 122.3,90308,40.569167,-7.4675,256355.0,400263.0,dms_recuperado,145.5,11.0,134.5,0.0,Florestal,,,0,1,0,0,6.78
BI103995,18752.0,2003,9,27,2003-09-27,10:26:00,2003-09-27,21:15:00,,,Guarda,Trancoso,Fiães,Tapada das Nogueiras,91307,40.735833,-7.388611,262878.0,418837.0,dms_recuperado,115.0,3.0,112.0,0.0,Florestal,630.0,Desconhecida,0,1,0,0,10.82
BI203101286,22914.0,2003,10,6,2003-10-06,14:52:00,2003-10-06,22:35:00,,,Castelo Branco,Castelo Branco,Malpica do Tejo,Monte dos Judeus,50214,39.715278,-7.426944,260535.0,305479.0,dms_recuperado,105.0,15.0,10.0,80.0,Florestal,,,0,1,0,0,7.72
BL3041408,999999.0,2004,3,27,2004-03-27,11:15:00,2004-03-29,14:58:00,,,Aveiro,Águeda,Águeda,Águeda,10104,40.575,-8.4475,173373.0,400746.0,dms_recuperado,1070.848,1070.848,0.0,0.0,Florestal,211.0,Negligente,0,1,0,0,51.72
BL3042113,9999991.0,2004,3,27,2004-03-27,11:15:00,2004-03-29,14:58:00,,,Aveiro,Sever do Vouga,Sever do Vouga,Sever do Vouga,11706,40.732222,-8.371389,179872.0,418192.0,dms_recuperado,586.152,522.152,64.0,0.0,Florestal,211.0,Negligente,0,1,0,0,51.72
BL904197,12128.0,2004,3,27,2004-03-27,11:17:00,2004-03-29,15:00:00,,,Viseu,Oliveira de Frades,Destriz,Carregal,181003,40.67,-8.271389,188307.0,411264.0,dms_recuperado,140.0,140.0,0.0,0.0,Florestal,,,0,1,0,0,51.72
TM904322,0.0,2004,4,25,2004-04-25,02:00:00,2004-04-26,19:00:00,,,Vila Real,Montalegre,Padroso,Chão de Lamas,170621,41.879167,-7.793889,228143.0,545583.0,dms_recuperado,102.58,0.0,102.58,0.0,Florestal,125.0,Negligente,0,1,0,0,41.0
TM104195,7631.0,2004,4,26,2004-04-26,22:15:00,2004-04-27,14:00:00,2004-04-26,22:15:00,Vila Real,Montalegre,Venda Nova,FRAGAS,170633,41.668056,-7.976944,212987.0,522107.0,dms_recuperado,140.62,43.44,97.18,0.0,Florestal,125.0,Negligente,0,1,0,0,15.75
BI20455,10533.0,2004,5,19,2004-05-19,15:02:00,2004-05-19,21:40:00,,,Castelo Branco,Idanha-a-Nova,Zebreira,Vale da Gralha,50517,39.814167,-7.095833,288812.0,316726.0,dms_recuperado,130.0,130.0,0.0,0.0,Florestal,630.0,Desconhecida,0,1,0,0,6.63
DM2041014,51545.0,2004,5,20,2004-05-20,11:30:00,2004-05-21,02:55:00,2004-05-20,11:35:00,Porto,Valongo,Valongo,STª JUSTA,131505,41.177778,-8.4975,169426.0,467697.0,dms_recuperado,100.0,100.0,0.0,0.0,Florestal,,,0,1,0,0,15.42
BI20480,12481.0,2004,6,12,2004-06-12,15:36:00,2004-06-13,19:40:00,,,Castelo Branco,Castelo Branco,Monforte da Beira,MONFORTE DA BEIRA,50216,39.74,-7.298611,271530.0,308312.0,dms_recuperado,851.0,851.0,0.0,0.0,Florestal,630.0,Desconhecida,0,1,0,0,28.07
BI20481,12483.0,2004,6,12,2004-06-12,15:57:00,2004-06-13,02:00:00,,,Castelo Branco,Castelo Branco,Escalos de Cima,Couto da Espadaneira,50208,39.929167,-7.403611,262354.0,329252.0,dms_recuperado,205.0,30.5,5.0,169.5,Florestal,221.0,Negligente,0,1,0,0,10.05
AT904456,1012.0,2004,6,12,2004-06-12,15:05:00,2004-06-12,19:30:00,2004-06-12,15:10:00,Portalegre,Nisa,São Matias,SÃO MATIAS,121208,39.568333,-7.7125,236138.0,288998.0,dms_recuperado,154.0,118.0,0.0,36.0,Florestal,630.0,Desconhecida,0,1,0,0,4.42
AT904447,18348.0,2004,6,13,2004-06-13,19:00:00,2004-06-14,22:00:00,2004-06-13,19:03:00,Beja,Mértola,Espírito Santo,Mesquita,20903,37.540833,-7.537778,252587.0,64033.0,dms_recuperado,161.0,45.0,72.0,44.0,Florestal,51.0,Natural,0,1,0,0,27.0
TM104347,10833.0,2004,6,15,2004-06-15,12:22:00,2004-06-15,23:32:00,2004-06-15,12:30:00,Vila Real,Vila Pouca de Aguiar,Capeludos,Bolhão,171305,41.626667,-7.605,244007.0,517614.0,dms_recuperado,114.16,0.0,114.16,0.0,Florestal,448.0,Intencional,0,1,0,0,11.17
BI10495,11042.0,2004,6,16,2004-06-16,20:37:00,2004-06-17,23:07:00,,,Guarda,Sabugal,Sortelha,"Quarta Feira (Rua dos Pessegueiros 7, 6320-530, Portugal)",91133,40.356111,-7.188611,280123.0,377006.0,dms_recuperado,336.0,8.0,328.0,0.0,Florestal,129.0,Negligente,0,1,0,0,26.5
TM204260,9750.0,2004,6,17,2004-06-17,12:55:00,2004-06-18,06:10:00,2004-06-17,12:55:00,Bragança,Alfândega Da Fé,Parada,Quinta de Santo Antão da Barca,40108,41.26,-6.881667,304865.0,477538.0,dms_recuperado,191.0,12.0,177.5,1.5,Florestal,125.0,Negligente,0,1,0,0,17.25
BI20496,13084.0,2004,6,18,2004-06-18,17:04:00,2004-06-19,10:39:00,,,Castelo Branco,Idanha-a-Nova,Idanha-a-Nova,Ponte do vale do Forão \ PTE(Couto do Coelho),50503,39.831667,-7.144167,284634.0,318639.0,dms_recuperado,513.0,81.5,0.0,431.5,Florestal,630.0,Desconhecida,0,1,0,0,17.58
BI20497,13087.0,2004,6,18,2004-06-18,17:34:00,2004-06-19,10:40:00,,,Castelo Branco,Idanha-a-Nova,Alcafozes,Granja de S. Pedro,50501,39.917222,-7.101111,288220.0,328168.0,dms_recuperado,261.0,155.0,10.0,96.0,Florestal,630.0,Desconhecida,0,1,0,0,17.1
AT3042,18989.0,2004,6,18,2004-06-18,15:45:00,2004-06-19,00:55:00,,,Beja,Mértola,Mértola,NAMORADOS,20904,37.631944,-7.711667,237188.0,74058.0,dms_recuperado,251.0,0.0,0.0,251.0,Agrícola,,,0,0,1,0,9.17
AT904448,18989.0,2004,6,18,2004-06-18,15:45:00,2004-06-19,00:55:00,2004-06-18,15:55:00,Beja,Mértola,Mértola,NAMORADOS,20904,37.626111,-7.714722,236923.0,73407.0,dms_recuperado,226.89,45.54,0.0,181.35,Florestal,222.0,Negligente,0,1,0,0,9.17
TM204272,9856.0,2004,6,18,2004-06-18,17:17:00,2004-06-19,22:45:00,,,Bragança,Torre de Moncorvo,Carviçais,Vale de Fornos,40905,41.205278,-6.859167,306844.0,471460.0,dms_recuperado,118.02,7.04,110.98,0.0,Florestal,51.0,Natural,0,1,0,0,29.47
AG10463,24484.0,2004,6,27,2004-06-27,10:58:00,2004-06-28,02:25:00,2004-06-27,10:58:00,Faro,Tavira,Tavira (santa Maria),Picota,81405,37.171667,-7.690833,239251.0,22981.0,dms_recuperado,285.0,18.0,254.0,13.0,Florestal,22.0,Negligente,0,1,0,0,15.45
RO104248,30571.0,2004,6,27,2004-06-27,13:50:00,2004-06-27,22:22:00,,,Santarém,Tomar,São Pedro de Tomar,Ervideiras,141813,39.551111,-8.355833,180850.0,287022.0,dms_recuperado,254.0,120.0,54.0,80.0,Florestal,448.0,Intencional,0,1,0,0,8.53
AG10467,24761.0,2004,6,28,2004-06-28,20:25:00,2004-06-28,21:35:00,2004-06-28,20:27:00,Faro,Tavira,Tavira (santa Maria),PICOTA,81405,37.171111,-7.693333,239045.0,22901.0,dms_recuperado,285.0,0.0,285.0,0.0,Florestal,,,1,1,0,0,1.17
AT904474,18993.0,2004,6,29,2004-06-29,12:45:00,2004-06-30,23:00:00,2004-06-29,12:50:00,Évora,Alandroal,Terena (são Pedro),HORTINHAS,70105,38.611111,-7.4475,259710.0,182875.0,dms_recuperado,1019.0,959.0,0.0,60.0,Florestal,610.0,Desconhecida,0,1,0,0,34.25
RO104273,30966.0,2004,6,29,2004-06-29,13:45:00,2004-07-02,06:30:00,,,Santarém,Abrantes,Abrantes (são Vicente),ABRANTES,140113,39.462222,-8.198056,194405.0,277143.0,dms_recuperado,583.0,553.0,20.0,10.0,Florestal,448.0,Intencional,0,1,0,0,64.75
TM204307,10505.0,2004,6,29,2004-06-29,14:20:00,2004-06-30,12:00:00,,,Bragança,Vimioso,Argozelo,ARGOZELO,41103,41.641944,-6.601111,327635.0,520307.0,dms_recuperado,387.44,4.57,382.87,0.0,Florestal,610.0,Desconhecida,0,1,0,0,21.67
TM204310,10508.0,2004,6,29,2004-06-29,15:35:00,2004-06-30,04:57:00,,,Bragança,Macedo de Cavaleiros,Morais,MORAIS,40521,41.490556,-6.776667,313267.0,503248.0,dms_recuperado,277.94,42.64,225.43,9.87,Florestal,125.0,Negligente,0,1,0,0,13.37
RO104396,30974.0,2004,6,29,2004-06-29,15:13:00,2004-06-30,05:36:00,,,Santarém,Alcanena,Monsanto,Covão do Feto,140208,39.494444,-8.693611,151782.0,280858.0,dms_recuperado,130.0,0.0,130.0,0.0,Florestal,448.0,Intencional,0,1,0,0,14.38
AT904469,20290.0,2004,6,29,2004-06-29,16:35:00,2004-06-30,01:30:00,2004-06-29,16:37:00,Beja,Mértola,Mértola,MÉRTOLA,20904,37.645,-7.666389,241176.0,75508.0,dms_recuperado,101.0,19.0,82.0,0.0,Florestal,226.0,Negligente,0,1,0,0,8.92
AG10490,25054.0,2004,6,30,2004-06-30,10:24:00,2004-07-02,18:50:00,2004-06-30,10:24:00,Faro,Tavira,Tavira (santa Maria),Fonte Salgada,81405,37.161111,-7.635833,244149.0,21822.0,dms_recuperado,4879.85,441.64,2800.0,1638.21,Florestal,,,0,1,0,0,56.43
BI204122,14162.0,2004,6,30,2004-06-30,12:43:00,2004-07-02,20:00:00,,,Castelo Branco,Castelo Branco,Castelo Branco,Queijeira Nova,50205,39.826389,-7.410278,261865.0,317815.0,dms_recuperado,1405.0,1240.0,70.0,95.0,Florestal,630.0,Desconhecida,0,1,0,0,55.28
AT904478,19104.0,2004,6,30,2004-06-30,14:15:00,2004-07-01,17:50:00,2004-06-30,14:20:00,Évora,Arraiolos,Arraiolos,Monte da Mata,70201,38.8025,-8.049722,207239.0,203910.0,dms_recuperado,430.25,430.25,0.0,0.0,Florestal,,,0,1,0,0,27.58
RO104300,31149.0,2004,6,30,2004-06-30,14:05:00,2004-07-01,00:00:00,,,Santarém,Salvaterra de Magos,Glória do Ribatejo,GLÓRIA DO RIBATEJO,141501,39.042778,-8.641667,155968.0,230682.0,dms_recuperado,220.0,170.0,50.0,0.0,Florestal,630.0,Desconhecida,0,1,0,0,9.92
RO104304,31157.0,2004,6,30,2004-06-30,15:00:00,2004-07-01,00:00:00,,,Santarém,Coruche,Couço,Aldeia Velha,140902,38.910833,-8.291944,186215.0,215936.0,dms_recuperado,135.0,105.0,30.0,0.0,Florestal,,,0,1,0,0,9.0
DM2042191,68786.0,2004,6,30,2004-06-30,14:30:00,2004-07-01,06:40:00,2004-06-30,14:35:00,Porto,Marco de Canaveses,Paços de Gaiolo,Vale Couto,130713,41.111389,-8.104167,202428.0,460269.0,dms_recuperado,100.0,38.5,61.5,0.0,Florestal,,,0,1,0,0,16.17
BL104182,26579.0,2004,7,1,2004-07-01,15:39:00,2004-07-05,23:00:00,,,Viseu,Armamar,Goujoim,GOUJOIM,180108,41.089167,-7.633056,242009.0,457928.0,dms_recuperado,862.17,372.41,479.96,9.8,Florestal,448.0,Intencional,0,1,0,0,103.35
AG10498,1.0,2004,7,1,2004-07-01,01:30:00,2004-07-02,06:40:00,2004-07-01,01:30:00,Faro,Vila Real de Santo António,Vila Nova de Cacela,VILA NOVA DE CACELA,81601,37.157222,-7.546389,252099.0,21451.0,dms_recuperado,523.97,8.48,342.7,172.79,Florestal,,,0,1,0,0,29.17
AT904527,20520.0,2004,7,1,2004-07-01,15:49:00,2004-07-01,21:35:00,2004-07-01,15:55:00,Beja,Ferreira do Alentejo,Ferreira do Alentejo,Monte dos Matos,20802,38.057778,-8.075556,205030.0,121239.0,dms_recuperado,437.71,223.71,0.0,214.0,Florestal,222.0,Negligente,0,1,0,0,5.77
AT304166,20520.0,2004,7,1,2004-07-01,15:48:00,2004-07-01,21:35:00,2004-07-01,15:49:00,Beja,Ferreira do Alentejo,Alfundão,Monte da Cassapeira,20801,38.119722,-8.0125,210572.0,128119.0,dms_recuperado,437.71,223.71,0.0,214.0,Florestal,222.0,Negligente,0,1,0,0,5.78
RO104402,31340.0,2004,7,1,2004-07-01,13:49:00,2004-07-03,07:30:00,,,Santarém,Abrantes,Abrantes (são Vicente),ABRANTES,140113,39.462222,-8.198056,194405.0,277143.0,dms_recuperado,116.0,116.0,0.0,0.0,Florestal,,,1,1,0,0,41.68
RO104370,31750.0,2004,7,3,2004-07-03,16:04:00,2004-07-04,21:10:00,,,Santarém,Santarém,Alcanede,Vale do Pedreirinho,141604,39.439167,-8.790556,143399.0,274800.0,dms_recuperado,196.0,99.0,60.0,37.0,Florestal,448.0,Intencional,0,1,0,0,29.1
DM304658,11548.0,2004,7,3,2004-07-03,17:23:00,2004-07-04,05:05:00,,,Viana do Castelo,Viana do Castelo,Castelo do Neiva,Areia,160910,41.632222,-8.798611,144536.0,518338.0,dms_recuperado,170.0,170.0,0.0,0.0,Florestal,630.0,Desconhecida,0,1,0,0,11.7
TM204350,10889.0,2004,7,4,2004-07-04,17:50:00,2004-07-06,12:15:00,,,Bragança,Carrazeda de Ansiães,Linhares,SENHORA DE LOURDES \ VG,40308,41.195556,-7.386667,262598.28125,469869.8125,dms_recuperado,466.85,465.54,0.0,1.31,Florestal,312.0,Negligente,0,1,0,0,42.42
TM204344,10863.0,2004,7,4,2004-07-04,11:15:00,2004-07-05,06:00:00,,,Bragança,Alfândega Da Fé,Alfândega da Fé,Carvalho,40102,41.328056,-6.961111,298110.0,484989.0,dms_recuperado,162.32,1.57,160.75,0.0,Florestal,125.0,Negligente,0,1,0,0,18.75
BI104197,12430.0,2004,7,5,2004-07-05,15:40:00,2004-07-05,23:55:00,,,Guarda,Sabugal,Nave,Aldeia da Dona \ POVI,91120,40.423611,-6.9525,300185.78,384554.6,dms_recuperado,298.0,125.0,0.0,173.0,Florestal,133.0,Negligente,0,1,0,0,8.25
RO304878,46749.0,2004,7,6,2004-07-06,15:50:00,2004-07-10,04:24:00,,,Setúbal,Palmela,Palmela,Vale de Barris,150802,38.560278,-8.921389,131277.0,177311.0,dms_recuperado,445.0,17.0,410.0,18.0,Florestal,335.0,Intencional,0,1,0,0,84.57
AT904485,100004.0,2004,7,6,2004-07-06,17:35:00,2004-07-06,20:00:00,2004-07-06,17:35:00,Beja,Ourique,Panóias,Fura Matos Velho,21204,37.768611,-8.3625,179771.0,89169.0,dms_recuperado,203.0,103.0,0.0,100.0,Florestal,222.0,Negligente,0,1,0,0,2.42
BL104277,29933.0,2004,7,9,2004-07-09,13:19:00,2004-07-10,00:00:00,,,Viseu,Cinfães,Oliveira Do Douro,Paredes,180410,41.075833,-8.041111,207722.0,456328.0,dms_recuperado,107.0,0.0,107.0,0.0,Florestal,,,0,1,0,0,10.68
RO304914,47999.0,2004,7,11,2004-07-11,16:32:00,2004-07-14,02:20:00,,,Setúbal,Grândola,Melides,Ceisseiro,150503,38.168611,-8.69,151174.0,133694.0,dms_recuperado,460.0,460.0,0.0,0.0,Florestal,235.0,Negligente,0,1,0,0,57.8
BL104317,28388.0,2004,7,11,2004-07-11,23:45:00,2004-07-12,04:56:00,,,Viseu,Oliveira de Frades,Arcozelo das Maias,Feitalinho,181002,40.716667,-8.291667,186596.0,416436.0,dms_recuperado,211.0,140.0,71.0,0.0,Florestal,419.0,Negligente,0,1,0,0,5.18
AG104105,26984.0,2004,7,11,2004-07-11,14:50:00,2004-07-12,20:30:00,2004-07-11,14:50:00,Faro,Loulé,Salir,Freixo Seco,80807,37.267222,-8.053333,207071.0,33485.0,dms_recuperado,150.0,150.0,0.0,0.0,Florestal,,,0,1,0,0,29.67
AT904525,20410.0,2004,7,12,2004-07-12,12:00:00,2004-07-15,23:10:00,2004-07-12,12:05:00,Évora,Portel,Alqueva,ALQUEVA,70901,38.218333,-7.539722,251960.0,139209.0,dms_recuperado,1383.25,1129.74,167.21,86.3,Florestal,610.0,Desconhecida,0,1,0,0,83.17
AT904526,20410.0,2004,7,12,2004-07-12,12:00:00,2004-07-15,23:10:00,2004-07-12,12:05:00,Beja,Vidigueira,Pedrógão,MARMELAR,21401,38.171389,-7.655278,241851.0,133955.0,dms_recuperado,843.07,541.1,296.8,5.17,Florestal,,,0,1,0,0,83.17
DM3041379,12273.0,2004,7,12,2004-07-12,16:30:00,2004-07-13,05:05:00,,,Viana do Castelo,Valença,Sanfins,Monte Salgueirinho,160810,42.035556,-8.576944,163237.0,563004.0,dms_recuperado,155.999,4.499,151.5,0.0,Florestal,448.0,Intencional,0,1,0,0,12.58
RO104604,33507.0,2004,7,13,2004-07-13,16:49:00,2004-07-15,21:06:00,,,Santarém,Ourém,Formigais,Fonte Grande,142107,39.725278,-8.450278,172791.0,306393.0,dms_recuperado,805.0,55.0,600.0,150.0,Florestal,448.0,Intencional,0,1,0,0,52.28
BI104260,13068.0,2004,7,14,2004-07-14,13:40:00,2004-07-14,19:34:00,,,Guarda,Pinhel,Lamegal,Fontanada \ REG,91012,40.675278,-7.083056,288758.12,412362.9,dms_recuperado,871.0,110.0,761.0,0.0,Florestal,125.0,Negligente,0,1,0,0,5.9
RO104635,33678.0,2004,7,14,2004-07-14,15:00:00,2004-07-15,23:51:00,,,Santarém,Tomar,Sabacheira,Sobral,141814,39.658889,-8.446667,173077.0,299022.0,dms_recuperado,822.0,172.0,500.0,150.0,Florestal,448.0,Intencional,0,1,0,0,32.85
DM20418202,74624.0,2004,7,14,2004-07-14,14:55:00,2004-07-17,20:40:00,2000-04-15,18:10:00,Porto,Valongo,Campo,L. COUCE,131502,41.156944,-8.484444,170502.0,465398.0,dms_recuperado,108.0,108.0,0.0,0.0,Florestal,,,0,1,0,0,77.75
BI104261,13072.0,2004,7,14,2004-07-14,14:00:00,2004-07-15,08:20:00,,,Guarda,Celorico da Beira,Ratoeira,Pontinha \ CAS,90314,40.640556,-7.335278,267488.67,408287.95,dms_recuperado,106.0,0.0,106.0,0.0,Florestal,215.0,Negligente,0,1,0,0,18.33
TM104684,13038.0,2004,7,15,2004-07-15,15:52:00,2004-07-18,00:05:00,2004-07-15,15:56:00,Vila Real,Vila Real,São Tomé do Castelo,Regato do Reboredo,171425,41.388611,-7.684722,237496.0,491154.0,dms_recuperado,1497.66,141.72,1355.94,0.0,Florestal,125.0,Negligente,0,1,0,0,56.22
TM104682,13031.0,2004,7,15,2004-07-15,14:30:00,2004-07-17,00:30:00,,,Vila Real,Sabrosa,Torre do Pinhão,TORRE DE PINHÃO,171014,41.377778,-7.625556,242452.0,489982.0,dms_recuperado,1369.33,45.74,1323.59,0.0,Florestal,125.0,Negligente,0,1,0,0,34.0
TM204402,11571.0,2004,7,15,2004-07-15,03:05:00,2004-07-16,01:15:00,,,Bragança,Macedo de Cavaleiros,Lagoa,LAGOA,40516,41.446667,-6.769444,313940.0,498382.0,dms_recuperado,539.07,43.69,478.82,16.56,Florestal,,,0,1,0,0,22.17
TM204405,11587.0,2004,7,15,2004-07-15,09:30:00,2004-07-15,14:00:00,,,Bragança,Macedo de Cavaleiros,Lagoa,LAGOA,40516,41.446667,-6.769444,313940.0,498382.0,dms_recuperado,471.0,10.0,451.0,10.0,Florestal,125.0,Negligente,1,1,0,0,4.5
DM20418373,75289.0,2004,7,15,2004-07-15,21:30:00,2004-07-16,19:35:00,2004-07-15,21:45:00,Porto,Marco de Canaveses,Paredes de Viadores,MONTEDEIRAS,130714,41.128056,-8.1425,199194.0,462112.0,dms_recuperado,426.0,15.0,411.0,0.0,Florestal,,,0,1,0,0,22.08
DM20418352,75190.0,2004,7,15,2004-07-15,18:00:00,2004-07-17,00:30:00,2004-07-15,18:05:00,Porto,Penafiel,Lagares,SERRA BONECA,131116,41.115556,-8.369722,180121.0,460740.0,dms_recuperado,317.0,96.0,221.0,0.0,Florestal,,,0,1,0,0,30.5
TM204403,11621.0,2004,7,15,2004-07-15,15:45:00,2004-07-16,04:45:00,,,Bragança,Torre de Moncorvo,Peredo dos Castelhanos,PEREDO DOS CASTELHANOS,40914,41.108611,-7.075278,288846.0,460484.0,dms_recuperado,314.17,9.13,305.04,0.0,Florestal,124.0,Negligente,0,1,0,0,13.0
BI204185,15629.0,2004,7,16,2004-07-16,14:38:00,2004-07-17,16:06:00,,,Castelo Branco,Castelo Branco,Castelo Branco,Monte da Ponte,50205,39.776944,-7.450556,258455.0,312315.0,dms_recuperado,1842.0,1824.0,18.0,0.0,Florestal,,,0,1,0,0,25.47
BI204186,15632.0,2004,7,16,2004-07-16,14:52:00,2004-07-18,15:55:00,,,Castelo Branco,Castelo Branco,Retaxo,Represa,50219,39.764722,-7.587222,246769.0,310864.0,dms_recuperado,478.0,458.0,20.0,0.0,Florestal,630.0,Desconhecida,0,1,0,0,49.05
BI104290,13206.0,2004,7,16,2004-07-16,01:30:00,2004-07-16,09:20:00,,,Guarda,Vila Nova De Foz Côa,Castelo Melhor,SÃO GABRIEL 1º \ VG,91402,41.031667,-7.080833,288490.88,451930.03,dms_recuperado,320.0,0.0,320.0,0.0,Florestal,,,0,1,0,0,7.83
BI204187,15641.0,2004,7,16,2004-07-16,17:21:00,2004-07-19,01:30:00,,,Castelo Branco,Oleiros,Cambas,Portela do Armadouro \ CAS,50603,40.055556,-7.863333,223018.0,343043.0,dms_recuperado,260.0,255.0,3.0,2.0,Florestal,630.0,Desconhecida,0,1,0,0,56.15
BL104460,29437.0,2004,7,17,2004-07-17,00:30:00,2004-07-17,03:00:00,,,Viseu,Cinfães,São Cristovão De Nogueira,Valbom,180413,41.063056,-8.138611,199536.0,454884.0,dms_recuperado,332.0,76.0,256.0,0.0,Florestal,6.0,Desconhecida,0,1,0,0,2.5
BL1041282,30349.0,2004,7,21,2004-07-21,14:10:00,2004-07-21,16:10:00,,,Viseu,Moimenta da Beira,Leomil,Quinta do Furenho,180709,40.9625,-7.688611,237404.0,443816.0,dms_recuperado,722.71,44.5,678.21,0.0,Florestal,222.0,Negligente,0,1,0,0,2.0
TM104777,13480.0,2004,7,21,2004-07-21,04:30:00,2004-07-21,07:30:00,2004-07-21,05:25:00,Vila Real,Vila Pouca de Aguiar,Telões,Tourencinho,171311,41.423056,-7.675556,238248.0,494984.0,dms_recuperado,580.04,26.38,553.66,0.0,Florestal,125.0,Negligente,0,1,0,0,3.0
TM104823,13689.0,2004,7,23,2004-07-23,17:25:00,2004-07-28,14:15:00,2004-07-23,17:25:00,Vila Real,Vila Pouca de Aguiar,Telões,Zimão,171311,41.448333,-7.662222,239348.0,497783.0,dms_recuperado,804.12,52.28,751.84,0.0,Florestal,446.0,Intencional,0,1,0,0,116.83
TM104809,13637.0,2004,7,23,2004-07-23,09:52:00,2004-07-25,04:00:00,2004-07-23,09:52:00,Vila Real,Vila Real,Lamares,Outeiro do Lobo,171412,41.306111,-7.625,242541.0,482015.0,dms_recuperado,627.97,18.52,609.45,0.0,Florestal,448.0,Intencional,0,1,0,0,42.13
DM20415806,78581.0,2004,7,23,2004-07-23,16:15:00,2004-07-25,22:00:00,2004-07-23,16:30:00,Porto,Penafiel,Portela,Sampaio,131127,41.109722,-8.306389,185443.0,460107.0,dms_recuperado,209.0,179.0,30.0,0.0,Florestal,,,0,1,0,0,53.75
AT904514,21832.0,2004,7,24,2004-07-24,13:10:00,2004-07-24,23:30:00,2004-07-24,13:15:00,Évora,Évora,Torre de Coelheiros,Monte da Igreja,70513,38.485278,-7.825,226879.0,168714.0,dms_recuperado,431.41,145.96,17.5,267.95,Florestal,630.0,Desconhecida,0,1,0,0,10.33
BI104334,13891.0,2004,7,24,2004-07-24,11:38:00,2004-07-24,16:30:00,,,Guarda,Vila Nova De Foz Côa,Numão,Requeijo \ REG,91411,41.135278,-7.278333,271756.39,463273.35,dms_recuperado,303.43,0.0,303.43,0.0,Florestal,,,0,1,0,0,4.87
BL104619,31015.0,2004,7,24,2004-07-24,18:26:00,2004-07-25,15:15:00,,,Viseu,Lamego,Penude,Lameira Solta \ REG,180517,41.087222,-7.862222,222752.0,457608.0,dms_recuperado,289.0,0.0,289.0,0.0,Florestal,125.0,Negligente,0,1,0,0,20.82
AG104166,29427.0,2004,7,25,2004-07-25,15:55:00,2004-07-26,19:55:00,2004-07-25,15:55:00,Faro,Castro Marim,Odeleite,Corte Pequena,80403,37.3225,-7.590556,248080.0,39752.0,dms_recuperado,5632.1,699.8,2398.2,2534.1,Florestal,4.0,Intencional,0,1,0,0,28.0
AG104172,6.0,2004,7,25,2004-07-25,19:40:00,2004-07-26,01:10:00,2004-07-25,19:40:00,Faro,Castro Marim,Odeleite,Fonte de Zambujo (extensão),80403,37.333889,-7.486944,257255.0,41070.0,dms_recuperado,2404.6,297.3,1026.4,1080.9,Florestal,,,0,1,0,0,5.5
RO1041040,35609.0,2004,7,25,2004-07-25,11:14:00,2004-07-26,23:00:00,,,Santarém,Torres Novas,Pedrógão,VALE DA SERRA,141909,39.513333,-8.6075,159198.0,282930.0,dms_recuperado,1886.1,57.0,380.3,1448.8,Florestal,630.0,Desconhecida,0,1,0,0,35.77
AG104165,29442.0,2004,7,25,2004-07-25,16:00:00,2004-07-28,16:30:00,2004-07-25,16:00:00,Faro,Alcoutim,Pereiro,Fonte Zambujo,80204,37.423611,-7.578333,249081.0,50996.0,dms_recuperado,1731.2,409.2,921.0,401.0,Florestal,4.0,Intencional,0,1,0,0,72.5
BI104349,14019.0,2004,7,25,2004-07-25,16:02:00,2004-07-26,22:00:00,,,Guarda,Sabugal,Rebolosa,Porto da Nave \ REG,91126,40.414167,-6.919167,303033.03,383535.99,dms_recuperado,1237.5,495.0,371.25,371.25,Florestal,630.0,Desconhecida,0,1,0,0,29.97
AG104134,29343.0,2004,7,25,2004-07-25,09:39:00,2004-08-03,14:00:00,2004-07-25,09:41:00,Faro,Monchique,Monchique,Barranco Silvestre,80903,37.302778,-8.615833,157175.0,37538.0,dms_recuperado,1078.54,618.2,460.34,0.0,Florestal,,,1,1,0,0,220.35
TM104894,13889.0,2004,7,25,2004-07-25,16:45:00,2004-07-28,23:35:00,2004-07-25,16:45:00,Vila Real,Murça,Valongo de Milhais,Carvas,170708,41.439167,-7.486389,254047.0,496862.0,dms_recuperado,934.23,158.43,775.8,0.0,Florestal,2.0,Negligente,0,1,0,0,78.83
TM104893,13884.0,2004,7,25,2004-07-25,15:58:00,2004-07-26,04:30:00,2004-07-25,16:15:00,Vila Real,Chaves,Calvão,Lamarelhas,170306,41.791667,-7.565833,247155.0,535971.0,dms_recuperado,880.97,0.0,880.97,0.0,Florestal,630.0,Desconhecida,0,1,0,0,12.53
RO3041234,51817.0,2004,7,25,2004-07-25,13:45:00,2004-08-02,19:27:00,,,Setúbal,Setúbal,Setúbal (nossa Senhora Da Anunciada),EN 10 HERDADE XAVIER LIMA,151201,38.520833,-8.897778,133295.0,172900.0,dms_recuperado,740.0,405.0,305.0,30.0,Florestal,124.0,Negligente,0,1,0,0,197.7
DM3041030,13523.0,2004,7,25,2004-07-25,14:00:00,2004-07-26,06:48:00,,,Viana do Castelo,Viana do Castelo,Vilar de Murteda,VILAR DE MURTEDA,160939,41.77,-8.724167,150846.0,533597.0,dms_recuperado,275.0,275.0,0.0,0.0,Florestal,610.0,Desconhecida,0,1,0,0,16.8
AT30418,23478.0,2004,7,25,2004-07-25,12:27:00,2004-07-26,01:20:00,2004-07-25,12:27:00,Beja,Odemira,Bicos,Vale Escuro,21113,37.837778,-8.445556,172487.0,96866.0,dms_recuperado,177.0,177.0,0.0,0.0,Florestal,630.0,Desconhecida,0,1,0,0,12.88
DM4042789,41363.0,2004,7,25,2004-07-25,15:50:00,2004-07-26,01:00:00,,,Braga,Guimarães,São Torcato,BOUÇA DA LAGE,30865,41.471944,-8.258889,189475.0,500327.0,dms_recuperado,158.0,113.0,45.0,0.0,Florestal,2.0,Negligente,0,1,0,0,9.17
BL104673,31244.0,2004,7,25,2004-07-25,19:13:00,2004-07-26,19:09:00,,,Viseu,Mangualde,Mesquitela,MESQUITELA,180611,40.584722,-7.746389,232730.0,401850.0,dms_recuperado,119.0,3.0,116.0,0.0,Florestal,630.0,Desconhecida,0,1,0,0,23.93
AG104169,29676.0,2004,7,26,2004-07-26,16:15:00,2004-07-30,22:30:00,2004-07-26,16:15:00,Faro,Loulé,Alte,Águas Frias de Baixo,80802,37.317222,-8.178056,196003.0,39048.0,dms_recuperado,14508.1,10757.6,2049.8,1700.7,Florestal,6.0,Desconhecida,0,1,0,0,102.25
AT30411,23660.0,2004,7,26,2004-07-26,15:34:00,2004-07-30,20:00:00,2004-07-26,15:36:00,Beja,Almodôvar,São Barnabé,Monte do Zebro,20206,37.42,-8.152778,198237.0,50436.0,dms_recuperado,8667.402,4043.885,3955.903,667.614,Florestal,630.0,Desconhecida,0,1,0,0,100.43
AG104170,4.0,2004,7,26,2004-07-26,17:20:00,2004-07-28,12:35:00,2004-07-26,17:20:00,Faro,Silves,São Bartolomeu de Messines,Extensão de Águas Frias,81305,37.256667,-8.286389,186394.0,32334.0,dms_recuperado,2429.7,1125.1,1143.1,161.5,Florestal,,,0,1,0,0,43.25
BL104691,31394.0,2004,7,26,2004-07-26,13:32:00,2004-07-27,00:25:00,,,Viseu,Castro Daire,Ermida,Vilar,180306,40.940833,-7.9225,217732.0,441352.0,dms_recuperado,1908.0,4.0,1904.0,0.0,Florestal,449.0,Intencional,0,1,0,0,10.88
AT904522,22082.0,2004,7,26,2004-07-26,15:25:00,2004-07-26,23:45:00,2004-07-26,15:29:00,Évora,Évora,Canaviais,Canaviais,70515,38.610833,-7.905556,219817.0,182657.0,dms_recuperado,1354.9,80.2,61.65,1213.05,Florestal,221.0,Negligente,0,1,0,0,8.33
BL104712,31372.0,2004,7,26,2004-07-26,11:35:00,2004-07-26,18:40:00,,,Viseu,Cinfães,Cinfães,Casal Matos,180403,41.054722,-8.075,204873.0,453985.0,dms_recuperado,1315.5,202.0,1113.5,0.0,Florestal,630.0,Desconhecida,0,1,0,0,7.08
AG104168,3.0,2004,7,26,2004-07-26,14:20:00,2004-07-27,06:45:00,2004-07-26,14:20:00,Faro,Tavira,Cachopo,Extensão de Corte Pequena,81401,37.332778,-7.8175,227956.0,40808.0,dms_recuperado,1301.5,217.8,238.4,845.3,Florestal,,,0,1,0,0,16.42
AG104167,2.0,2004,7,26,2004-07-26,12:50:00,2004-07-26,21:40:00,2004-07-26,12:50:00,Faro,Vila Real de Santo António,Vila Nova de Cacela,Extensão de Corte Pequena,81601,37.157222,-7.546389,252099.0,21451.0,dms_recuperado,1257.9,165.6,367.8,724.5,Florestal,,,0,1,0,0,8.83
AT30412,23663.0,2004,7,26,2004-07-26,16:21:00,2004-07-27,12:00:00,2004-07-26,16:25:00,Beja,Mértola,Mértola,Ribeira de Carreiras,20904,37.616667,-7.686111,239453.0,72365.0,dms_recuperado,1240.0,32.0,1208.0,0.0,Florestal,610.0,Desconhecida,0,1,0,0,19.65
AT30414,23671.0,2004,7,26,2004-07-26,16:52:00,2004-07-27,02:15:00,2004-07-26,16:55:00,Beja,Beja,São Matias,SÃO MATIAS,20516,38.109167,-7.856111,224274.0,126981.0,dms_recuperado,1168.0,230.0,0.0,938.0,Florestal,,,0,1,0,0,9.38
DM20416189,80178.0,2004,7,26,2004-07-26,15:50:00,2004-07-29,20:00:00,2004-07-26,18:00:00,Porto,Baião,Gestaçô,LUG. FURACASAS,130205,41.171389,-7.940833,216136.0,466942.0,dms_recuperado,600.0,61.0,539.0,0.0,Florestal,,,0,1,0,0,76.17
BL104718,31430.0,2004,7,26,2004-07-26,15:45:00,2004-07-29,00:45:00,,,Viseu,Nelas,Nelas,Folhadal,180903,40.5125,-7.852778,223747.0,393799.0,dms_recuperado,525.0,10.0,515.0,0.0,Florestal,448.0,Intencional,0,1,0,0,57.0
BL404451,31774.0,2004,7,26,2004-07-26,14:15:00,2004-07-29,01:30:00,,,Leiria,Porto de Mós,São Bento,Cabeça das Pombas \ POV,101610,39.487778,-8.802222,142430.5,280207.0,dms_recuperado,525.0,4.0,521.0,0.0,Florestal,125.0,Negligente,0,1,0,0,59.25
TM204471,12434.0,2004,7,26,2004-07-26,14:31:00,2004-07-27,00:20:00,,,Bragança,Torre de Moncorvo,Felgueiras,Eirinha,40908,41.153611,-7.012778,294028.0,465554.0,dms_recuperado,266.04,15.08,250.96,0.0,Florestal,133.0,Negligente,0,1,0,0,9.82
AT30413,23665.0,2004,7,26,2004-07-26,16:29:00,2004-07-28,20:20:00,2004-07-26,16:30:00,Beja,Cuba,Vila Alva,Monte do Zambujal,20703,38.232222,-7.901389,220282.0,140613.0,dms_recuperado,265.0,0.0,265.0,0.0,Agrícola,6.0,Desconhecida,0,1,0,0,51.85
RO104857,35855.0,2004,7,26,2004-07-26,15:53:00,2004-07-27,02:30:00,,,Santarém,Ourém,Freixianda,Cumeada,142108,39.798333,-8.489167,169491.0,314510.0,dms_recuperado,256.0,195.0,51.0,10.0,Florestal,448.0,Intencional,0,1,0,0,10.62
BI204236,16460.0,2004,7,26,2004-07-26,12:38:00,2004-07-27,15:40:00,,,Castelo Branco,Castelo Branco,Cafede,Azenha da Ponte de Santiago \ AZE,50204,39.891111,-7.517778,252607.0,324951.0,dms_recuperado,238.0,126.0,14.0,98.0,Florestal,226.0,Negligente,0,1,0,0,27.03
AG104162,29609.0,2004,7,26,2004-07-26,10:35:00,2004-08-05,18:00:00,2004-07-26,10:35:00,Faro,Faro,Montenegro,Gambelas,80506,37.0425,-7.969444,214548.0,8545.0,dms_recuperado,202.0,162.0,24.5,15.5,Florestal,,,0,1,0,0,247.42
BI104357,14083.0,2004,7,26,2004-07-26,09:40:00,2004-07-26,14:35:00,,,Guarda,Vila Nova De Foz Côa,Vila Nova de Foz Côa,Ribeira do Vale da Veiga \ RIB,91417,41.078611,-7.158611,281882.09,457074.25,dms_recuperado,169.0,0.0,169.0,0.0,Florestal,,,0,1,0,0,4.92
RO1041021,,2004,7,26,2004-07-26,17:00:00,2004-07-26,23:50:00,,,Santarém,Abrantes,Bemposta,BEMPOSTA,140104,39.350556,-8.14,199388.0,264754.0,dms_recuperado,169.0,169.0,0.0,0.0,Florestal,234.0,Negligente,1,1,0,0,6.83
RO2041874,105764.0,2004,7,26,2004-07-26,08:02:00,2004-07-28,11:11:00,,,Lisboa,Mafra,Santo Estêvão Das Galés,MONFIRRE - VALE DO INFERNO,110912,38.876389,-9.251111,102961.0,212683.0,dms_recuperado,167.5,63.0,104.5,0.0,Florestal,,,0,1,0,0,51.15
BL104695,31404.0,2004,7,26,2004-07-26,13:55:00,2004-07-26,21:20:00,,,Viseu,Resende,Paus,PAUS,181310,41.075556,-7.908889,218833.0,456319.0,dms_recuperado,156.0,0.0,156.0,0.0,Florestal,630.0,Desconhecida,0,1,0,0,7.42
DM20416181,80143.0,2004,7,26,2004-07-26,14:55:00,2004-07-27,08:00:00,2004-07-26,15:00:00,Porto,Marco de Canaveses,Tabuado,SABUGAL,130724,41.186389,-8.120833,201025.0,468587.0,dms_recuperado,142.0,30.0,112.0,0.0,Florestal,,,0,1,0,0,17.08
BL404448,31771.0,2004,7,26,2004-07-26,14:10:00,2004-07-26,23:00:00,,,Leiria,Porto de Mós,Mendiga,Casais do Chão,101607,39.5125,-8.842222,139009.0,282972.0,dms_recuperado,123.0,0.0,123.0,0.0,Florestal,610.0,Desconhecida,0,1,0,0,8.83
BL104690,31371.0,2004,7,26,2004-07-26,10:40:00,2004-07-27,00:43:00,,,Viseu,Cinfães,Tendais,Meridãos,180416,41.015,-8.0575,206351.0,449558.0,dms_recuperado,120.0,90.0,30.0,0.0,Florestal,6.0,Desconhecida,0,1,0,0,14.05
TM104961,14099.0,2004,7,27,2004-07-27,11:20:00,2004-07-29,17:20:00,2004-07-27,11:20:00,Vila Real,Valpaços,São Pedro de Veiga de Lila,SÃO PEDRO DE VEIGA DE LILA,171223,41.4975,-7.328889,267137.0,503460.0,dms_recuperado,1782.78,487.38,1295.4,0.0,Florestal,312.0,Negligente,0,1,0,0,54.0
TM204479,12521.0,2004,7,27,2004-07-27,11:38:00,2004-07-28,21:18:00,2004-07-27,17:10:00,Bragança,Mirandela,Passos,PASSOS,40724,41.464722,-7.264444,272562.0,499878.0,dms_recuperado,1131.8,648.99,482.81,0.0,Florestal,312.0,Negligente,0,1,0,0,33.67
TM104959,14088.0,2004,7,27,2004-07-27,09:05:00,2004-07-29,12:02:00,2004-07-27,09:25:00,Vila Real,Boticas,Granja,Ventoselos,170212,41.694444,-7.655833,239718.0,525144.0,dms_recuperado,1013.76,396.63,617.13,0.0,Florestal,448.0,Intencional,0,1,0,0,50.95
DM20416251,80451.0,2004,7,27,2004-07-27,08:00:00,2004-07-28,20:40:00,2004-07-27,08:20:00,Porto,Baião,Loivos do Monte,LG.TELÕES,130208,41.211667,-7.983056,212577.0,471404.0,dms_recuperado,780.0,18.0,762.0,0.0,Florestal,,,0,1,0,0,36.67
TM204476,12503.0,2004,7,27,2004-07-27,12:16:00,2004-07-29,18:40:00,,,Bragança,Bragança,Outeiro,Recta Corsa,40226,41.683611,-6.602222,327465.0,524962.0,dms_recuperado,436.77,0.0,436.77,0.0,Florestal,610.0,Desconhecida,0,1,0,0,54.4
TM104992,,2004,7,27,2004-07-27,22:30:00,2004-07-27,23:30:00,,,Vila Real,Vila Pouca de Aguiar,Valoura,VALOURA,171313,41.571944,-7.543056,249210.0,511591.0,dms_recuperado,276.95,107.84,169.11,0.0,Florestal,448.0,Intencional,0,1,0,0,1.0
DM3041140,13774.0,2004,7,27,2004-07-27,13:40:00,2004-07-28,00:35:00,,,Viana do Castelo,Arcos de Valdevez,Gondoriz,Mondão,160115,41.886944,-8.409444,177064.0,546430.0,dms_recuperado,269.992,45.0,224.992,0.0,Florestal,226.0,Negligente,0,1,0,0,10.92
DM20416332,80812.0,2004,7,27,2004-07-27,20:40:00,2004-07-28,20:40:00,2004-07-27,02:40:00,Porto,Baião,Ovil,LG.ERVIS,130211,41.180833,-8.013611,210008.0,467983.0,dms_recuperado,220.0,40.0,180.0,0.0,Florestal,,,0,1,0,0,24.0
DM20416269,80568.0,2004,7,27,2004-07-27,12:50:00,2004-07-28,06:00:00,2004-07-27,13:10:00,Porto,Marco de Canaveses,Soalhães,LG.VINHEIROS,130722,41.176944,-8.078611,204554.0,467533.0,dms_recuperado,151.0,70.0,81.0,0.0,Florestal,,,0,1,0,0,17.17
TM104980,14145.0,2004,7,27,2004-07-27,15:00:00,2004-07-28,01:40:00,,,Vila Real,Chaves,Calvão,Castelãos,170306,41.803611,-7.558056,247777.0,537309.0,dms_recuperado,142.85,0.0,140.59,2.26,Florestal,448.0,Intencional,0,1,0,0,10.67
AT20438,16679.0,2004,7,27,2004-07-27,14:20:00,2004-07-28,17:15:00,,,Portalegre,Portalegre,Fortios,Fortios,121404,39.330556,-7.497778,254770.0,262719.0,dms_recuperado,130.0,130.0,0.0,0.0,Florestal,,,0,1,0,0,26.92
RO104909,36038.0,2004,7,27,2004-07-27,14:40:00,2004-07-28,03:05:00,,,Santarém,Santarém,Achete,ACHETE,141603,39.33,-8.691389,151842.0,262617.0,dms_recuperado,107.0,7.0,10.0,90.0,Florestal,236.0,Negligente,0,1,0,0,12.42
BL104757,31646.0,2004,7,27,2004-07-27,15:19:00,2004-07-27,16:20:00,,,Viseu,Lamego,Avões,AVÕES DE LÁ,180502,41.116944,-7.827222,225679.0,460935.0,dms_recuperado,100.04,0.0,100.04,0.0,Florestal,,,0,1,0,0,1.02
BI104392,14293.0,2004,7,28,2004-07-28,12:50:00,2004-07-29,20:20:00,,,Guarda,Mêda,Mêda,Chão do Coito \ CAM,90909,40.940278,-7.257778,273694.0,441639.0,dms_recuperado,545.0,250.0,250.0,45.0,Florestal,630.0,Desconhecida,0,1,0,0,31.5
TM1041003,14211.0,2004,7,28,2004-07-28,14:25:00,2004-07-29,21:00:00,2004-07-28,14:30:00,Vila Real,Chaves,Ervededo,Laguareira,170312,41.837222,-7.525278,250468.0,541055.0,dms_recuperado,198.69,0.0,198.69,0.0,Florestal,,,0,1,0,0,30.58
TM204517,12698.0,2004,7,29,2004-07-29,19:50:00,2004-07-30,10:05:00,,,Bragança,Torre de Moncorvo,Adeganha,JUNQUEIRA,40902,41.269167,-7.081667,288087.0,478332.0,dms_recuperado,215.69,15.62,200.07,0.0,Florestal,125.0,Negligente,0,1,0,0,14.25
DM3041216,13961.0,2004,7,29,2004-07-29,03:06:00,2004-07-30,01:54:00,,,Viana do Castelo,Monção,Bela,BELA,160406,42.065278,-8.43,175426.0,566263.0,dms_recuperado,180.0,66.0,114.0,0.0,Florestal,,,1,1,0,0,22.8
TM204529,12745.0,2004,7,30,2004-07-30,13:45:00,2004-07-30,21:40:00,,,Bragança,Torre de Moncorvo,Adeganha,ADEGANHA,40902,41.274722,-7.050833,290660.0,478961.0,dms_recuperado,200.0,0.0,200.0,0.0,Florestal,,,1,1,0,0,7.92
BI104420,14560.0,2004,7,31,2004-07-31,13:15:00,2004-08-01,02:10:00,,,Guarda,Celorico da Beira,Celorico (são Pedro),Barco \ POV,90317,40.639167,-7.433611,259168.19,408054.42,dms_recuperado,1144.0,23.0,771.0,350.0,Florestal,212.0,Negligente,0,1,0,0,12.92
BI904143,99974.0,2004,7,31,2004-07-31,23:08:00,2004-08-02,18:35:00,,,Guarda,Sabugal,Bendada,Quinta dos Coito \ CAS,91110,40.363889,-7.274444,272919.84,377613.61,dms_recuperado,260.0,2.0,258.0,0.0,Florestal,125.0,Negligente,0,1,0,0,43.45
BI204276,16989.0,2004,7,31,2004-07-31,23:08:00,2004-08-02,18:35:00,,,Castelo Branco,Belmonte,Inguias,Olas,50104,40.354167,-7.291667,271482.0,376519.0,dms_recuperado,200.0,2.0,198.0,0.0,Florestal,125.0,Negligente,0,1,0,0,43.45
BI104419,14557.0,2004,7,31,2004-07-31,12:50:00,2004-08-01,02:35:00,,,Guarda,Fornos de Algodres,Fornos de Algodres,Quinta dos Ranchos,90505,40.5825,-7.574722,247276.0,401689.0,dms_recuperado,182.0,32.0,146.0,4.0,Florestal,2.0,Negligente,0,1,0,0,13.75
AG104171,5.0,2004,8,1,2004-08-01,17:45:00,2004-08-03,20:00:00,2004-08-01,17:45:00,Faro,São Brás de Alportel,São Brás de Alportel,Extensão de Águas Frias,81201,37.176111,-7.908056,219958.0,23392.0,dms_recuperado,2974.8,2521.1,262.6,191.1,Florestal,,,0,1,0,0,50.25
BI104443,14675.0,2004,8,1,2004-08-01,14:42:00,2004-08-01,21:30:00,,,Guarda,Vila Nova De Foz Côa,Almendra,Almendra \ CF,91401,41.035,-7.006111,294770.31,452383.19,dms_recuperado,168.66,0.0,168.66,0.0,Florestal,,,0,1,0,0,6.8
BI104438,14651.0,2004,8,1,2004-08-01,10:27:00,2004-08-02,04:20:00,,,Guarda,Trancoso,Vila Garcia,VILA GARCIA \ SF,91328,40.795,-7.2575,273886.61,425498.06,dms_recuperado,122.0,18.0,62.0,42.0,Florestal,131.0,Negligente,0,1,0,0,17.88
TM204580,13019.0,2004,8,2,2004-08-02,14:29:00,2004-08-04,02:15:00,,,Bragança,Torre de Moncorvo,Carviçais,CARVIÇAIS,40905,41.183889,-6.892778,304066.0,469053.0,dms_recuperado,301.0,44.0,257.0,0.0,Florestal,151.0,Negligente,0,1,0,0,35.77
BI104455,14719.0,2004,8,2,2004-08-02,05:20:00,2004-08-02,21:50:00,,,Guarda,Pinhel,Vale De Madeira,Quinta Nova \ VIAS,91026,40.805833,-7.029444,293114.0,426904.0,dms_recuperado,182.5,0.0,182.5,0.0,Florestal,,,0,1,0,0,16.5
BI204296,17537.0,2004,8,6,2004-08-06,13:53:00,2004-08-08,12:30:00,,,Castelo Branco,Castelo Branco,Santo André das Tojeiras,Silveira dos Limões,50221,39.818056,-7.703889,236736.0,316750.0,dms_recuperado,1282.0,1065.0,107.0,110.0,Florestal,630.0,Desconhecida,0,1,0,0,46.62
TM204630,13454.0,2004,8,7,2004-08-07,15:59:00,2004-08-08,12:20:00,,,Bragança,Vimioso,Santulhão,SANTULHÃO,41110,41.565,-6.621667,326074.0,511756.0,dms_recuperado,553.28,20.15,528.13,5.0,Florestal,448.0,Intencional,0,1,0,0,20.35
AT304143,26844.0,2004,8,20,2004-08-20,13:10:00,2004-08-21,23:15:00,2004-08-20,13:10:00,Beja,Odemira,Luzianes-Gare,Corgo dos Pereiros,21115,37.565278,-8.511944,166509.0,66645.0,dms_recuperado,580.0,280.0,100.0,200.0,Florestal,630.0,Desconhecida,0,1,0,0,34.08
BI904145,16914.0,2004,8,27,2004-08-27,12:58:00,2004-08-28,01:30:00,,,Guarda,Pinhel,Pinhel,Serros,91017,40.755278,-7.052222,291276.0,421264.0,dms_recuperado,400.0,7.0,393.0,0.0,Florestal,125.0,Negligente,0,1,0,0,12.53
BI904194,17320.0,2004,9,1,2004-09-01,15:10:00,2004-09-01,23:30:00,,,Guarda,Vila Nova De Foz Côa,Castelo Melhor,Canada dos Corços \ REG,91402,41.035,-7.047222,291312.48,452363.13,dms_recuperado,276.0,0.0,270.0,6.0,Florestal,,,0,1,0,0,8.33
BI904210,17448.0,2004,9,2,2004-09-02,21:10:00,2004-09-03,03:30:00,,,Guarda,Figueira de Castelo Rodrigo,Escalhão,Fonte dos Lobos \ REG,90406,40.960278,-6.976111,297386.62,444120.78,dms_recuperado,1203.0,0.0,1203.0,0.0,Florestal,,,0,1,0,0,6.33
BI904305,18122.0,2004,9,12,2004-09-12,14:47:00,2004-09-12,18:30:00,,,Guarda,Vila Nova De Foz Côa,Chãs,Curral do Pregador,91404,41.013889,-7.115278,285602.0,449927.0,dms_recuperado,113.45,0.0,113.45,0.0,Florestal,,,0,1,0,0,3.72
BL1041642,41118.0,2004,9,18,2004-09-18,15:40:00,2004-09-18,23:14:00,,,Viseu,Castro Daire,Almofala,Bustelo,180301,40.968611,-7.771667,230425.0,444466.0,dms_recuperado,136.5,14.5,122.0,0.0,Florestal,448.0,Intencional,0,1,0,0,7.57
TM204953,16824.0,2004,9,24,2004-09-24,20:28:00,2004-09-25,21:35:00,,,Bragança,Torre de Moncorvo,Urrós,URROS,40917,41.083611,-7.024444,293144.0,457771.0,dms_recuperado,213.6,0.0,213.6,0.0,Florestal,125.0,Negligente,0,1,0,0,25.12
TM204984,16939.0,2004,9,26,2004-09-26,15:57:00,2004-09-27,04:45:00,,,Bragança,Torre de Moncorvo,Torre de Moncorvo,Fonte Fria,40916,41.175556,-7.052778,290639.0,467951.0,dms_recuperado,760.0,0.0,760.0,0.0,Florestal,,,0,1,0,0,12.8
TM10441514,18766.0,2004,9,26,2004-09-26,02:20:00,2004-09-26,07:25:00,2004-09-26,02:20:00,Vila Real,Murça,Valongo de Milhais,Carvas,170708,41.439167,-7.486389,254047.0,496862.0,dms_recuperado,267.65,197.88,69.77,0.0,Florestal,448.0,Intencional,0,1,0,0,5.08
TM10441515,18768.0,2004,9,26,2004-09-26,04:28:00,2004-09-28,00:00:00,2004-09-26,04:28:00,Vila Real,Vila Pouca de Aguiar,Tresminas,Vales,171312,41.461667,-7.518333,251352.0,499334.0,dms_recuperado,248.0,0.0,248.0,0.0,Florestal,,,0,1,0,0,43.53
TM204981,16930.0,2004,9,26,2004-09-26,14:42:00,2004-09-26,15:30:00,,,Bragança,Bragança,Donai,DONAI,40212,41.832778,-6.806667,310188.0,541236.0,dms_recuperado,191.25,0.0,191.25,0.0,Florestal,,,0,1,0,0,0.8
TM204980,16922.0,2004,9,26,2004-09-26,13:48:00,2004-09-26,23:35:00,2004-09-26,16:00:00,Bragança,Bragança,Espinhosela,Costa Grande,40213,41.865278,-6.847778,306717.0,544792.0,dms_recuperado,180.47,0.0,180.47,0.0,Florestal,448.0,Intencional,0,1,0,0,9.78
BL1041789,42646.0,2004,9,26,2004-09-26,16:20:00,2004-09-27,11:29:00,,,Viseu,Castro Daire,Almofala,Bustelo,180301,40.968611,-7.771667,230425.0,444466.0,dms_recuperado,100.0,0.0,100.0,0.0,Florestal,,,0,1,0,0,19.15
BI104674,19272.0,2004,9,27,2004-09-27,11:30:00,2004-09-27,18:25:00,,,Guarda,Vila Nova De Foz Côa,Almendra,Tapada do Malato,91401,40.986389,-7.093333,287488.0,446894.0,dms_recuperado,571.35,0.0,571.35,0.0,Florestal,,,0,1,0,0,6.92
BI104676,19293.0,2004,9,27,2004-09-27,15:10:00,2004-09-28,01:00:00,,,Guarda,Vila Nova De Foz Côa,Muxagata,Gasberna,91410,41.0125,-7.164167,281498.0,449742.0,dms_recuperado,443.82,0.0,443.82,0.0,Florestal,,,0,1,0,0,9.83
TM10441566,18961.0,2004,9,28,2004-09-28,12:00:00,2004-09-30,20:30:00,2004-09-28,12:05:00,Vila Real,Valpaços,Vilarandelo,VILARANDELO,171231,41.663611,-7.3225,267514.0,521903.0,dms_recuperado,732.95,47.29,685.66,0.0,Florestal,311.0,Intencional,0,1,0,0,56.5
BI104695,19456.0,2004,9,29,2004-09-29,11:51:00,2004-09-30,06:00:00,,,Guarda,Guarda,Codesseiro,GALO \ VG,90714,40.635556,-7.216667,277525.6,407823.54,dms_recuperado,434.5,113.625,320.875,0.0,Florestal,125.0,Negligente,0,1,0,0,18.15
BI104706,19535.0,2004,9,30,2004-09-30,09:13:00,2004-09-30,22:30:00,,,Guarda,Guarda,Codesseiro,CODECEIRO,90714,40.6525,-7.203611,278595.0,409728.0,dms_recuperado,170.0,70.0,100.0,0.0,Florestal,125.0,Negligente,1,1,0,0,13.28
BI104703,19509.0,2004,9,30,2004-09-30,01:30:00,2004-10-01,17:10:00,,,Guarda,Guarda,Aldeia Viçosa,ALDEIA VIÇOSA,90704,40.579444,-7.319167,268915.0,401507.0,dms_recuperado,125.0,20.0,105.0,0.0,Florestal,,,0,1,0,0,39.67
BI904379,99999.0,2004,9,30,2004-09-30,01:30:00,2004-09-30,17:10:00,,,Guarda,Celorico da Beira,Rapa,RAPA,90313,40.581944,-7.344444,266760.0,401757.0,dms_recuperado,100.0,20.0,80.0,0.0,Florestal,,,0,1,0,0,15.67
BI104720,19613.0,2004,10,1,2004-10-01,11:35:00,2004-10-03,09:50:00,,,Guarda,Sabugal,Vila do Touro,Chão da Moita \ REG,91139,40.42,-7.098056,287823.01,384008.52,dms_recuperado,1048.0,30.0,973.0,45.0,Florestal,227.0,Negligente,0,1,0,0,46.25
BI104737,19741.0,2004,10,2,2004-10-02,18:00:00,2004-10-03,17:55:00,,,Guarda,Sabugal,Casteleiro,Malhadinha \ REG,91112,40.29,-7.249722,275110.31,369439.41,dms_recuperado,425.0,30.0,395.0,0.0,Florestal,,,0,1,0,0,23.92
BI104742,19776.0,2004,10,3,2004-10-03,09:28:00,2004-10-04,08:10:00,,,Guarda,Sabugal,Baraçal,Alto dos Barros \ MTE,91109,40.386389,-7.068056,290424.18,380289.99,dms_recuperado,129.5,40.5,89.0,0.0,Florestal,126.0,Negligente,0,1,0,0,22.7
TM10441699,19409.0,2004,10,4,2004-10-04,11:40:00,2004-10-04,20:20:00,2004-10-04,12:00:00,Vila Real,Vila Real,São Tomé do Castelo,Felgueiras,171425,41.354444,-7.688611,237191.0,487353.0,dms_recuperado,196.1,0.0,196.1,0.0,Florestal,2.0,Negligente,0,1,0,0,8.67
AT3054,32493.0,2004,10,7,2004-10-07,16:29:00,2004-10-07,21:33:00,2004-10-07,16:40:00,Beja,Aljustrel,Messejana,Vale de Coelheiros,20103,37.832778,-8.315833,183895.0,96273.0,dms_recuperado,101.23,101.23,0.0,0.0,Florestal,12.0,Negligente,0,1,0,0,5.07
RO2044021,145487.0,2004,10,8,2004-10-08,13:10:00,2004-10-09,07:20:00,,,Lisboa,Mafra,Mafra,PICANCEIRA / MAGANCHA / PAUL,110909,39.011667,-9.356667,94004.0,227826.0,dms_recuperado,165.0,0.0,165.0,0.0,Florestal,,,0,1,0,0,18.17
RO3041872,70393.0,2004,10,8,2004-10-08,12:57:00,2004-10-09,02:00:00,,,Setúbal,Sesimbra,Sesimbra (santiago),FOZ- AZOIA,151102,38.449722,-9.103056,115311.0,165192.0,dms_recuperado,122.0,110.0,12.0,0.0,Florestal,311.0,Intencional,0,1,0,0,13.05
BL204429,32188.0,2004,10,8,2004-10-08,14:07:00,2004-10-08,21:45:00,2004-10-08,14:07:00,Coimbra,Soure,Soure,Casal da Venda,61509,40.041667,-8.643056,156466.0,341591.0,dms_recuperado,111.0,88.0,23.0,0.0,Florestal,124.0,Negligente,0,1,0,0,7.63
RO1041811,47424.0,2004,10,8,2004-10-08,15:25:00,2004-10-08,23:50:00,,,Santarém,Santarém,Almoster,Atalaia,141606,39.231111,-8.778056,144305.0,251688.0,dms_recuperado,110.0,5.0,95.0,10.0,Florestal,211.0,Negligente,0,1,0,0,8.42
RO1041818,47436.0,2004,10,8,2004-10-08,15:50:00,2004-10-08,21:32:00,,,Santarém,Ourém,Matas,Água Boa,142116,39.730833,-8.673056,153695.0,307096.0,dms_recuperado,101.0,101.0,0.0,0.0,Florestal,,,0,1,0,0,5.7
BI10510,587.0,2005,1,10,2005-01-10,11:00:00,2005-01-11,17:40:00,2005-01-10,11:00:00,Guarda,Gouveia,Aldeias,costeiros,90601,40.449722,-7.586111,246381.0,386928.0,dms_recuperado,348.0,0.0,348.0,0.0,Florestal,630.0,Desconhecida,0,1,0,0,30.67
TM905155,2270.0,2005,2,3,2005-02-03,11:40:00,2005-02-03,14:45:00,2005-02-03,12:00:00,Vila Real,Montalegre,Padroso,Padroso,170621,41.859444,-7.782778,229090.0,543420.0,dms_recuperado,111.56,31.96,79.6,0.0,Florestal,125.0,Negligente,0,1,0,0,3.08
BL305427,14534.0,2005,3,7,2005-03-07,10:07:00,2005-03-08,00:30:00,,,Aveiro,Albergaria-a-Velha,Ribeira de Fráguas,Vilarinho de São Roque,10206,40.74,-8.443333,173777.0,419066.0,dms_recuperado,114.0,100.0,14.0,0.0,Florestal,448.0,Intencional,0,1,0,0,14.38
DM305542,5536.0,2005,3,17,2005-03-17,18:22:00,2005-03-18,16:24:00,2005-03-17,18:30:00,Viana do Castelo,Melgaço,Paços,Viladraque,160310,42.124444,-8.215833,193158.0,572779.0,dms_recuperado,300.0,90.0,210.0,0.0,Florestal,2.0,Negligente,0,1,0,0,22.03
DM305584,5674.0,2005,3,18,2005-03-18,22:00:00,2005-03-20,11:09:00,2005-03-18,22:15:00,Viana do Castelo,Melgaço,Penso,Casal Maninho,160313,42.0825,-8.308889,185444.0,568134.0,dms_recuperado,344.0,90.0,254.0,0.0,Florestal,448.0,Intencional,0,1,0,0,37.15
BL305644,17175.0,2005,3,18,2005-03-18,12:15:00,2005-03-19,01:00:00,,,Aveiro,Vale de Cambra,São Pedro de Castelões,SENHORA DA SAÚDE,11902,40.800833,-8.3825,178937.0,425818.0,dms_recuperado,239.0,229.0,10.0,0.0,Florestal,448.0,Intencional,0,1,0,0,12.75
DM305559,5600.0,2005,3,18,2005-03-18,12:05:00,2005-03-19,09:55:00,2005-03-18,12:25:00,Viana do Castelo,Monção,Portela,Regueiros \ REG,160423,41.976667,-8.480833,171183.0,556442.0,dms_recuperado,225.0,60.0,165.0,0.0,Florestal,151.0,Negligente,0,1,0,0,21.83
TM205336,4314.0,2005,3,18,2005-03-18,15:05:00,2005-03-19,01:55:00,,,Bragança,Bragança,Espinhosela,VILARINHO COVA DE LUA-PNM- Costa Grande,40213,41.899167,-6.840833,307232.0,548572.0,dms_recuperado,213.58,29.68,175.4,8.5,Florestal,2.0,Negligente,0,1,0,0,10.83
AT30554,11530.0,2005,3,31,2005-03-31,21:45:00,2005-04-01,21:35:00,,,Beja,Odemira,Vila Nova de Milfontes,Alpendurada,21111,37.780278,-8.746389,145956.0,90620.0,dms_recuperado,252.84,252.84,0.0,0.0,Florestal,6.0,Desconhecida,0,1,0,0,23.83
AG10574,19136.0,2005,5,22,2005-05-22,16:55:00,2005-05-23,14:55:00,2005-05-22,16:55:00,Faro,Portimão,Portimão,Porto de Lagos,81103,37.199167,-8.528333,164901.0,25995.0,dms_recuperado,146.0,74.0,72.0,0.0,Florestal,152.0,Negligente,0,1,0,0,22.0
TM905888,10136.0,2005,6,1,2005-06-01,18:15:00,2005-06-03,00:45:00,,,Vila Real,Murça,Candedo,Martim,170701,41.366667,-7.403611,261020.0,488866.0,dms_recuperado,100.02,10.57,89.45,0.0,Florestal,,,0,1,0,0,30.5
BL205292,18270.0,2005,6,6,2005-06-06,13:10:00,2005-06-07,02:30:00,2005-06-06,14:15:00,Coimbra,Figueira da Foz,Alhadas,Serra das Alhadas,60501,40.181389,-8.799167,143272.0,357216.0,dms_recuperado,777.0,697.0,80.0,0.0,Florestal,448.0,Intencional,0,1,0,0,13.33
BL3051064,32299.0,2005,6,6,2005-06-06,04:02:00,2005-06-06,06:00:00,,,Aveiro,Albergaria-a-Velha,Albergaria-a-Velha,São Marcos,10201,40.679722,-8.516667,167553.0,412409.0,dms_recuperado,103.0,95.0,8.0,0.0,Florestal,448.0,Intencional,0,1,0,0,1.97
RO1052018,24546.0,2005,6,7,2005-06-07,09:12:00,2005-06-09,00:15:00,,,Santarém,Tomar,Serra,AMOREIRA,141815,39.589444,-8.276111,187709.0,291276.0,dms_recuperado,531.0,65.0,350.0,116.0,Florestal,448.0,Intencional,0,1,0,0,39.05
DM305809,10362.0,2005,6,7,2005-06-07,22:07:00,2005-06-09,10:40:00,2005-06-07,22:30:00,Viana do Castelo,Viana do Castelo,Outeiro,Costa,160925,41.769167,-8.783333,145930.0,533531.0,dms_recuperado,515.0,210.0,305.0,0.0,Florestal,126.0,Negligente,0,1,0,0,36.55
DM2052359,59123.0,2005,6,7,2005-06-07,10:00:00,2005-06-10,19:20:00,2005-06-07,10:40:00,Porto,Gondomar,Medas,LG. DE CORG,130406,41.059167,-8.431944,174878.0,454511.0,dms_recuperado,413.21,313.0,100.21,0.0,Florestal,,,0,1,0,0,81.33
BL1051379,26020.0,2005,6,7,2005-06-07,23:15:00,2005-06-09,19:30:00,2005-06-07,23:25:00,Viseu,Mangualde,São João da Fresta,SÃO JOÃO DA FRESTA,180616,40.639722,-7.586944,246201.0,408038.0,dms_recuperado,354.0,10.0,344.0,0.0,Florestal,630.0,Desconhecida,0,1,0,0,44.25
BL1051377,25999.0,2005,6,7,2005-06-07,20:14:00,2005-06-09,19:40:00,,,Viseu,Mangualde,Chãs de Tavares,Tragos,180603,40.610278,-7.654722,240486.0,404731.0,dms_recuperado,326.0,20.5,305.5,0.0,Florestal,446.0,Intencional,0,1,0,0,47.43
DM2052344,59072.0,2005,6,7,2005-06-07,13:10:00,2005-06-08,15:10:00,2005-06-07,13:20:00,Porto,Santo Tirso,Refojos de Riba de Ave,L. GANDRA,131417,41.289167,-8.445556,173825.0,480056.0,dms_recuperado,262.0,245.0,17.0,0.0,Florestal,,,0,1,0,0,26.0
DM4052193,32019.0,2005,6,7,2005-06-07,01:46:00,2005-06-10,23:00:00,,,Braga,Vila Nova de Famalicão,Riba de Ave,PENEDO LETRAS,31234,41.389167,-8.381111,179244.0,491157.0,dms_recuperado,120.05,94.0,26.05,0.0,Florestal,,,0,1,0,0,93.23
BI105452,10313.0,2005,6,7,2005-06-07,20:05:00,2005-06-08,18:00:00,,,Guarda,Seia,Paranhos,Bogueira,91208,40.506944,-7.813889,227048.0,393200.0,dms_recuperado,120.0,47.0,73.0,0.0,Florestal,,,0,1,0,0,21.92
AG10595,21611.0,2005,6,8,2005-06-08,10:43:00,2005-06-10,00:19:00,2005-06-08,10:43:00,Faro,Silves,Silves,Carapinhas,81307,37.208333,-8.421111,174421.0,26991.0,dms_recuperado,515.0,178.0,337.0,0.0,Florestal,448.0,Intencional,0,1,0,0,37.6
AT30589,19266.0,2005,6,8,2005-06-08,14:55:00,2005-06-13,18:00:00,,,Beja,Odemira,São Luís,Vale de Beja,21106,37.715278,-8.665,153095.0,83349.0,dms_recuperado,333.0,333.0,0.0,0.0,Florestal,6.0,Desconhecida,0,1,0,0,123.08
AT30590,19269.0,2005,6,8,2005-06-08,15:10:00,2005-06-09,21:00:00,,,Beja,Odemira,Saboia,Escondido,21103,37.517778,-8.528611,165016.0,61379.0,dms_recuperado,174.0,174.0,0.0,0.0,Florestal,6.0,Desconhecida,0,1,0,0,29.83
BI105464,10509.0,2005,6,10,2005-06-10,15:10:00,2005-06-12,01:00:00,,,Guarda,Celorico da Beira,Cortiçô da Serra,Pontão da velagota,90305,40.600278,-7.425556,259881.0,403757.0,dms_recuperado,335.0,5.0,330.0,0.0,Florestal,2.0,Negligente,0,1,0,0,33.83
BL1051407,26496.0,2005,6,10,2005-06-10,13:06:00,2005-06-11,23:45:00,2005-06-10,13:20:00,Viseu,Mangualde,Mangualde,Passos,180610,40.625833,-7.7475,232622.0,406404.0,dms_recuperado,106.0,26.5,79.5,0.0,Florestal,448.0,Intencional,0,1,0,0,34.65
BI205394,13047.0,2005,6,11,2005-06-11,12:21:00,2005-06-12,19:30:00,,,Castelo Branco,Castelo Branco,Malpica do Tejo,MONTE DO BARATA,50214,39.701389,-7.315833,270094.0,304017.0,dms_recuperado,745.0,693.7,51.3,0.0,Florestal,221.0,Negligente,0,1,0,0,31.15
AG105100,22904.0,2005,6,16,2005-06-16,16:56:00,2005-06-18,19:37:00,2005-06-16,16:56:00,Faro,Silves,São Bartolomeu de Messines,Vale Fuzeiros,81305,37.251111,-8.348611,180854.0,31730.0,dms_recuperado,259.0,153.0,106.0,0.0,Florestal,227.0,Negligente,0,1,0,0,50.68
BL205361,19913.0,2005,6,18,2005-06-18,13:05:00,2005-06-19,01:05:00,2005-06-18,13:05:00,Coimbra,Góis,Colmeal,Soito,60603,40.135833,-7.988056,212360.0,351944.0,dms_recuperado,518.69,57.07,461.62,0.0,Florestal,2.0,Negligente,0,1,0,0,12.0
BL405400,27497.0,2005,6,18,2005-06-18,13:05:00,2005-06-20,02:45:00,,,Leiria,Pedrógão Grande,Pedrógão Grande,Risques/Mega Fundeira,101302,39.9875,-8.126667,200536.0,335466.0,dms_recuperado,187.0,183.66,3.34,0.0,Florestal,4.0,Intencional,0,1,0,0,37.67
BL2051127,19913.0,2005,6,18,2005-06-18,22:00:00,2005-06-19,01:05:00,2005-06-18,22:00:00,Coimbra,Pampilhosa da Serra,Fajão,Foz de Belides,61203,40.131389,-7.966944,214160.0,351459.0,dms_recuperado,113.16,0.0,113.16,0.0,Florestal,2.0,Negligente,0,1,0,0,3.08
TM905962,11499.0,2005,6,19,2005-06-19,18:09:00,2005-06-19,23:20:00,2005-06-19,18:45:00,Vila Real,Vila Pouca de Aguiar,Pensalvos,Soutelo de Matos,171308,41.561667,-7.673056,238372.0,510378.0,dms_recuperado,257.36,257.36,0.0,0.0,Florestal,51.0,Natural,0,1,0,0,5.18
BI205453,13774.0,2005,6,19,2005-06-19,15:03:00,2005-06-20,14:22:00,,,Castelo Branco,Castelo Branco,São Vicente da Beira,PARTIDA,50222,40.044444,-7.614167,244264.0,341922.0,dms_recuperado,142.05,142.05,0.0,0.0,Florestal,630.0,Desconhecida,0,1,0,0,23.32
BI205472,13852.0,2005,6,20,2005-06-20,13:35:00,2005-06-20,16:30:00,,,Castelo Branco,Castelo Branco,Salgueiro do Campo,TABUINHAS,50220,39.891111,-7.579722,247320.0,324890.0,dms_recuperado,699.8,341.6,324.2,34.0,Florestal,630.0,Desconhecida,0,1,0,0,2.92
TM205494,9189.0,2005,6,21,2005-06-21,13:30:00,2005-06-23,06:00:00,,,Bragança,Torre de Moncorvo,Castedo,CASTEDO,40906,41.233611,-7.168056,280895.0,474282.0,dms_recuperado,557.48,24.61,532.87,0.0,Florestal,630.0,Desconhecida,0,1,0,0,40.5
TM205495,9214.0,2005,6,21,2005-06-21,17:30:00,2005-06-23,06:00:00,,,Bragança,Vila FLor,Seixo de Manhoses,SEIXO DE MANHOZES,41013,41.266389,-7.181111,279766.0,477910.0,dms_recuperado,281.0,106.0,175.0,0.0,Florestal,417.0,Intencional,0,1,0,0,36.5
BL3051386,35876.0,2005,6,21,2005-06-21,03:45:00,2005-06-21,08:10:00,,,Aveiro,Arouca,Espiunca,Vila Viçosa,10410,41.008333,-8.218056,192837.0,448811.0,dms_recuperado,174.0,174.0,0.0,0.0,Florestal,,,0,1,0,0,4.42
BI105538,11299.0,2005,6,21,2005-06-21,14:15:00,2005-06-22,01:25:00,,,Guarda,Aguiar da Beira,Pena Verde,Quintã \ CAS,90109,40.708056,-7.485,254760.0,415675.0,dms_recuperado,113.0,4.0,109.0,0.0,Florestal,,,0,1,0,0,11.17
DM2053121,64727.0,2005,6,21,2005-06-21,12:00:00,2005-06-22,19:05:00,2005-06-21,12:10:00,Porto,Penafiel,Pinheiro,Lug. Nogal,131126,41.119444,-8.298889,186067.0,461159.0,dms_recuperado,103.6,99.5,4.1,0.0,Florestal,,,0,1,0,0,31.08
BI105547,11362.0,2005,6,22,2005-06-22,11:33:00,2005-06-23,20:05:00,,,Guarda,Seia,Paranhos,Vale de Igreja,91208,40.478611,-7.776389,230226.0,390062.0,dms_recuperado,642.0,383.0,259.0,0.0,Agrícola,,,0,1,0,0,32.53
BL1051657,29254.0,2005,6,22,2005-06-22,15:35:00,2005-06-24,13:50:00,2005-06-24,13:21:00,Viseu,Nelas,Senhorim,Póvoa de Luzianes,180905,40.5125,-7.815556,226911.0,393793.0,dms_recuperado,317.0,35.0,282.0,0.0,Florestal,,,0,1,0,0,46.25
BL405438,28206.0,2005,6,22,2005-06-22,14:30:00,2005-06-23,01:25:00,,,Leiria,Porto de Mós,Serro Ventoso,Bezerra,101613,39.548889,-8.846667,138651.0,287000.0,dms_recuperado,125.0,0.0,125.0,0.0,Florestal,610.0,Desconhecida,0,1,0,0,10.92
RO1052120,27138.0,2005,6,22,2005-06-22,14:30:00,2005-06-25,16:30:00,,,Santarém,Santarém,Alcanede,Valverde,141604,39.468056,-8.860556,137383.0,278042.0,dms_recuperado,110.0,0.0,110.0,0.0,Florestal,,,0,1,0,0,74.0
BL1051579,29133.0,2005,6,23,2005-06-23,20:00:00,2005-06-24,00:50:00,2005-06-23,20:10:00,Viseu,Mangualde,Póvoa de Cervães,Ponte de Palhez,180613,40.546944,-7.7025,236464.0,397662.0,dms_recuperado,108.0,4.0,104.0,0.0,Florestal,,,0,1,0,0,4.83
TM205519,9809.0,2005,7,1,2005-07-01,18:01:00,2005-07-04,21:40:00,,,Bragança,Carrazeda de Ansiães,Linhares,Campelos,40308,41.170833,-7.352222,265514.0,467156.0,dms_recuperado,434.0,92.0,342.0,0.0,Florestal,124.0,Negligente,0,1,0,0,75.65
BI105630,12092.0,2005,7,1,2005-07-01,23:26:00,2005-07-03,20:45:00,,,Guarda,Seia,Girabolhos,Monte de Girabolhos,91205,40.528333,-7.730833,234071.0,395587.0,dms_recuperado,219.0,0.0,219.0,0.0,Florestal,,,0,1,0,0,45.32
BI105622,12037.0,2005,7,1,2005-07-01,12:47:00,2005-07-02,18:00:00,,,Guarda,Trancoso,Moreira de Rei,Vale de Mar \ REG,91312,40.869722,-7.2975,270430.0,433771.0,dms_recuperado,110.0,18.0,71.0,21.0,Florestal,630.0,Desconhecida,0,1,0,0,29.22
TM105181,12577.0,2005,7,3,2005-07-03,13:15:00,2005-07-06,16:20:00,,,Vila Real,Sabrosa,Gouvinhas,Abrecovo,171004,41.196667,-7.618889,243125.0,469864.0,dms_recuperado,381.94,102.28,279.66,0.0,Florestal,448.0,Intencional,0,1,0,0,75.08
BL205388,21989.0,2005,7,3,2005-07-03,16:45:00,2005-07-05,06:00:00,2005-07-03,16:45:00,Coimbra,Góis,Colmeal,COLMEAL,60603,40.142778,-8.003611,211026.0,352725.0,dms_recuperado,242.0,157.0,85.0,0.0,Florestal,2.0,Negligente,0,1,0,0,37.25
BI105652,12234.0,2005,7,3,2005-07-03,14:45:00,2005-07-04,03:00:00,,,Guarda,Mêda,Mêda,Senhora da Romeira \ CAP,90909,40.960278,-7.243056,274929.0,443868.0,dms_recuperado,198.0,47.0,132.0,19.0,Florestal,630.0,Desconhecida,0,1,0,0,12.25
BI105653,12246.0,2005,7,3,2005-07-03,17:14:00,2005-07-05,01:30:00,,,Guarda,Celorico da Beira,Forno Telheiro,Quinta do Vale de Maceiras \ CAS,90306,40.686667,-7.383611,263349.0,413366.0,dms_recuperado,164.0,22.0,129.0,13.0,Florestal,6.0,Desconhecida,0,1,0,0,32.27
RO2051975,105678.0,2005,7,4,2005-07-04,12:10:00,2005-07-06,11:20:00,,,Lisboa,Mafra,Gradil,Picão,110907,38.9675,-9.269167,101527.0,222821.0,dms_recuperado,214.0,81.0,133.0,0.0,Florestal,449.0,Intencional,0,1,0,0,47.17
BI105666,12326.0,2005,7,4,2005-07-04,18:14:00,2005-07-05,15:50:00,,,Guarda,Seia,Girabolhos,Santa Eufémia \ CAP,91205,40.496667,-7.7675,230988.0,392057.0,dms_recuperado,145.0,47.0,98.0,0.0,Florestal,448.0,Intencional,0,1,0,0,21.6
RO1052265,29010.0,2005,7,4,2005-07-04,15:03:00,2005-07-05,21:40:00,,,Santarém,Santarém,Amiais de Baixo,RECTA DA MILHARADA,141607,39.442778,-8.733889,148278.0,275161.0,dms_recuperado,145.0,53.0,92.0,0.0,Florestal,449.0,Intencional,0,1,0,0,30.62
BL405514,30197.0,2005,7,4,2005-07-04,00:47:00,2005-07-04,04:33:00,,,Leiria,Caldas da Rainha,Salir de Matos,Cabreiros/(Guisado),100609,39.453333,-9.083333,118195.0,276590.0,dms_recuperado,110.0,88.0,0.0,22.0,Florestal,4.0,Intencional,0,1,0,0,3.77
DM2054038,70410.0,2005,7,5,2005-07-05,15:20:00,2005-07-11,15:50:00,2005-07-05,23:50:00,Porto,Gondomar,Melres,BRANZELO,130407,41.083611,-8.42,175879.0,457210.0,dms_recuperado,827.2,515.2,312.0,0.0,Florestal,,,0,1,0,0,144.5
BI205586,15214.0,2005,7,5,2005-07-05,15:13:00,2005-07-06,19:30:00,,,Castelo Branco,Castelo Branco,Castelo Branco,Ponte da Líria EN 233- Km 16-8,50205,39.824444,-7.491389,254926.0,317552.0,dms_recuperado,597.0,143.0,272.0,182.0,Florestal,630.0,Desconhecida,0,1,0,0,28.28
DM2054000,70227.0,2005,7,5,2005-07-05,03:30:00,2005-07-07,17:30:00,2005-07-05,03:40:00,Porto,Paredes,Sobreira,Stª Comba,131020,41.111944,-8.397778,177760.0,460349.0,dms_recuperado,550.0,550.0,0.0,0.0,Florestal,,,0,1,0,0,62.0
BL3051770,39339.0,2005,7,6,2005-07-06,13:59:00,2005-07-06,19:30:00,,,Aveiro,Albergaria-a-Velha,Valmaior,Açores,10208,40.688611,-8.428889,174983.0,413343.0,dms_recuperado,1447.0,1347.0,100.0,0.0,Florestal,449.0,Intencional,0,1,0,0,5.52
TM105243,12817.0,2005,7,6,2005-07-06,13:58:00,2005-07-07,22:40:00,2005-07-06,14:05:00,Vila Real,Alijó,Pegarinhos,Pegarinhos,170108,41.355556,-7.445,257576.0,487613.0,dms_recuperado,111.77,23.26,88.51,0.0,Florestal,448.0,Intencional,0,1,0,0,32.7
DM2054223,71292.0,2005,7,7,2005-07-07,16:25:00,2005-07-09,15:20:00,2005-07-07,16:35:00,Porto,Valongo,Campo,Rua dos Desportos,131502,41.183056,-8.468333,171867.0,468277.0,dms_recuperado,246.35,86.35,160.0,0.0,Florestal,,,0,1,0,0,46.92
BL1051772,31700.0,2005,7,7,2005-07-07,05:43:00,2005-07-12,22:00:00,,,Viseu,Viseu,Lordosa,Paçô,182316,40.737778,-7.918056,218147.0,418782.0,dms_recuperado,190.0,33.97,156.03,0.0,Florestal,448.0,Intencional,0,1,0,0,136.28
BI105704,12585.0,2005,7,7,2005-07-07,13:33:00,2005-07-08,16:30:00,,,Guarda,Sabugal,Pousafoles do Bispo,Outeiro Clérigo \ CAM,91122,40.4125,-7.190556,280001.0,383075.0,dms_recuperado,160.0,44.0,116.0,0.0,Florestal,449.0,Intencional,0,1,0,0,26.95
DM2059438,71546.0,2005,7,8,2005-07-08,03:05:00,2005-07-09,09:20:00,2005-07-08,03:05:00,Porto,Paredes,Recarei,Lug. Bustelo,131019,41.150278,-8.444722,173840.0,464628.0,dms_recuperado,730.0,730.0,0.0,0.0,Florestal,,,0,1,0,0,30.25
BL1051808,32059.0,2005,7,8,2005-07-08,18:45:00,2005-07-10,03:17:00,2005-07-08,18:55:00,Viseu,Sernancelhe,Granjal,GRANJAL,181810,40.8875,-7.530278,250791.0,435580.0,dms_recuperado,250.0,129.0,120.0,1.0,Florestal,,,0,1,0,0,32.53
DM3051077,12751.0,2005,7,8,2005-07-08,21:25:00,2005-07-11,10:08:00,,,Viana do Castelo,Ponte de Lima,Moreira do Lima,Felgueiras,160732,41.808889,-8.624444,159168.0,537859.0,dms_recuperado,240.0,127.0,113.0,0.0,Florestal,448.0,Intencional,0,1,0,0,60.72
DM2054432,71972.0,2005,7,8,2005-07-08,22:55:00,2005-07-09,08:00:00,2005-07-08,23:05:00,Porto,Marco de Canaveses,Folhada,L.Aparecida,130707,41.2125,-8.074722,204885.0,471501.0,dms_recuperado,170.0,170.0,0.0,0.0,Florestal,,,0,1,0,0,9.08
BL2051167,22743.0,2005,7,8,2005-07-08,16:00:00,2005-07-08,22:30:00,2005-07-08,16:00:00,Coimbra,Lousã,Serpins,Alveite Pequeno,60704,40.1975,-8.196667,194584.0,358794.0,dms_recuperado,120.9,104.31,16.59,0.0,Florestal,133.0,Negligente,0,1,0,0,6.5
DM2054352,71703.0,2005,7,8,2005-07-08,12:25:00,2005-07-08,19:55:00,2005-07-08,12:55:00,Porto,Marco de Canaveses,Folhada,Lug. Aboboreira,130707,41.2125,-8.074722,204885.0,471501.0,dms_recuperado,100.0,100.0,0.0,0.0,Florestal,,,0,1,0,0,7.5
DM2054596,72455.0,2005,7,9,2005-07-09,20:45:00,2005-07-11,07:55:00,,,Porto,Penafiel,Abragão,Lug. Tapada,131101,41.161111,-8.201389,194267.0,465805.0,dms_recuperado,1296.45,1100.47,195.98,0.0,Florestal,,,0,1,0,0,35.17
BL3051960,40156.0,2005,7,9,2005-07-09,11:45:00,2005-07-12,23:00:00,,,Aveiro,Castelo de Paiva,Raiva,Serradelo,10605,41.024722,-8.330833,183349.0,450646.0,dms_recuperado,927.5,927.5,0.0,0.0,Florestal,,,0,1,0,0,83.25
BL1051834,32184.0,2005,7,9,2005-07-09,11:13:00,2005-07-09,21:40:00,2005-07-09,11:30:00,Viseu,Sátão,Romãs,Douro Calvo,181708,40.758333,-7.646111,241124.0,421177.0,dms_recuperado,241.0,19.0,222.0,0.0,Florestal,630.0,Desconhecida,0,1,0,0,10.45
DM3051092,12814.0,2005,7,9,2005-07-09,14:31:00,2005-07-10,09:38:00,,,Viana do Castelo,Ponte de Lima,Moreira do Lima,Felgueiras,160732,41.808889,-8.624444,159168.0,537859.0,dms_recuperado,220.0,120.0,100.0,0.0,Florestal,,,0,1,0,0,19.12
BL1051849,32271.0,2005,7,9,2005-07-09,17:13:00,2005-07-15,01:55:00,2005-07-09,17:22:00,Viseu,Carregal do Sal,Sobral De Papízios,Quinta Nova \ CAS,180207,40.452778,-8.02,209578.0,387144.0,dms_recuperado,210.0,193.0,17.0,0.0,Florestal,448.0,Intencional,0,1,0,0,128.7
BL205488,22948.0,2005,7,9,2005-07-09,16:30:00,2005-07-12,09:00:00,2005-07-09,16:30:00,Coimbra,Miranda do Corvo,Semide,Vale de Marelo,60904,40.147222,-8.318056,184234.0,353219.0,dms_recuperado,175.4,173.0,2.4,0.0,Florestal,312.0,Negligente,0,1,0,0,64.5
BL405584,31143.0,2005,7,9,2005-07-09,10:52:00,2005-07-10,06:30:00,,,Leiria,Pombal,Pombal,Cumieira de Baixo,101509,39.891111,-8.598889,160153.0,324865.0,dms_recuperado,120.0,3.0,117.0,0.0,Florestal,610.0,Desconhecida,0,1,0,0,19.63
BI105756,12854.0,2005,7,10,2005-07-10,19:55:00,2005-07-13,21:10:00,,,Guarda,Gouveia,Paços da Serra,PAÇOS DA SERRA,90613,40.459722,-7.649167,241039.0,388007.0,dms_recuperado,1700.0,706.0,994.0,0.0,Florestal,448.0,Intencional,0,1,0,0,73.25
BL205508,23124.0,2005,7,10,2005-07-10,15:20:00,2005-07-13,15:20:00,2005-07-10,15:20:00,Coimbra,Penacova,Carvalho,Vale de Formiga,61301,40.313056,-8.283889,187170.0,371627.0,dms_recuperado,910.11,902.945,7.165,0.0,Florestal,133.0,Negligente,0,1,0,0,72.0
DM2054694,72787.0,2005,7,10,2005-07-10,10:45:00,2005-07-13,01:00:00,2005-07-10,10:50:00,Porto,Gondomar,Medas,Campidouro,130406,41.050833,-8.43,175027.02,453592.41,dms_recuperado,371.43,301.43,70.0,0.0,Florestal,,,0,1,0,0,62.25
BL3052063,40548.0,2005,7,10,2005-07-10,14:35:00,2005-07-11,20:40:00,,,Aveiro,Oliveira de Azeméis,Carregosa,CARREGOSA,11301,40.882222,-8.414444,176266.0,434858.0,dms_recuperado,170.0,170.0,0.0,0.0,Florestal,,,0,1,0,0,30.08
DM2054633,72600.0,2005,7,10,2005-07-10,02:50:00,2005-07-13,09:00:00,2005-07-10,03:00:00,Porto,Baião,Tresouras,S. Tiago,130218,41.1525,-7.918889,217973.0,464838.0,dms_recuperado,169.0,143.0,26.0,0.0,Florestal,,,0,1,0,0,78.17
TM205579,10494.0,2005,7,11,2005-07-11,02:05:00,2005-07-13,23:50:00,,,Bragança,Carrazeda de Ansiães,Lavandeira,LAVANDEIRA,40307,41.193611,-7.300556,269825.0,469743.0,dms_recuperado,1134.0,1134.0,0.0,0.0,Florestal,448.0,Intencional,0,1,0,0,69.75
BL1051902,32589.0,2005,7,11,2005-07-11,00:15:00,2005-07-16,23:50:00,2005-07-11,00:30:00,Viseu,Tabuaço,Longa,LONGA,181908,41.059444,-7.592778,245411.0,454638.0,dms_recuperado,530.42,129.85,400.57,0.0,Florestal,,,0,1,0,0,143.58
DM3051157,13055.0,2005,7,11,2005-07-11,14:00:00,2005-07-13,05:00:00,,,Viana do Castelo,Viana do Castelo,Geraz Do Lima (santa Leocádia),Boavista,160929,41.717778,-8.664722,155744.0,527752.0,dms_recuperado,507.0,507.0,0.0,0.0,Florestal,336.0,Intencional,0,1,0,0,39.0
DM2054853,73212.0,2005,7,11,2005-07-11,03:50:00,2005-07-11,17:00:00,2005-07-11,04:00:00,Porto,Gondomar,Medas,VILA COVA,130406,41.063333,-8.445278,173758.0,454978.0,dms_recuperado,293.75,105.75,188.0,0.0,Florestal,,,0,1,0,0,13.17
BL1051932,32751.0,2005,7,11,2005-07-11,16:00:00,2005-07-12,00:36:00,2005-07-11,16:10:00,Viseu,Sernancelhe,Carregal,FORCA,181802,40.900278,-7.564722,247895.0,436979.0,dms_recuperado,292.04,19.72,272.32,0.0,Florestal,,,0,1,0,0,8.6
BL405601,31564.0,2005,7,11,2005-07-11,09:04:00,2005-07-12,22:05:00,,,Leiria,Pedrógão Grande,Pedrógão Grande,Ouzenda,101302,39.961944,-8.135,199820.0,332626.0,dms_recuperado,235.0,235.0,0.0,0.0,Florestal,448.0,Intencional,0,1,0,0,37.02
DM4052670,40099.0,2005,7,11,2005-07-11,22:30:00,2005-07-12,21:30:00,,,Braga,Braga,Guisande,Portelada,30320,41.485278,-8.4525,173322.0,501829.0,dms_recuperado,185.12,185.12,0.0,0.0,Florestal,448.0,Intencional,0,1,0,0,23.0
DM2054877,73268.0,2005,7,11,2005-07-11,09:10:00,2005-07-12,03:00:00,2005-07-11,09:15:00,Porto,Amarante,Real,Lugar Monte Enxol,130127,41.257778,-8.171111,196812.34,476534.44,dms_recuperado,170.98,40.3,127.68,3.0,Florestal,,,0,1,0,0,17.83
DM4053701,39959.0,2005,7,11,2005-07-11,15:00:00,2005-07-12,01:30:00,,,Braga,Guimarães,Atães,BOUCINHA,30803,41.460556,-8.252222,190034.0,499059.0,dms_recuperado,163.538,163.538,0.0,0.0,Florestal,,,0,1,0,0,10.5
DM2054843,73190.0,2005,7,11,2005-07-11,02:42:00,2005-07-12,01:35:00,2005-07-11,03:10:00,Porto,Paredes,Astromil,Lg. Stª Mar,131002,41.200833,-8.414444,176387.0,470229.0,dms_recuperado,105.17,104.8,0.37,0.0,Florestal,,,0,1,0,0,22.88
BL1051952,32857.0,2005,7,12,2005-07-12,02:30:00,2005-07-12,18:35:00,2005-07-12,06:03:00,Viseu,Cinfães,Nespereira,PARADELA,180409,40.989167,-8.141389,199289.0,446697.0,dms_recuperado,375.0,375.0,0.0,0.0,Florestal,,,0,1,0,0,16.08
BL1051970,32979.0,2005,7,12,2005-07-12,15:10:00,2005-07-13,04:30:00,,,Viseu,Moimenta da Beira,Leomil,Paraduça,180709,40.990278,-7.678333,238252.0,446909.0,dms_recuperado,350.0,2.0,345.0,3.0,Florestal,,,0,1,0,0,13.33
BL1051949,32846.0,2005,7,12,2005-07-12,01:58:00,2005-07-14,00:10:00,2005-07-12,02:10:00,Viseu,São Pedro do Sul,Pinho,SOBRAL,181609,40.765278,-7.981667,212769.0,421852.0,dms_recuperado,313.0,104.5,208.5,0.0,Florestal,312.0,Negligente,0,1,0,0,46.2
BL1051982,33029.0,2005,7,12,2005-07-12,18:34:00,2005-07-13,20:45:00,2005-07-12,18:55:00,Viseu,Cinfães,Espadanedo,CIMBRES,180404,41.0825,-8.200278,194339.0,457048.0,dms_recuperado,307.3,165.5,141.8,0.0,Florestal,,,0,1,0,0,26.18
BI105779,12957.0,2005,7,12,2005-07-12,07:53:00,2005-07-12,20:08:00,,,Guarda,Pinhel,Ervedosa,Fonte da Guerra \ FTE,91009,40.831667,-7.167222,281465.0,429657.0,dms_recuperado,150.0,150.0,0.0,0.0,Florestal,,,0,1,0,0,12.25
DM2055069,73772.0,2005,7,12,2005-07-12,05:55:00,2005-07-13,22:00:00,2005-07-12,06:05:00,Porto,Amarante,Sanche,Lugar de Ferrões,130130,41.281667,-8.010556,210251.57,479183.01,dms_recuperado,125.0,90.0,35.0,0.0,Florestal,,,0,1,0,0,40.08
DM2055180,74058.0,2005,7,12,2005-07-12,16:30:00,2005-07-13,23:30:00,2005-07-12,16:40:00,Porto,Amarante,Vila Garcia,Carreiras,130140,41.318889,-8.081389,204324.0,483324.0,dms_recuperado,107.75,71.5,34.25,2.0,Florestal,,,0,1,0,0,31.0
DM2055150,73995.0,2005,7,12,2005-07-12,13:44:00,2005-07-13,22:00:00,2005-07-12,14:30:00,Porto,Amarante,Gouveia (são Simão),Barreiro,130134,41.225278,-8.046667,207247.0,472902.0,dms_recuperado,100.0,50.0,50.0,0.0,Florestal,,,0,1,0,0,32.27
TM205602,10657.0,2005,7,13,2005-07-13,19:40:00,2005-07-13,23:55:00,,,Bragança,Carrazeda de Ansiães,Beira Grande,BEIRA GRANDE,40302,41.185,-7.278611,271677.0,468781.0,dms_recuperado,210.0,210.0,0.0,0.0,Florestal,448.0,Intencional,0,1,0,0,4.25
BI105805,13143.0,2005,7,14,2005-07-14,14:37:00,2005-07-15,01:30:00,,,Guarda,Pinhel,Pomares,Argomil,91019,40.616389,-7.173056,281230.0,405749.0,dms_recuperado,1223.34,149.51,687.56,386.27,Florestal,133.0,Negligente,0,1,0,0,10.88
TM205613,10759.0,2005,7,14,2005-07-14,23:48:00,2005-07-16,23:30:00,,,Bragança,Torre de Moncorvo,Mós,Quinta dos Centieiros,40913,41.113056,-6.937222,300436.0,461138.0,dms_recuperado,335.9,0.0,335.9,0.0,Florestal,311.0,Intencional,0,1,0,0,47.7
TM205612,10745.0,2005,7,14,2005-07-14,20:05:00,2005-07-17,21:10:00,,,Bragança,Carrazeda de Ansiães,Beira Grande,BEIRA GRANDE,40302,41.185,-7.278611,271677.0,468781.0,dms_recuperado,172.0,22.0,135.0,15.0,Florestal,,,1,1,0,0,73.08
TM205616,10800.0,2005,7,15,2005-07-15,14:00:00,2005-07-16,02:20:00,,,Bragança,Mirandela,Vila Boa,Vila Boa,40736,41.394722,-7.343889,265992.0,492026.0,dms_recuperado,277.0,114.0,130.0,33.0,Florestal,122.0,Negligente,0,1,0,0,12.33
TM105581,13897.0,2005,7,15,2005-07-15,20:06:00,2005-07-15,22:45:00,2005-07-15,20:12:00,Vila Real,Sabrosa,Vilarinho de São Romão,Vilarinho de São Romão,171015,41.243611,-7.5775,246563.0,475103.0,dms_recuperado,180.09,87.14,92.95,0.0,Florestal,448.0,Intencional,0,1,0,0,2.65
BI105837,13531.0,2005,7,19,2005-07-19,14:05:00,2005-07-27,07:00:00,,,Guarda,Seia,Vide,Coice de Eira,91227,40.276389,-7.794167,228827.0,367590.0,dms_recuperado,7051.24,6424.0,627.24,0.0,Florestal,448.0,Intencional,0,1,0,0,184.92
BL4051370,33189.0,2005,7,19,2005-07-19,16:43:00,2005-07-20,05:53:00,,,Leiria,Figueiró dos Vinhos,Figueiró dos Vinhos,Vale do Rio,100804,39.855833,-8.272778,188045.0,320859.0,dms_recuperado,2556.04,2544.0,12.04,0.0,Florestal,,,0,1,0,0,13.17
AT105508,23690.0,2005,7,19,2005-07-19,14:30:00,2005-07-21,12:30:00,,,Évora,Viana do Alentejo,Alcáçovas,SERRA DO ANEL,71301,38.334444,-8.171111,196653.0,151926.0,dms_recuperado,744.0,635.0,0.0,109.0,Florestal,,,0,1,0,0,46.0
BL2051125,24783.0,2005,7,19,2005-07-19,18:00:00,2005-07-20,22:00:00,2005-07-19,18:00:00,Coimbra,Oliveira do Hospital,Alvoco das Várzeas,Barroqueiro,61102,40.287222,-7.8175,226827.0,368780.0,dms_recuperado,731.96,0.0,731.96,0.0,Florestal,,,0,1,0,0,28.0
DM4052969,41957.0,2005,7,19,2005-07-19,08:40:00,2005-07-19,13:40:00,2005-07-19,09:00:00,Braga,Fafe,Várzea Cova,Bastelo,30734,41.530278,-8.072222,205083.0,506788.0,dms_recuperado,494.94,106.125,388.815,0.0,Florestal,,,0,1,0,0,5.0
BL1052161,34562.0,2005,7,19,2005-07-19,15:44:00,2005-07-23,05:30:00,,,Viseu,Mortágua,Pala,LINHAR DE PALA,180807,40.500556,-8.252778,189838.0,392448.0,dms_recuperado,410.0,328.0,81.0,1.0,Florestal,448.0,Intencional,0,1,0,0,85.77
AT305107,24385.0,2005,7,19,2005-07-19,13:20:00,2005-07-21,15:15:00,,,Beja,Odemira,Odemira (santa Maria),Vale de Pevinos da Vinha,21105,37.568056,-8.640556,155162.0,67010.0,dms_recuperado,318.0,318.0,0.0,0.0,Florestal,23.0,Negligente,0,1,0,0,49.92
BL1052154,34523.0,2005,7,19,2005-07-19,14:08:00,2005-07-21,19:05:00,,,Viseu,Castro Daire,Pinheiro,Outeirinho,180319,40.920556,-7.978611,213003.0,439082.0,dms_recuperado,206.0,80.0,126.0,0.0,Florestal,,,0,1,0,0,52.95
AG105161,28076.0,2005,7,19,2005-07-19,15:06:00,2005-07-21,22:39:00,2005-07-19,15:06:00,Faro,Loulé,Ameixial,Azinhal dos Mouros,80803,37.365278,-7.982778,213308.0,44379.0,dms_recuperado,188.14,60.05,62.41,65.68,Florestal,6.0,Desconhecida,0,1,0,0,55.55
DM4052979,42014.0,2005,7,19,2005-07-19,11:30:00,2005-07-20,00:20:00,,,Braga,Fafe,Felgueiras,Assureiras,30711,41.516667,-8.104167,202399.0,505276.0,dms_recuperado,184.65,11.5,173.15,0.0,Florestal,,,0,1,0,0,12.83
BI205763,16823.0,2005,7,20,2005-07-20,18:14:00,2005-07-26,09:14:00,,,Castelo Branco,Covilhã,Sobral de São Miguel,PEDRAS LAVADAS,50322,40.211111,-7.741667,233309.0,360366.0,dms_recuperado,3376.48,2841.01,535.47,0.0,Florestal,,,0,1,0,0,135.0
BI205762,16810.0,2005,7,20,2005-07-20,16:49:00,2005-07-22,11:16:00,,,Castelo Branco,Sertã,Cernache do Bonjardim,BARRAGEM DA BOUÇÃ,50904,39.815556,-8.188056,195291.0,316367.0,dms_recuperado,1333.71,1333.71,0.0,0.0,Florestal,620.0,Desconhecida,0,1,0,0,42.45
DM4053690,42190.0,2005,7,20,2005-07-20,05:50:00,2005-07-24,12:15:00,,,Braga,Cabeceiras de Basto,Rio Douro,Cambeses,30415,41.546944,-7.950833,215193.0,508663.0,dms_recuperado,682.85,15.0,667.85,0.0,Florestal,,,0,1,0,0,102.42
RO1052848,31796.0,2005,7,20,2005-07-20,15:40:00,2005-07-23,03:00:00,,,Santarém,Ferreira do Zêzere,Chãos,QUEBRADAS,141104,39.745556,-8.423333,175120.0,308651.0,dms_recuperado,658.0,145.0,468.0,45.0,Florestal,,,0,1,0,0,59.33
BL205647,24697.0,2005,7,20,2005-07-20,15:40:00,2005-07-21,21:00:00,2005-07-20,15:40:00,Coimbra,Pampilhosa da Serra,Pessegueiro,Coelhal,61207,40.033889,-8.020833,209575.0,340627.0,dms_recuperado,521.0,340.0,156.0,25.0,Florestal,448.0,Intencional,0,1,0,0,29.33
BL405712,33364.0,2005,7,20,2005-07-20,15:00:00,2005-07-22,22:30:00,,,Leiria,Alvaiázere,Pelmá,Barreiros,100205,39.744722,-8.431389,174431.0,308543.0,dms_recuperado,502.0,130.52,0.0,371.48,Florestal,448.0,Intencional,0,1,0,0,55.5
BL4051371,33189.0,2005,7,20,2005-07-20,05:53:00,2005-07-20,08:00:00,,,Leiria,Pedrógão Grande,Graça,Atalaia Cimeira,101301,39.874444,-8.209722,193430.0,322924.0,dms_recuperado,410.0,408.07,1.93,0.0,Florestal,,,0,1,0,0,2.12
BL1052184,34743.0,2005,7,20,2005-07-20,12:30:00,2005-07-21,15:25:00,2005-07-20,12:43:00,Viseu,Resende,Miomães,Quinta do Bravo,181307,41.091944,-8.01,210328.0,458127.0,dms_recuperado,380.2,59.5,320.7,0.0,Florestal,,,0,1,0,0,26.92
RO1052656,31755.0,2005,7,20,2005-07-20,14:20:00,2005-07-22,01:20:00,,,Santarém,Torres Novas,Chancelaria,Sobral / Bairro /Rexaldia,141904,39.553056,-8.552778,163914.0,287304.0,dms_recuperado,315.45,84.42,231.03,0.0,Florestal,448.0,Intencional,0,1,0,0,35.0
RO3051287,52931.0,2005,7,20,2005-07-20,15:32:00,2005-07-24,08:50:00,,,Setúbal,Setúbal,São Lourenço,Quinta do Alambre \ CAS,151204,38.496111,-9.026389,122051.0,170261.0,dms_recuperado,228.3,228.3,0.0,0.0,Florestal,445.0,Intencional,0,1,0,0,89.3
BL4051372,33386.0,2005,7,20,2005-07-20,20:40:00,2005-07-22,01:00:00,,,Leiria,Alvaiázere,Maçãs de Dona Maria,Casal Novo,100204,39.8925,-8.336111,182631.0,324941.0,dms_recuperado,228.0,205.2,4.78,18.02,Florestal,,,0,1,0,0,28.33
DM4053691,42329.0,2005,7,20,2005-07-20,15:37:00,2005-07-23,17:44:00,,,Braga,Barcelos,Airó,Monte,30205,41.51,-8.56,164363.0,504627.0,dms_recuperado,128.98,128.98,0.0,0.0,Florestal,,,0,1,0,0,74.12
BL205657,24783.0,2005,7,21,2005-07-21,00:01:00,2005-07-25,23:50:00,2005-07-21,00:01:00,Coimbra,Arganil,Piódão,PIODÃO,60111,40.229722,-7.824722,226229.0,362390.0,dms_recuperado,4414.66,2635.0,1779.66,0.0,Florestal,,,0,1,0,0,119.82
TM105498,14393.0,2005,7,21,2005-07-21,00:50:00,2005-07-21,03:00:00,2005-07-21,01:10:00,Vila Real,Vila Pouca de Aguiar,Vreia de Jales,Vreia de Jales,171316,41.436111,-7.591111,245279.0,496467.0,dms_recuperado,1731.36,263.96,1467.4,0.0,Florestal,125.0,Negligente,0,1,0,0,2.17
BI205785,16945.0,2005,7,21,2005-07-21,22:12:00,2005-07-26,08:45:00,,,Castelo Branco,Fundão,Silvares,SILVARES,50424,40.136667,-7.671389,239346.0,352116.0,dms_recuperado,436.5,269.3,126.2,41.0,Florestal,,,0,1,0,0,106.55
BL405718,33478.0,2005,7,21,2005-07-21,08:05:00,2005-07-22,02:30:00,,,Leiria,Pombal,Redinha,REDINHA,101510,40.004167,-8.5825,161622.0,337417.0,dms_recuperado,345.0,276.0,69.0,0.0,Florestal,610.0,Desconhecida,1,1,0,0,18.42
AT205390,18262.0,2005,7,21,2005-07-21,15:00:00,2005-07-22,21:30:00,,,Portalegre,Gavião,Belver,Torre Fundeira,120902,39.491389,-7.986389,212610.0,280382.0,dms_recuperado,260.0,260.0,0.0,0.0,Florestal,,,0,1,0,0,30.5
TM205655,11214.0,2005,7,21,2005-07-21,00:34:00,2005-07-23,03:00:00,,,Bragança,Torre de Moncorvo,Lousa,LOUSA,40911,41.167778,-7.177222,280221.0,466977.0,dms_recuperado,215.2,12.0,203.2,0.0,Florestal,125.0,Negligente,0,1,0,0,50.43
BL1052230,35051.0,2005,7,21,2005-07-21,19:01:00,2005-07-23,18:40:00,,,Viseu,Viseu,Ribafeita,Casal,182322,40.743056,-7.994722,211676.0,419383.0,dms_recuperado,181.0,144.8,36.2,0.0,Florestal,630.0,Desconhecida,0,1,0,0,47.65
TM205660,11273.0,2005,7,21,2005-07-21,16:40:00,2005-07-22,01:15:00,,,Bragança,Vimioso,Uva,Vila Chã,41111,41.535556,-6.504167,335921.0,508652.0,dms_recuperado,105.5,51.5,54.0,0.0,Florestal,,,0,1,0,0,8.58
BL2051126,24783.0,2005,7,22,2005-07-22,18:00:00,2005-07-23,22:00:00,2005-07-22,18:00:00,Coimbra,Pampilhosa da Serra,Unhais-o-Velho,Fornea,61209,40.168056,-7.811944,227340.0,355545.0,dms_recuperado,1431.16,0.0,1431.16,0.0,Florestal,,,0,1,0,0,28.0
BI2051236,16823.0,2005,7,22,2005-07-22,17:00:00,2005-07-26,09:14:00,,,Castelo Branco,Fundão,Silvares,SILVARES,50424,40.136667,-7.671389,239346.0,352116.0,dms_recuperado,396.79,379.39,12.3,5.1,Florestal,,,0,1,0,0,88.23
DM3051456,14243.0,2005,7,22,2005-07-22,15:10:00,2005-07-24,00:31:00,,,Viana do Castelo,Monção,Badim,Cótoros,160403,42.062222,-8.363889,180888.0,565909.0,dms_recuperado,310.0,280.0,30.0,0.0,Florestal,2.0,Negligente,1,1,0,0,33.35
BL1052261,35249.0,2005,7,22,2005-07-22,15:41:00,2005-07-25,01:20:00,,,Viseu,Mangualde,Espinho,Outeiro de Espinho,180606,40.5525,-7.788333,229192.0,398255.0,dms_recuperado,136.0,89.0,47.0,0.0,Florestal,448.0,Intencional,0,1,0,0,57.65
TM205670,11415.0,2005,7,23,2005-07-23,13:53:00,2005-07-24,01:45:00,,,Bragança,Miranda do Douro,Constantim,CONSTANTIM,40603,41.622778,-6.274444,354897.0,518734.0,dms_recuperado,235.5,70.7,0.0,164.8,Florestal,221.0,Negligente,0,1,0,0,11.87
DM4053153,43043.0,2005,7,23,2005-07-23,19:30:00,2005-07-23,23:40:00,,,Braga,Braga,Escudeiros,R. LAGOA,30311,41.4775,-8.427778,175381.0,500980.0,dms_recuperado,147.908,121.0,26.908,0.0,Florestal,448.0,Intencional,0,1,0,0,4.17
BI205799,17093.0,2005,7,23,2005-07-23,12:52:00,2005-07-24,21:00:00,,,Castelo Branco,Covilhã,Vale Formoso,VALE FORMOSO,50326,40.376389,-7.378611,264055.0,378922.0,dms_recuperado,138.38,0.0,138.38,0.0,Florestal,,,0,1,0,0,32.13
TM205676,11487.0,2005,7,24,2005-07-24,13:40:00,2005-07-25,21:00:00,,,Bragança,Bragança,Deilão,Albagueiras,40211,41.862222,-6.552222,331260.0,544852.0,dms_recuperado,595.75,290.85,304.9,0.0,Florestal,311.0,Intencional,0,1,0,0,31.33
BI105907,14537.0,2005,8,1,2005-08-01,18:26:00,2005-08-01,23:00:00,,,Guarda,Sabugal,Vila do Touro,Sítio das Tapadas \ VIAS,91139,40.411389,-7.101111,287577.0,383034.0,dms_recuperado,329.0,246.75,49.35,32.9,Florestal,236.0,Negligente,0,1,0,0,4.57
BL3053168,46296.0,2005,8,2,2005-08-02,15:35:00,2005-08-07,21:25:00,,,Aveiro,Vale de Cambra,Arões,Paraduça,11901,40.805556,-8.263056,189036.0,426295.0,dms_recuperado,3039.0,3039.0,0.0,0.0,Florestal,,,0,1,0,0,125.83
BL3052848,46634.0,2005,8,3,2005-08-03,20:30:00,2005-08-08,20:00:00,,,Aveiro,Arouca,Janarde,Cortegaça,10412,40.908056,-8.129722,200265.0,437699.0,dms_recuperado,8556.0,8266.0,290.0,0.0,Florestal,,,0,1,0,0,119.5
BL405794,35830.0,2005,8,3,2005-08-03,19:05:00,2005-08-09,02:30:00,,,Leiria,Leiria,Colmeias,Valongo (Colmeias),100910,39.789167,-8.7025,151227.0,313609.0,dms_recuperado,2852.0,2611.8,240.2,0.0,Florestal,448.0,Intencional,0,1,0,0,127.42
BL1052425,37618.0,2005,8,3,2005-08-03,10:45:00,2005-08-06,23:30:00,,,Viseu,São Pedro do Sul,São Martinho das Moitas,AMEIXIOSA,181613,40.927222,-8.079722,204482.0,439826.0,dms_recuperado,1553.0,689.0,864.0,0.0,Florestal,412.0,Negligente,0,1,0,0,84.75
BL405796,35846.0,2005,8,3,2005-08-03,19:51:00,2005-08-04,04:30:00,,,Leiria,Leiria,Souto De Carpalhosa,Penedo (S. Miguel),100924,39.845556,-8.822778,140970.0,319944.0,dms_recuperado,1118.41,447.36,268.42,402.63,Florestal,448.0,Intencional,0,1,0,0,8.65
AT105598,25346.0,2005,8,3,2005-08-03,15:45:00,2005-08-05,02:10:00,,,Évora,Portel,Portel,PORTEL,70905,38.309722,-7.705556,237379.0,149273.0,dms_recuperado,460.0,460.0,0.0,0.0,Florestal,,,0,1,0,0,34.42
BL405795,35839.0,2005,8,3,2005-08-03,19:36:00,2005-08-08,20:35:00,,,Leiria,Leiria,Cortes,Calvário,100911,39.703333,-8.767778,145567.0,304102.0,dms_recuperado,450.0,252.0,49.5,148.5,Florestal,448.0,Intencional,0,1,0,0,120.98
DM3051547,15218.0,2005,8,3,2005-08-03,15:00:00,2005-08-04,03:44:00,,,Viana do Castelo,Caminha,Vilar de Mouros,Braçais,160218,41.888611,-8.791389,145367.0,546790.0,dms_recuperado,445.0,400.0,45.0,0.0,Florestal,152.0,Negligente,0,1,0,0,12.73
BL3053169,999999.0,2005,8,3,2005-08-03,16:05:00,2005-08-06,16:15:00,,,Aveiro,Mealhada,Barcouço,Pisão,11102,40.3075,-8.492222,169453.0,371050.0,dms_recuperado,422.95,422.95,0.0,0.0,Florestal,,,0,1,0,0,72.17
DM2057229,82798.0,2005,8,3,2005-08-03,23:45:00,2005-08-06,16:10:00,2005-08-03,23:50:00,Porto,Amarante,Gondar,LG.SºJOÃO,130117,41.253889,-8.029167,208694.0,476090.0,dms_recuperado,363.0,100.0,244.5,18.5,Florestal,,,0,1,0,0,64.42
BL205729,26626.0,2005,8,3,2005-08-03,16:04:00,2005-08-08,10:15:00,2005-08-03,16:04:00,Coimbra,Cantanhede,Murtede,Porto de Carros,60208,40.327222,-8.510833,167896.0,373257.0,dms_recuperado,311.99,311.99,0.0,0.0,Florestal,121.0,Negligente,0,1,0,0,114.18
DM2057103,82538.0,2005,8,3,2005-08-03,11:55:00,2005-08-06,19:10:00,2005-08-03,12:15:00,Porto,Penafiel,Canelas,Quinta de Santa Cruz,131105,41.061667,-8.316389,184575.0,454754.0,dms_recuperado,266.0,77.0,185.0,4.0,Florestal,,,0,1,0,0,79.25
BL205736,26695.0,2005,8,3,2005-08-03,23:25:00,2005-08-04,02:50:00,2005-08-03,23:25:00,Coimbra,Coimbra,Vil de Matos,Mourelos,60331,40.276944,-8.489444,169690.0,367666.0,dms_recuperado,211.42,211.42,0.0,0.0,Florestal,121.0,Negligente,0,1,0,0,3.42
AT3051119,26225.0,2005,8,3,2005-08-03,23:18:00,2005-08-05,23:41:00,2005-08-03,23:25:00,Beja,Vidigueira,Selmes,Gago,21402,38.220556,-7.746111,233885.0,139372.0,dms_recuperado,173.5,172.0,0.0,1.5,Florestal,6.0,Desconhecida,0,1,0,0,48.38
BL1052432,37693.0,2005,8,3,2005-08-03,14:40:00,2005-08-06,20:00:00,2005-08-03,15:50:00,Viseu,Castro Daire,Cabril,AMIAL,180303,40.951944,-8.1075,202153.0,442556.0,dms_recuperado,116.0,54.0,62.0,0.0,Florestal,630.0,Desconhecida,0,1,0,0,77.33
BL1052433,37699.0,2005,8,3,2005-08-03,14:57:00,2005-08-04,22:00:00,,,Viseu,Santa Comba Dão,Santa Comba Dão,Fontainhas,181404,40.393333,-8.148056,198716.0,380536.0,dms_recuperado,110.0,104.0,6.0,0.0,Florestal,448.0,Intencional,0,1,0,0,31.05
RO2052740,121826.0,2005,8,3,2005-08-03,03:30:00,2005-08-03,06:30:00,,,Lisboa,Loures,Lousa,CARCAVELOS DE LOUSA,110708,38.884722,-9.223333,105386.0,213595.0,dms_recuperado,100.0,100.0,0.0,0.0,Florestal,,,0,1,0,0,3.0
RO1052859,34137.0,2005,8,4,2005-08-04,20:25:00,2005-08-08,00:05:00,,,Santarém,Ourém,Urqueira,RESOURO,142114,39.761389,-8.597222,160216.0,310473.0,dms_recuperado,6236.0,5500.0,150.0,586.0,Florestal,,,0,1,0,0,75.67
BL405827,36026.0,2005,8,4,2005-08-04,14:40:00,2005-08-06,12:00:00,,,Leiria,Pombal,Mata Mourisca,Ratos,101507,39.942222,-8.728611,149096.0,330618.0,dms_recuperado,3268.44,2451.33,817.11,0.0,Florestal,448.0,Intencional,0,1,0,0,45.33
BL405809,35964.0,2005,8,4,2005-08-04,10:50:00,2005-08-06,22:00:00,,,Leiria,Pombal,Almagreira,Pingarelhos,101503,39.992778,-8.661667,154841.0,336187.0,dms_recuperado,1801.947,1441.557,360.39,0.0,Florestal,448.0,Intencional,0,1,0,0,59.17
BL405834,36039.0,2005,8,4,2005-08-04,15:30:00,2005-08-07,07:30:00,,,Leiria,Pombal,Albergaria dos Doze,Chão de Gaia/ALBERG.DOZE,101502,39.818611,-8.572222,162380.0,316795.0,dms_recuperado,1785.5,1428.4,357.1,0.0,Florestal,448.0,Intencional,0,1,0,0,64.0
RO1052850,34038.0,2005,8,4,2005-08-04,12:15:00,2005-08-07,05:00:00,,,Santarém,Alcanena,Moitas Venda,CASAIS ROBUSTOS,140207,39.500278,-8.671389,153677.0,281514.0,dms_recuperado,1369.0,410.0,659.0,300.0,Florestal,448.0,Intencional,0,1,0,0,64.75
BL1054325,37938.0,2005,8,4,2005-08-04,14:00:00,2005-08-05,12:45:00,,,Viseu,Penalva do Castelo,Antas,Lagares,181101,40.656944,-7.558333,248590.0,409970.0,dms_recuperado,1023.0,655.0,368.0,0.0,Florestal,,,0,1,0,0,22.75
BL1052465,37878.0,2005,8,4,2005-08-04,10:57:00,2005-08-09,17:00:00,,,Viseu,Penalva do Castelo,Antas,ANTAS,181101,40.661389,-7.5675,247831.0,410434.0,dms_recuperado,810.0,506.5,227.5,76.0,Florestal,,,0,1,0,0,126.05
DM3051568,15352.0,2005,8,4,2005-08-04,21:36:00,2005-08-06,10:47:00,,,Viana do Castelo,Ponte de Lima,Estorãos,Mãos / Sobral,160717,41.785556,-8.643056,157601.0,535269.0,dms_recuperado,797.0,667.02,129.98,0.0,Florestal,448.0,Intencional,0,1,0,0,37.18
BL205751,26885.0,2005,8,4,2005-08-04,17:30:00,2005-08-07,16:25:00,2005-08-04,17:30:00,Coimbra,Mira,Praia de Mira,Dunas de Mira,60804,40.416944,-8.793611,143929.0,383363.0,dms_recuperado,780.9,780.9,0.0,0.0,Florestal,,,0,1,0,0,70.92
DM2056910,82853.0,2005,8,4,2005-08-04,06:25:00,2005-08-05,21:45:00,2005-08-04,06:35:00,Porto,Marco de Canaveses,Soalhães,Pinheiral,130722,41.154722,-8.102222,202575.95,465072.26,dms_recuperado,731.05,291.9,439.15,0.0,Florestal,,,0,1,0,0,39.33
DM2056915,82933.0,2005,8,4,2005-08-04,10:10:00,2005-08-05,05:00:00,2005-08-04,10:20:00,Porto,Marco de Canaveses,Penha Longa,Silvares,130715,41.121389,-8.153056,198314.0,461366.0,dms_recuperado,707.67,214.95,492.72,0.0,Florestal,,,0,1,0,0,18.83
BL3052956,46881.0,2005,8,4,2005-08-04,19:00:00,2005-08-06,01:00:00,2005-08-04,19:00:00,Aveiro,Aveiro,Eirol,Granja,10503,40.609167,-8.531944,166237.0,404563.0,dms_recuperado,497.18,490.0,7.18,0.0,Florestal,448.0,Intencional,0,1,0,0,30.0
DM4054862,45526.0,2005,8,4,2005-08-04,10:26:00,2005-08-05,04:45:00,,,Braga,Póvoa de Lanhoso,Covelas,pereira,30906,41.599167,-8.334167,183236.0,514466.0,dms_recuperado,401.27,200.0,201.27,0.0,Florestal,449.0,Intencional,0,1,0,0,18.32
BL3052875,46764.0,2005,8,4,2005-08-04,11:41:00,2005-08-07,13:40:00,,,Aveiro,Oliveira de Azeméis,Ossela,Ossela,11310,40.852222,-8.430556,174901.0,431531.0,dms_recuperado,393.0,0.0,393.0,0.0,Florestal,,,0,1,0,0,73.98
TM105694,15708.0,2005,8,4,2005-08-04,11:35:00,2005-08-06,01:20:00,,,Vila Real,Vila Real,Lamas de Olo,Dornelas,171413,41.386667,-7.808611,227141.0,490898.0,dms_recuperado,383.09,0.77,382.32,0.0,Florestal,125.0,Negligente,0,1,0,0,37.75
BL1052481,37991.0,2005,8,4,2005-08-04,21:28:00,2005-08-06,21:30:00,2005-08-04,00:25:00,Viseu,Castro Daire,Castro Daire,Alto de Farejinhas,180304,40.9075,-7.9,219636.0,437648.0,dms_recuperado,372.0,117.0,255.0,0.0,Florestal,630.0,Desconhecida,0,1,0,0,48.03
BL405841,36065.0,2005,8,4,2005-08-04,16:50:00,2005-08-07,12:15:00,,,Leiria,Pombal,Abiul,Cancelinha,101501,39.891389,-8.513056,167501.0,324864.0,dms_recuperado,371.0,259.7,111.3,0.0,Florestal,448.0,Intencional,0,1,0,0,67.42
BL405848,36112.0,2005,8,4,2005-08-04,21:57:00,2005-08-05,05:30:00,,,Leiria,Leiria,Bidoeira de Cima,Bidoeira de Cima,100926,39.841944,-8.7425,147819.0,319466.0,dms_recuperado,287.0,287.0,0.0,0.0,Florestal,,,0,1,0,0,7.55
BL3052883,46802.0,2005,8,4,2005-08-04,14:00:00,2005-08-08,11:05:00,,,Aveiro,Águeda,Travassô,Travassô,10117,40.594167,-8.515,167674.0,402888.0,dms_recuperado,286.0,246.0,40.0,0.0,Florestal,,,0,1,0,0,93.08
TM205727,12301.0,2005,8,4,2005-08-04,14:20:00,2005-08-05,04:20:00,,,Bragança,Bragança,Outeiro,OUTEIRO,40226,41.682778,-6.591667,328329.0,524881.0,dms_recuperado,261.6,6.6,255.0,0.0,Florestal,311.0,Intencional,0,1,0,0,14.0
BL3052959,46831.0,2005,8,4,2005-08-04,15:08:00,2005-08-07,17:40:00,,,Aveiro,Vagos,Calvão,CALVÃO,11801,40.476111,-8.697222,152143.0,389881.0,dms_recuperado,246.271,246.271,0.0,0.0,Florestal,235.0,Negligente,0,1,0,0,74.53
DM4053382,45502.0,2005,8,4,2005-08-04,09:08:00,2005-08-04,12:30:00,2005-08-04,09:30:00,Braga,Braga,Pedralva,PEDRALVA,30334,41.56,-8.320833,184321.0,510096.0,dms_recuperado,191.942,79.0,112.942,0.0,Florestal,125.0,Negligente,0,1,0,0,3.37
BL1052469,37920.0,2005,8,4,2005-08-04,14:50:00,2005-08-06,00:40:00,2005-08-04,15:00:00,Viseu,Tondela,Lobão da Beira,LOBÃO DA BEIRA,182110,40.528056,-8.031111,208641.0,395476.0,dms_recuperado,178.0,168.0,10.0,0.0,Florestal,448.0,Intencional,0,1,0,0,33.83
BL4051399,99999.0,2005,8,4,2005-08-04,14:00:00,2005-08-05,14:00:00,,,Leiria,Pombal,Guia,Guia,101516,39.946667,-8.784722,144311.0,331127.0,dms_recuperado,148.0,113.0,35.0,0.0,Florestal,448.0,Intencional,0,1,0,0,24.0
DM3052637,0.0,2005,8,4,2005-08-04,21:36:00,2005-08-06,10:47:00,,,Viana do Castelo,Viana do Castelo,Montaria,Vários,160920,41.791667,-8.729167,150456.0,535988.0,dms_recuperado,135.0,112.98,22.02,0.0,Florestal,,,0,1,0,0,37.18
RO1052762,34067.0,2005,8,4,2005-08-04,14:25:00,2005-08-05,02:07:00,,,Santarém,Tomar,Alviobeira,TOUCO / PORTELA DE NEXEBRA,141801,39.696111,-8.350278,181371.0,303117.0,dms_recuperado,130.57,95.54,23.09,11.94,Florestal,448.0,Intencional,0,1,0,0,11.7
BL405825,36024.0,2005,8,4,2005-08-04,14:00:00,2005-08-05,00:50:00,,,Leiria,Pombal,Pombal,Vicentes,101509,39.898611,-8.615,158778.0,325690.0,dms_recuperado,119.7,41.9,77.8,0.0,Florestal,448.0,Intencional,0,1,0,0,10.83
DM4053380,45482.0,2005,8,4,2005-08-04,08:18:00,2005-08-04,16:50:00,,,Braga,Fafe,Moreira do Rei,Vale da Teixugueira,30718,41.497222,-8.094444,203213.0,503104.0,dms_recuperado,109.75,4.0,105.75,0.0,Florestal,,,0,1,0,0,8.53
BL1052488,38018.0,2005,8,5,2005-08-05,00:25:00,2005-08-08,21:47:00,,,Viseu,Penalva do Castelo,Sezures,Campina,181111,40.686667,-7.623611,243053.0,413210.0,dms_recuperado,777.0,540.0,237.0,0.0,Florestal,449.0,Intencional,0,1,0,0,93.37
DM2056733,83556.0,2005,8,5,2005-08-05,15:30:00,2005-08-05,22:30:00,2005-08-05,15:40:00,Porto,Baião,Valadares,Rossadas,130219,41.145278,-7.991667,211856.64,464027.68,dms_recuperado,706.44,236.69,469.75,0.0,Florestal,,,0,1,0,0,7.0
BL205777,27060.0,2005,8,5,2005-08-05,21:35:00,2005-08-08,19:30:00,2005-08-05,21:35:00,Coimbra,Figueira da Foz,Alhadas,Arruelas,60501,40.176667,-8.805,142771.0,356686.0,dms_recuperado,298.0,273.0,25.0,0.0,Florestal,60.0,Desconhecida,0,1,0,0,69.92
DM3052636,0.0,2005,8,5,2005-08-05,22:10:00,2005-08-05,23:10:00,,,Viana do Castelo,Monção,Pias,Vários,160420,42.015833,-8.505833,169116.0,560800.0,dms_recuperado,189.0,11.7,177.3,0.0,Florestal,,,0,1,0,0,1.0
BL1052547,38312.0,2005,8,6,2005-08-06,12:19:00,2005-08-06,14:00:00,2005-08-06,12:30:00,Viseu,Lamego,Meijinhos,MEIJINHOS,180513,41.044722,-7.837778,224830.0,452897.0,dms_recuperado,397.79,118.9,234.98,43.91,Florestal,448.0,Intencional,0,1,0,0,1.68
DM4054871,46153.0,2005,8,6,2005-08-06,11:40:00,2005-08-07,18:41:00,,,Braga,Cabeceiras de Basto,Passos,Vale de Chão,30412,41.489167,-8.048889,207025.0,502225.0,dms_recuperado,322.12,68.0,254.12,0.0,Florestal,6.0,Desconhecida,0,1,0,0,31.02
DM2057162,83997.0,2005,8,6,2005-08-06,13:25:00,2005-08-08,05:30:00,,,Porto,Baião,Teixeira,Vilarelho,130216,41.201944,-7.919167,217928.9,470351.46,dms_recuperado,275.0,0.0,275.0,0.0,Florestal,,,0,1,0,0,40.08
BI205873,18411.0,2005,8,6,2005-08-06,16:30:00,2005-08-07,23:15:00,,,Castelo Branco,Oleiros,Madeirã,VILARES,50606,39.941111,-8.060833,206175.0,330304.0,dms_recuperado,157.5,155.5,2.0,0.0,Florestal,211.0,Negligente,0,1,0,0,30.75
DM2056843,84049.0,2005,8,6,2005-08-06,14:55:00,2005-08-07,22:00:00,2005-08-06,15:03:00,Porto,Lousada,Ordem,L. PONTE,130517,41.285556,-8.303889,185695.0,479635.0,dms_recuperado,140.06,100.0,40.06,0.0,Florestal,,,0,1,0,0,31.08
BL205785,27145.0,2005,8,6,2005-08-06,14:33:00,2005-08-07,08:59:00,2005-08-06,14:33:00,Coimbra,Soure,Soure,Rio Arunca,61509,40.046944,-8.63,157597.0,342180.0,dms_recuperado,137.0,133.0,4.0,0.0,Florestal,15.0,Negligente,0,1,0,0,18.43
DM4053506,46032.0,2005,8,6,2005-08-06,00:00:00,2005-08-06,14:00:00,,,Braga,Fafe,Monte,MONTE,30717,41.526111,-8.167222,197152.0,506324.0,dms_recuperado,112.3,37.5,74.8,0.0,Florestal,311.0,Intencional,0,1,0,0,14.0
TM105823,16097.0,2005,8,7,2005-08-07,10:45:00,2005-08-09,23:30:00,2005-08-07,11:15:00,Vila Real,Vila Pouca de Aguiar,Parada de Monteiros,Pielas-Parada De Monteiros,171307,41.562222,-7.718333,234579.0,510432.0,dms_recuperado,7086.37,6656.91,429.46,0.0,Florestal,630.0,Desconhecida,0,1,0,0,60.75
BI105968,15139.0,2005,8,7,2005-08-07,21:16:00,2005-08-19,19:50:00,,,Guarda,Manteigas,Manteigas (são Pedro),Ribeira de Manteigas,90803,40.353889,-7.563333,248385.0,376286.0,dms_recuperado,2922.4,687.4,2235.0,0.0,Florestal,630.0,Desconhecida,0,1,0,0,286.57
BI205881,18519.0,2005,8,7,2005-08-07,16:29:00,2005-08-11,00:40:00,,,Castelo Branco,Fundão,Souto da Casa,CASAL ÁLVARO PIRES,50426,40.099167,-7.561944,248694.0,348019.0,dms_recuperado,2066.0,399.0,1667.0,0.0,Florestal,,,0,1,0,0,80.18
BI205880,18515.0,2005,8,7,2005-08-07,15:15:00,2005-08-09,21:20:00,,,Castelo Branco,Castelo Branco,São Vicente da Beira,PEREIROS,50222,40.035278,-7.59,246344.0,340906.0,dms_recuperado,1780.0,1058.0,501.0,221.0,Florestal,630.0,Desconhecida,0,1,0,0,54.08
BI105973,15045.0,2005,8,7,2005-08-07,06:11:00,2005-08-08,14:46:00,,,Guarda,Vila Nova De Foz Côa,Mós,MÓS,91408,41.111944,-7.204167,278027.0,460728.0,dms_recuperado,1170.0,20.0,1150.0,0.0,Florestal,,,0,1,0,0,32.58
AT205449,19924.0,2005,8,7,2005-08-07,14:50:00,2005-08-08,20:15:00,,,Portalegre,Nisa,Montalvão,VALE DE FIGUEIRA,121205,39.543889,-7.498333,254554.0,286389.0,dms_recuperado,707.27,707.27,0.0,0.0,Florestal,,,0,1,0,0,29.42
BI105967,15098.0,2005,8,7,2005-08-07,15:35:00,2005-08-08,21:50:00,,,Guarda,Fornos de Algodres,Casal Vasco,Quinta dos Salgueirais \ CAS,90502,40.6325,-7.557778,248670.0,407252.0,dms_recuperado,373.0,335.0,27.0,11.0,Florestal,448.0,Intencional,0,1,0,0,30.25
TM205756,12687.0,2005,8,7,2005-08-07,21:30:00,2005-08-08,03:11:00,,,Bragança,Bragança,Quintanilha,Senhora da Ribeira,40232,41.734167,-6.575833,329546.0,530603.0,dms_recuperado,210.4,12.1,198.3,0.0,Florestal,125.0,Negligente,0,1,0,0,5.68
BL1052644,38734.0,2005,8,7,2005-08-07,23:50:00,2005-08-08,04:00:00,2005-08-08,00:15:00,Viseu,Castro Daire,Gosende,Cotelo,180309,41.008333,-7.906111,219079.0,448833.0,dms_recuperado,150.0,0.0,150.0,0.0,Florestal,,,1,1,0,0,4.17
TM205760,12749.0,2005,8,8,2005-08-08,12:45:00,2005-08-10,01:30:00,,,Bragança,Bragança,Quintanilha,QUINTANILHA,40232,41.750833,-6.57,329996.0,532476.0,dms_recuperado,209.3,12.0,197.3,0.0,Florestal,125.0,Negligente,1,1,0,0,36.75
DM3051655,16056.0,2005,8,11,2005-08-11,22:33:00,2005-08-12,00:25:00,,,Viana do Castelo,Arcos de Valdevez,Soajo,Alto da Aguieira \ MTE,160146,41.860556,-8.266667,188913.0,543495.0,dms_recuperado,157.0,63.0,94.0,0.0,Florestal,,,0,1,0,0,1.87
DM3051664,16101.0,2005,8,12,2005-08-12,12:10:00,2005-08-14,17:24:00,,,Viana do Castelo,Caminha,Vilarelho,Portela,160219,41.865278,-8.838889,141403.0,544252.0,dms_recuperado,950.0,250.0,700.0,0.0,Florestal,152.0,Negligente,1,1,0,0,53.23
DM2057205,86361.0,2005,8,12,2005-08-12,08:52:00,2005-08-15,09:35:00,,,Porto,Paços de Ferreira,Penamaior,Tapadinha,130913,41.286111,-8.421667,175824.0,479720.0,dms_recuperado,226.0,176.0,50.0,0.0,Florestal,,,0,1,0,0,72.72
BL205864,28264.0,2005,8,13,2005-08-13,19:50:00,2005-08-19,18:20:00,2005-08-13,19:50:00,Coimbra,Pampilhosa da Serra,Vidual,Casal da Lapa,61210,40.09,-7.849722,224155.0,346896.0,dms_recuperado,11706.8,6775.0,4931.8,0.0,Florestal,449.0,Intencional,0,1,0,0,142.5
BL1052760,40011.0,2005,8,13,2005-08-13,14:12:00,2005-08-17,11:31:00,,,Viseu,Vila Nova de Paiva,Pendilhe,PENDILHE,182203,40.904722,-7.835833,225033.0,437361.0,dms_recuperado,2520.0,309.0,2211.0,0.0,Florestal,630.0,Desconhecida,0,1,0,0,93.32
DM2057220,86770.0,2005,8,13,2005-08-13,01:25:00,2005-08-16,04:00:00,,,Porto,Penafiel,Capela,Lg Igreja,131106,41.101944,-8.368333,180226.25,459231.75,dms_recuperado,1874.0,1839.0,20.0,15.0,Florestal,,,0,1,0,0,74.58
BL1052765,40023.0,2005,8,13,2005-08-13,14:10:00,2005-08-16,02:26:00,,,Viseu,Tondela,Mouraz,Couço,182114,40.485833,-8.064167,205833.0,390800.0,dms_recuperado,1390.0,992.0,398.0,0.0,Florestal,132.0,Negligente,0,1,0,0,60.27
DM4053827,47956.0,2005,8,13,2005-08-13,07:50:00,2005-08-14,10:05:00,,,Braga,Vila Verde,Pico de Regalados,Monte,31336,41.688889,-8.433333,174992.0,524433.0,dms_recuperado,355.99,0.0,355.99,0.0,Florestal,,,0,1,0,0,26.25
DM3051707,16277.0,2005,8,13,2005-08-13,21:45:00,2005-08-17,17:58:00,,,Viana do Castelo,Arcos de Valdevez,São Jorge,Gração,160140,41.826111,-8.335,183211.0,539659.0,dms_recuperado,351.0,300.0,51.0,0.0,Florestal,417.0,Intencional,0,1,0,0,92.22
DM2057624,87596.0,2005,8,14,2005-08-14,18:20:00,2005-08-17,23:35:00,2005-08-14,18:25:00,Porto,Penafiel,Vila Cova,Curcovido,131137,41.171944,-8.246389,190486.0,467003.0,dms_recuperado,821.82,738.0,83.82,0.0,Florestal,,,0,1,0,0,77.25
DM2058525,87527.0,2005,8,14,2005-08-14,15:30:00,2005-08-16,00:10:00,2005-08-14,15:40:00,Porto,Santo Tirso,Guimarei,L.Aldeia Nova,131410,41.303056,-8.491667,169960.0,481621.0,dms_recuperado,661.15,661.15,0.0,0.0,Florestal,,,0,1,0,0,32.67
BL205876,28393.0,2005,8,14,2005-08-14,15:01:00,2005-08-15,18:30:00,2005-08-14,15:14:00,Coimbra,Pampilhosa da Serra,Fajão,Cavaleiros de Cima,61203,40.159444,-7.948333,215723.0,354576.0,dms_recuperado,603.7,420.0,183.7,0.0,Florestal,211.0,Negligente,0,1,0,0,27.48
BL1052792,40184.0,2005,8,14,2005-08-14,06:20:00,2005-08-16,18:50:00,,,Viseu,Carregal do Sal,Oliveira do Conde,FIAIS DA TELHA,180204,40.456111,-7.950833,215450.0,387514.0,dms_recuperado,435.0,353.0,82.0,0.0,Florestal,448.0,Intencional,0,1,0,0,60.5
TM105953,16829.0,2005,8,14,2005-08-14,14:40:00,2005-08-15,20:15:00,,,Vila Real,Murça,Candedo,Ribeirinha/Valongo de Milhais,170701,41.342778,-7.335833,266719.0,486272.0,dms_recuperado,390.24,135.91,254.33,0.0,Florestal,133.0,Negligente,0,1,0,0,29.58
DM3051737,16375.0,2005,8,14,2005-08-14,15:55:00,2005-08-15,02:25:00,,,Viana do Castelo,Monção,Sá,SÁ,160425,42.073056,-8.3525,181841.0,567112.0,dms_recuperado,278.0,32.56,245.44,0.0,Florestal,122.0,Negligente,1,1,0,0,10.5
DM4054882,48473.0,2005,8,14,2005-08-14,18:35:00,2005-08-15,08:00:00,,,Braga,Vila Verde,Travassós,TRAVASSOS,31353,41.661667,-8.461944,172608.0,521439.0,dms_recuperado,164.879,164.879,0.0,0.0,Florestal,,,0,1,0,0,13.42
BI205904,19263.0,2005,8,14,2005-08-14,20:00:00,2005-08-17,01:15:00,,,Castelo Branco,Fundão,Janeiro de Cima,JANEIRO DE CIMA,50418,40.066389,-7.8,228415.0,344269.0,dms_recuperado,157.69,157.69,0.0,0.0,Florestal,,,0,1,0,0,53.25
DM4054887,48535.0,2005,8,14,2005-08-14,22:05:00,2005-08-15,23:35:00,,,Braga,Vila Verde,Aboim da Nóbrega,Cabo,31301,41.75,-8.399722,177813.0,531217.0,dms_recuperado,119.4,3.0,116.4,0.0,Florestal,6.0,Desconhecida,0,1,0,0,25.5
DM4054883,48477.0,2005,8,14,2005-08-14,19:00:00,2005-08-15,08:40:00,,,Braga,Fafe,Moreira do Rei,Bacelo,30718,41.479722,-8.108889,202011.0,501159.0,dms_recuperado,112.23,70.0,42.23,0.0,Florestal,,,0,1,0,0,13.67
BL205879,28429.0,2005,8,14,2005-08-14,17:39:00,2005-08-15,22:30:00,2005-08-14,17:39:00,Coimbra,Cantanhede,Cordinhã,Cordinha,60205,40.342222,-8.536667,165708.0,374915.0,dms_recuperado,102.7,102.7,0.0,0.0,Florestal,448.0,Intencional,0,1,0,0,28.85
RO1052981,35836.0,2005,8,14,2005-08-14,14:28:00,2005-08-16,09:52:00,,,Santarém,Sardoal,Santiago de Montalegre,MOGAO CIMEIRO,141702,39.5925,-8.148889,198624.0,291591.0,dms_recuperado,102.0,90.0,0.0,12.0,Florestal,448.0,Intencional,0,1,0,0,43.4
TM1051374,17017.0,2005,8,15,2005-08-15,21:05:00,2005-08-23,11:40:00,,,Vila Real,Vila Real,Borbela,Relva/Lamas de Olo/P.N.Alvao,171405,41.332778,-7.769167,230451.0,484906.0,dms_recuperado,4356.2,807.69,3548.51,0.0,Florestal,311.0,Intencional,0,1,0,0,182.58
BI205911,19341.0,2005,8,15,2005-08-15,14:40:00,2005-08-17,22:14:00,,,Castelo Branco,Sertã,Cernache do Bonjardim,SERRA DA SANTA,50904,39.798889,-8.226944,191961.0,314535.0,dms_recuperado,3002.0,2947.0,33.0,22.0,Florestal,448.0,Intencional,0,1,0,0,55.57
TM205808,13403.0,2005,8,15,2005-08-15,00:15:00,2005-08-17,00:15:00,,,Bragança,Macedo de Cavaleiros,Burga,BURGA,40506,41.4275,-7.036111,291680.0,495955.0,dms_recuperado,819.0,553.0,245.0,21.0,Florestal,4.0,Intencional,0,1,0,0,48.0
DM4054888,48635.0,2005,8,15,2005-08-15,06:38:00,2005-08-16,19:20:00,,,Braga,Celorico de Basto,Arnóia,ARNOIA,30502,41.373056,-8.018611,209581.0,489338.0,dms_recuperado,654.0,624.0,30.0,0.0,Florestal,,,0,1,0,0,36.7
DM3052639,0.0,2005,8,15,2005-08-15,00:35:00,2005-08-16,07:15:00,,,Viana do Castelo,Viana do Castelo,Afife,Vários,160901,41.778056,-8.86,139560.0,534569.0,dms_recuperado,454.0,317.8,136.2,0.0,Florestal,,,0,1,0,0,30.67
TM105925,16936.0,2005,8,15,2005-08-15,11:05:00,2005-08-16,10:00:00,,,Vila Real,Alijó,Pegarinhos,Pegarinhos,170108,41.355556,-7.445,257576.0,487613.0,dms_recuperado,308.53,21.02,287.51,0.0,Florestal,448.0,Intencional,0,1,0,0,22.92
DM2058001,88086.0,2005,8,15,2005-08-15,17:20:00,2005-08-17,04:00:00,2005-08-15,17:30:00,Porto,Amarante,Fridão,Aguilhão,130115,41.311111,-8.029167,208695.52,482438.63,dms_recuperado,255.0,235.0,20.0,0.0,Florestal,,,0,1,0,0,34.67
BL205893,28561.0,2005,8,15,2005-08-15,13:35:00,2005-08-16,22:00:00,2005-08-15,13:48:00,Coimbra,Soure,Samuel,Azenha,61508,40.083611,-8.731944,148918.0,346316.0,dms_recuperado,203.97,168.0,35.97,0.0,Florestal,630.0,Desconhecida,0,1,0,0,32.42
BI205910,19337.0,2005,8,15,2005-08-15,14:27:00,2005-08-16,15:15:00,,,Castelo Branco,Sertã,Sertã,Venda da Pedra,50912,39.797222,-8.098333,202959.0,314332.0,dms_recuperado,196.6,191.1,2.2,3.3,Florestal,630.0,Desconhecida,0,1,0,0,24.8
TM1051068,16968.0,2005,8,15,2005-08-15,14:50:00,2005-08-16,23:00:00,2005-08-15,15:10:00,Vila Real,Vila Real,Parada de Cunhos,Lug.Cerdeira-Relvas/P.Cunhos,171420,41.285,-7.761389,231137.0,479617.0,dms_recuperado,171.83,40.61,131.22,0.0,Florestal,448.0,Intencional,0,1,0,0,32.17
BL1052848,40532.0,2005,8,15,2005-08-15,15:10:00,2005-08-16,00:37:00,2005-08-15,15:20:00,Viseu,Viseu,São João de Lourosa,Lameiras - Oliveira de Barreiros,182327,40.594722,-7.924167,217677.0,402919.0,dms_recuperado,144.0,90.5,53.5,0.0,Florestal,448.0,Intencional,0,1,0,0,9.45
DM4053990,48706.0,2005,8,15,2005-08-15,12:58:00,2005-08-15,17:15:00,2005-08-15,13:15:00,Braga,Fafe,Ribeiros,Herdade,30725,41.485833,-8.118889,201180.0,501842.0,dms_recuperado,109.39,68.75,40.64,0.0,Florestal,,,0,1,0,0,4.28
TM105954,16987.0,2005,8,15,2005-08-15,18:45:00,2005-08-16,16:50:00,2005-08-15,19:00:00,Vila Real,Mondim de Basto,Paradança,Paradança,170506,41.380556,-7.9525,215109.0,490181.0,dms_recuperado,100.0,100.0,0.0,0.0,Florestal,,,0,1,0,0,22.08
DM3052509,0.0,2005,8,15,2005-08-15,19:30:00,2005-08-16,08:30:00,,,Viana do Castelo,Ponte de Lima,Cepões,Carvalhinhos,160715,41.819167,-8.583889,162533.0,538959.0,dms_recuperado,100.0,100.0,0.0,0.0,Florestal,448.0,Intencional,0,1,0,0,13.0
BL1052870,40632.0,2005,8,16,2005-08-16,00:23:00,2005-08-20,20:00:00,,,Viseu,Vouzela,Cambra,Mogueirães,182402,40.668056,-8.172222,196689.0,411034.0,dms_recuperado,1600.0,10.0,1590.0,0.0,Florestal,630.0,Desconhecida,0,1,0,0,115.62
BI205918,19426.0,2005,8,16,2005-08-16,14:22:00,2005-08-19,20:05:00,,,Castelo Branco,Oleiros,Cambas,SANCHA MOURA / MURO,50603,40.043056,-7.900556,219841.0,341655.0,dms_recuperado,954.69,954.69,0.0,0.0,Florestal,,,0,1,0,0,77.72
RO1053006,36217.0,2005,8,16,2005-08-16,16:04:00,2005-08-18,09:51:00,,,Santarém,Sardoal,Sardoal,CARVALHAL,141703,39.549444,-8.136667,199683.0,286831.0,dms_recuperado,574.0,530.0,24.0,20.0,Florestal,448.0,Intencional,0,1,0,0,41.78
TM205817,13504.0,2005,8,16,2005-08-16,02:13:00,2005-08-18,01:25:00,,,Bragança,Vila FLor,Candoso,CANDOSO,41003,41.282222,-7.221389,276380.0,479650.0,dms_recuperado,163.0,0.0,163.0,0.0,Florestal,448.0,Intencional,0,1,0,0,47.2
TM1051069,17214.0,2005,8,17,2005-08-17,16:55:00,2005-08-20,22:00:00,2005-08-17,17:15:00,Vila Real,Chaves,Travancas,Travancas,170339,41.829722,-7.307222,268602.0,540365.0,dms_recuperado,3705.49,844.98,2860.51,0.0,Florestal,630.0,Desconhecida,0,1,0,0,77.08
BL4051006,38804.0,2005,8,17,2005-08-17,14:20:00,2005-08-19,14:00:00,,,Leiria,Pedrógão Grande,Pedrógão Grande,Ponte de Pera,101302,39.9175,-8.146111,198879.0,327684.0,dms_recuperado,544.0,490.0,54.0,0.0,Florestal,448.0,Intencional,0,1,0,0,47.67
BL1052927,41106.0,2005,8,17,2005-08-17,16:25:00,2005-08-22,21:20:00,,,Viseu,Viseu,Lordosa,AERÓDROMO,182316,40.725278,-7.889167,220609.0,417418.0,dms_recuperado,354.0,105.0,249.0,0.0,Florestal,448.0,Intencional,1,1,0,0,124.92
BI205927,19520.0,2005,8,17,2005-08-17,18:32:00,2005-08-22,14:48:00,,,Castelo Branco,Sertã,Pedrógão Pequeno,PAINHO,50911,39.892778,-8.130833,200174.0,324937.0,dms_recuperado,169.22,169.22,0.0,0.0,Florestal,,,0,1,0,0,116.27
TM105994,17199.0,2005,8,17,2005-08-17,14:04:00,2005-08-18,02:45:00,2005-08-17,14:20:00,Vila Real,Mondim de Basto,Atei,Vale,170501,41.442222,-7.931667,216832.0,497030.0,dms_recuperado,168.0,140.0,28.0,0.0,Florestal,,,0,1,0,0,12.68
TM205836,13584.0,2005,8,17,2005-08-17,02:24:00,2005-08-18,00:05:00,,,Bragança,Carrazeda de Ansiães,Amedo,AMEDO,40301,41.258611,-7.325,267724.0,476915.0,dms_recuperado,156.0,22.0,134.0,0.0,Florestal,448.0,Intencional,0,1,0,0,21.68
TM1051462,17184.0,2005,8,17,2005-08-17,11:25:00,2005-08-21,21:30:00,,,Vila Real,Vila Real,Mondrões,Quintelas,171416,41.314167,-7.7975,228089.0,482830.0,dms_recuperado,146.27,116.86,29.41,0.0,Florestal,224.0,Negligente,0,1,0,0,106.08
TM1051079,17284.0,2005,8,18,2005-08-18,12:10:00,2005-08-23,02:20:00,,,Vila Real,Valpaços,Curros,Curros,171208,41.507222,-7.459444,256231.0,504431.0,dms_recuperado,2939.57,1328.38,1611.19,0.0,Florestal,125.0,Negligente,0,1,0,0,110.17
TM1051413,17321.0,2005,8,18,2005-08-18,16:50:00,2005-08-19,03:00:00,2005-08-18,17:30:00,Vila Real,Chaves,Águas Frias,Abelelas,170301,41.737778,-7.365,263884.0,530131.0,dms_recuperado,849.72,425.23,424.49,0.0,Florestal,312.0,Negligente,0,1,0,0,10.17
TM205843,13721.0,2005,8,18,2005-08-18,14:00:00,2005-08-20,11:40:00,,,Bragança,Bragança,Serapicos,Vila Boa,40247,41.643333,-6.738333,316206.0,520272.0,dms_recuperado,778.0,438.0,242.0,98.0,Florestal,,,0,1,0,0,45.67
BI1051062,16139.0,2005,8,18,2005-08-18,19:19:00,2005-08-19,23:45:00,,,Guarda,Pinhel,Azevo,AZEVO,91003,40.851389,-7.131667,284444.0,431864.0,dms_recuperado,557.0,116.0,441.0,0.0,Florestal,630.0,Desconhecida,0,1,0,0,28.43
BL4051022,39017.0,2005,8,18,2005-08-18,16:40:00,2005-08-23,22:30:00,,,Leiria,Figueiró dos Vinhos,Campelo,Alge,100803,40.021389,-8.261111,189057.0,339226.0,dms_recuperado,494.0,494.0,0.0,0.0,Florestal,211.0,Negligente,0,1,0,0,125.83
TM1051081,17300.0,2005,8,18,2005-08-18,14:23:00,2005-08-19,16:45:00,2005-08-18,14:52:00,Vila Real,Montalegre,Sarraquinhos,Sarraquinhos,170629,41.799167,-7.663333,239034.0,536758.0,dms_recuperado,389.89,69.61,320.28,0.0,Florestal,448.0,Intencional,0,1,0,0,26.37
TM205842,13725.0,2005,8,18,2005-08-18,14:22:00,2005-08-19,06:40:00,,,Bragança,Vinhais,Quirás,Edroso,41218,41.911389,-7.140556,282337.0,549586.0,dms_recuperado,356.0,6.0,350.0,0.0,Florestal,,,0,1,0,0,16.3
BI1051060,16118.0,2005,8,18,2005-08-18,13:38:00,2005-08-19,23:40:00,,,Guarda,Figueira de Castelo Rodrigo,Figueira de Castelo Rodrigo,Lagar do Brigido \ CAS,90408,40.9175,-6.928056,301501.0,439429.0,dms_recuperado,289.0,0.0,289.0,0.0,Florestal,,,0,1,0,0,34.03
TM205845,13677.0,2005,8,18,2005-08-18,01:26:00,2005-08-18,13:03:00,,,Bragança,Vinhais,Quirás,Edroso,41218,41.911389,-7.140556,282337.0,549586.0,dms_recuperado,236.0,0.0,236.0,0.0,Florestal,,,0,1,0,0,11.62
BL205942,29220.0,2005,8,19,2005-08-19,18:20:00,2005-08-24,14:30:00,2005-08-19,18:20:00,Coimbra,Pampilhosa da Serra,Pampilhosa da Serra,Sobral Valado,61206,40.06,-7.913056,218765.0,343546.0,dms_recuperado,3546.88,1540.0,2006.88,0.0,Florestal,2.0,Negligente,1,1,0,0,116.17
BL1052984,41473.0,2005,8,19,2005-08-19,09:50:00,2005-08-19,13:45:00,2005-08-19,10:15:00,Viseu,Castro Daire,Pinheiro,Póvoa de Montemuro,180319,40.94,-7.988889,212139.0,441238.0,dms_recuperado,2986.0,1291.0,1695.0,0.0,Florestal,126.0,Negligente,0,1,0,0,3.92
TM1051188,17395.0,2005,8,19,2005-08-19,13:35:00,2005-08-23,01:50:00,2005-08-19,14:00:00,Vila Real,Montalegre,Cambeses do Rio,Cambezes do Rio,170602,41.803889,-7.838333,224483.0,537207.0,dms_recuperado,937.4,194.9,742.5,0.0,Florestal,448.0,Intencional,0,1,0,0,84.25
DM3051937,16963.0,2005,8,19,2005-08-19,21:00:00,2005-08-22,04:15:00,,,Viana do Castelo,Valença,Taião,Felgueiras,160814,41.985833,-8.582222,162771.0,557479.0,dms_recuperado,925.0,596.11,328.89,0.0,Florestal,448.0,Intencional,0,1,0,0,55.25
DM3051921,16931.0,2005,8,19,2005-08-19,16:40:00,2005-08-21,07:00:00,,,Viana do Castelo,Viana do Castelo,Montaria,Junto aos viveiros,160920,41.791667,-8.729167,150456.0,535988.0,dms_recuperado,656.5,459.5,197.0,0.0,Florestal,448.0,Intencional,0,1,0,0,38.33
TM1051416,17355.0,2005,8,19,2005-08-19,04:45:00,2005-08-23,00:45:00,,,Vila Real,Mondim de Basto,Mondim de Basto,Campo do Seixo/Atei,170505,41.395833,-7.959167,214542.0,491883.0,dms_recuperado,643.9,643.9,0.0,0.0,Florestal,448.0,Intencional,0,1,0,0,92.0
BI1051068,16194.0,2005,8,19,2005-08-19,11:30:00,2005-08-21,07:35:00,,,Guarda,Trancoso,Tamanhos,Quinta do Prado,91321,40.761111,-7.299444,270373.0,421689.0,dms_recuperado,540.0,42.0,498.0,0.0,Florestal,630.0,Desconhecida,0,1,0,0,44.08
DM3051942,16980.0,2005,8,19,2005-08-19,23:56:00,2005-08-20,11:11:00,,,Viana do Castelo,Ponte de Lima,Labrujó,Valinhos \ REG,160730,41.852222,-8.533056,166790.0,542638.0,dms_recuperado,532.8,136.8,396.0,0.0,Florestal,448.0,Intencional,0,1,0,0,11.25
DM3052525,0.0,2005,8,19,2005-08-19,06:30:00,2005-08-22,19:00:00,,,Viana do Castelo,Valença,Boivão,Castelo/Furna,160802,41.990833,-8.550833,165380.0,558034.0,dms_recuperado,475.0,275.0,200.0,0.0,Florestal,125.0,Negligente,0,1,0,0,84.5
DM3052635,0.0,2005,8,19,2005-08-19,21:00:00,2005-08-22,04:15:00,,,Viana do Castelo,Paredes de Coura,Linhares,Vários,160512,41.923056,-8.615556,159967.0,550522.0,dms_recuperado,425.0,273.89,151.11,0.0,Florestal,,,0,1,0,0,55.25
BI205932,19613.0,2005,8,19,2005-08-19,06:34:00,2005-08-20,05:00:00,,,Castelo Branco,Castelo Branco,São Vicente da Beira,CASAL DA FRAGA,50222,40.039167,-7.566389,248351.0,341345.0,dms_recuperado,422.0,251.0,119.0,52.0,Florestal,630.0,Desconhecida,1,1,0,0,22.43
DM3051939,16967.0,2005,8,19,2005-08-19,21:50:00,2005-08-20,12:50:00,,,Viana do Castelo,Vila Nova de Cerveira,Cornes,Coutada \ POV,161003,41.943056,-8.674444,155112.0,552792.0,dms_recuperado,412.5,288.8,123.7,0.0,Florestal,448.0,Intencional,0,1,0,0,15.0
DM3051875,16837.0,2005,8,19,2005-08-19,01:15:00,2005-08-19,03:14:00,,,Viana do Castelo,Arcos de Valdevez,Rio Frio,Aveleiras,160130,41.848611,-8.474444,171638.0,542201.0,dms_recuperado,339.0,339.0,0.0,0.0,Florestal,417.0,Intencional,0,1,0,0,1.98
DM2059389,89635.0,2005,8,19,2005-08-19,12:45:00,2005-08-21,03:50:00,2005-08-19,12:50:00,Porto,Santo Tirso,Couto (São Miguel),ALDEIA NOVA,131427,41.328611,-8.454722,173062.0,484452.0,dms_recuperado,321.0,298.0,23.0,0.0,Florestal,,,0,1,0,0,39.08
TM205857,13811.0,2005,8,19,2005-08-19,15:05:00,2005-08-20,09:50:00,,,Bragança,Mirandela,Cedães,CEDÃES,40712,41.472778,-7.108056,285615.0,500897.0,dms_recuperado,229.0,3.0,225.0,1.0,Florestal,2.0,Negligente,0,1,0,0,18.75
DM3052526,0.0,2005,8,19,2005-08-19,21:00:00,2005-08-23,08:32:00,,,Viana do Castelo,Valença,Gandra,Vale de Rei,160807,42.006111,-8.616389,159952.0,559741.0,dms_recuperado,220.0,70.0,150.0,0.0,Florestal,417.0,Intencional,0,1,0,0,83.53
DM3052640,0.0,2005,8,19,2005-08-19,16:40:00,2005-08-20,14:30:00,,,Viana do Castelo,Arcos de Valdevez,Vale,Fojo do Vale,160149,41.8625,-8.360556,181110.0,543714.0,dms_recuperado,187.5,5.3,182.2,0.0,Florestal,125.0,Negligente,0,1,0,0,21.83
BI205936,19673.0,2005,8,19,2005-08-19,20:05:00,2005-08-23,00:15:00,,,Castelo Branco,Oleiros,Cambas,SELADA DAS PEDRAS,50603,40.0375,-7.895833,220248.0,341044.0,dms_recuperado,147.51,147.51,0.0,0.0,Florestal,,,0,1,0,0,76.17
BL1052987,41492.0,2005,8,19,2005-08-19,10:49:00,2005-08-22,14:30:00,2005-08-19,10:55:00,Viseu,Viseu,São João de Lourosa,Oliveira de Barreiros,182327,40.594722,-7.924167,217677.0,402919.0,dms_recuperado,133.0,80.5,52.5,0.0,Florestal,,,1,1,0,0,75.68
RO1053219,36847.0,2005,8,20,2005-08-20,15:49:00,2005-08-25,17:51:00,,,Santarém,Abrantes,Fontes,MAXIAL / PORTELA,140118,39.615833,-8.237778,191007.0,294197.0,dms_recuperado,7484.0,6152.0,542.0,790.0,Florestal,448.0,Intencional,0,1,0,0,122.03
BL205949,29297.0,2005,8,20,2005-08-20,13:40:00,2005-08-23,23:00:00,2005-08-20,13:40:00,Coimbra,Miranda do Corvo,Semide,Segade,60904,40.170833,-8.32,184073.0,355836.0,dms_recuperado,4075.86,4075.86,0.0,0.0,Florestal,,,1,1,0,0,81.33
DM3051957,17009.0,2005,8,20,2005-08-20,06:50:00,2005-08-22,19:45:00,,,Viana do Castelo,Vila Nova de Cerveira,Loivo,Bagoada,161007,41.930278,-8.7225,151118.0,551399.0,dms_recuperado,2922.0,1168.81,1753.19,0.0,Florestal,448.0,Intencional,0,1,0,0,60.92
RO1053216,36832.0,2005,8,20,2005-08-20,14:54:00,2005-08-25,01:32:00,,,Santarém,Ourém,Freixianda,ARNEIRO / LAGOA STª CATARINA,142108,39.8275,-8.481667,170137.0,317770.0,dms_recuperado,2842.0,2842.0,0.0,0.0,Florestal,,,0,1,0,0,106.63
DM3052633,0.0,2005,8,20,2005-08-20,06:50:00,2005-08-22,19:45:00,,,Viana do Castelo,Caminha,Arga de São João,Vários,160204,41.846944,-8.745,149180.0,542126.0,dms_recuperado,2395.0,958.0,1437.0,0.0,Florestal,,,0,1,0,0,60.92
DM3052017,17072.0,2005,8,20,2005-08-20,19:03:00,2005-08-23,01:20:00,,,Viana do Castelo,Viana do Castelo,Amonde,Tourim,160903,41.788611,-8.764722,147499.0,535664.0,dms_recuperado,2223.0,1843.0,380.0,0.0,Florestal,448.0,Intencional,0,1,0,0,54.28
DM3051985,17092.0,2005,8,20,2005-08-20,22:30:00,2005-08-27,20:00:00,,,Viana do Castelo,Viana do Castelo,Carreço,Serra de Santa Luzia,160908,41.746111,-8.863889,139207.0,531010.0,dms_recuperado,1480.0,1480.0,0.0,0.0,Florestal,311.0,Intencional,1,1,0,0,165.5
RO1053214,36807.0,2005,8,20,2005-08-20,00:32:00,2005-08-22,02:48:00,,,Santarém,Chamusca,Carregueira,ARRIPIADO,140707,39.455,-8.3975,177226.0,276379.0,dms_recuperado,1470.0,1290.0,180.0,0.0,Florestal,448.0,Intencional,0,1,0,0,50.27
BL205945,29283.0,2005,8,20,2005-08-20,12:15:00,2005-08-21,15:00:00,2005-08-20,12:15:00,Coimbra,Soure,Samuel,Moinho do Almoxarife,61508,40.118889,-8.761944,146390.0,350246.0,dms_recuperado,1125.9,947.0,178.9,0.0,Florestal,630.0,Desconhecida,0,1,0,0,26.75
BL4051055,39409.0,2005,8,20,2005-08-20,14:35:00,2005-08-23,11:30:00,,,Leiria,Pombal,Abiul,Loureira,101501,39.848333,-8.505833,168084.0,320075.0,dms_recuperado,974.0,828.0,146.0,0.0,Florestal,448.0,Intencional,0,1,0,0,68.92
BL4051061,39420.0,2005,8,20,2005-08-20,15:39:00,2005-08-21,13:25:00,,,Leiria,Alvaiázere,Maçãs de Dona Maria,Varzea dos Amarelos,100204,39.854444,-8.336944,182549.0,320722.0,dms_recuperado,912.01,820.81,45.6,45.6,Florestal,448.0,Intencional,0,1,0,0,21.77
BL205947,29293.0,2005,8,20,2005-08-20,13:20:00,2005-08-21,08:00:00,2005-08-20,13:20:00,Coimbra,Lousã,Foz De Arouce,Covelos,60702,40.170833,-8.282778,187229.0,355839.0,dms_recuperado,909.85,909.85,0.0,0.0,Florestal,,,1,1,0,0,18.67
DM3051950,16989.0,2005,8,20,2005-08-20,01:28:00,2005-08-20,03:10:00,,,Viana do Castelo,Viana do Castelo,Amonde,Pincho,160903,41.786667,-8.759167,147944.0,535454.0,dms_recuperado,890.68,305.78,584.9,0.0,Florestal,116.0,Negligente,0,1,0,0,1.7
RO1053217,36848.0,2005,8,20,2005-08-20,15:45:00,2005-08-22,01:05:00,,,Santarém,Tomar,Casais,GANADOS,141805,39.657222,-8.343333,181952.0,298814.0,dms_recuperado,887.0,455.0,165.0,267.0,Florestal,448.0,Intencional,0,1,0,0,33.33
BL4051064,39430.0,2005,8,20,2005-08-20,16:21:00,2005-08-24,06:30:00,,,Leiria,Figueiró dos Vinhos,Aguda,Casal Ruivo,100801,39.909722,-8.346667,181728.0,326834.0,dms_recuperado,760.0,706.0,54.0,0.0,Florestal,448.0,Intencional,0,1,0,0,86.15
DM3051956,17007.0,2005,8,20,2005-08-20,05:34:00,2005-08-23,06:03:00,,,Viana do Castelo,Ponte de Lima,Rebordões (santa Maria),Santa Maria,160744,41.721111,-8.577222,163039.0,528091.0,dms_recuperado,756.0,621.0,135.0,0.0,Florestal,312.0,Negligente,0,1,0,0,72.48
RO1053184,36841.0,2005,8,20,2005-08-20,15:16:00,2005-08-23,07:00:00,,,Santarém,Ourém,Atouguia,ESCANDARÄO,142102,39.663056,-8.626944,157602.0,299545.0,dms_recuperado,633.0,490.0,113.0,30.0,Florestal,448.0,Intencional,0,1,0,0,63.73
BL205955,29331.0,2005,8,20,2005-08-20,18:15:00,2005-08-23,20:25:00,2005-08-20,18:15:00,Coimbra,Soure,Samuel,Urmar,61508,40.073611,-8.685,152919.0,345178.0,dms_recuperado,632.76,580.0,52.76,0.0,Florestal,630.0,Desconhecida,0,1,0,0,74.17
DM3051981,17074.0,2005,8,20,2005-08-20,19:15:00,2005-08-21,17:30:00,,,Viana do Castelo,Caminha,Orbacém,Cabanas,160213,41.804722,-8.766111,147389.0,537466.0,dms_recuperado,614.95,211.15,403.8,0.0,Florestal,,,1,1,0,0,22.25
BL1053080,41851.0,2005,8,20,2005-08-20,21:52:00,2005-08-21,01:05:00,2005-08-20,22:20:00,Viseu,Resende,Felgueiras,São Cristóvão,181305,41.051944,-7.928889,217155.0,453689.0,dms_recuperado,549.0,0.0,549.0,0.0,Florestal,,,0,1,0,0,3.22
TM1051039,17485.0,2005,8,20,2005-08-20,11:20:00,2005-08-21,03:15:00,,,Vila Real,Chaves,Soutelinho da Raia,Soutelinho da Raia,170337,41.828333,-7.576667,246206.0,540046.0,dms_recuperado,418.68,3.73,414.95,0.0,Florestal,630.0,Desconhecida,0,1,0,0,15.92
DM2058526,90080.0,2005,8,20,2005-08-20,13:15:00,2005-08-25,10:10:00,,,Porto,Valongo,Valongo,S.BARTOLOMEU,131505,41.2175,-8.513611,168078.0,472127.0,dms_recuperado,395.05,202.5,192.55,0.0,Florestal,,,0,1,0,0,116.92
DM4054901,50090.0,2005,8,20,2005-08-20,07:10:00,2005-08-21,02:20:00,,,Braga,Celorico de Basto,Canedo de Basto,Cerdeirinhas,30506,41.440556,-7.954722,214890.0,496829.0,dms_recuperado,326.3,326.3,0.0,0.0,Florestal,,,1,1,0,0,19.17
DM4055063,50278.0,2005,8,20,2005-08-20,19:36:00,2005-08-22,11:40:00,,,Braga,Barcelos,Martim,Riquinha,30247,41.529444,-8.521111,167613.0,506776.0,dms_recuperado,286.208,286.208,0.0,0.0,Florestal,,,0,1,0,0,40.07
DM3052873,0.0,2005,8,20,2005-08-20,00:01:00,2005-08-21,23:55:00,,,Viana do Castelo,Monção,Abedim,Monte Boualhosa,160401,41.9875,-8.505556,169117.0,557636.0,dms_recuperado,250.0,131.25,118.75,0.0,Florestal,,,0,1,0,0,47.9
BI205945,19748.0,2005,8,20,2005-08-20,15:39:00,2005-08-22,13:00:00,,,Castelo Branco,Fundão,Souto da Casa,SOUTO DA CASA,50426,40.120833,-7.544722,250154.0,350435.0,dms_recuperado,240.0,143.0,67.0,30.0,Florestal,630.0,Desconhecida,1,1,0,0,45.35
BL1053057,41763.0,2005,8,20,2005-08-20,13:24:00,2005-08-21,05:45:00,2005-08-20,13:45:00,Viseu,Lamego,Lamego (almacave),Amoreiras,180501,41.099722,-7.822778,226065.0,459004.0,dms_recuperado,226.89,0.0,226.89,0.0,Florestal,,,0,1,0,0,16.35
DM2059617,90156.0,2005,8,20,2005-08-20,16:00:00,2005-08-21,02:30:00,2005-08-20,16:05:00,Porto,Vila Nova de Gaia,Sandim,R. AZENHA,131715,41.032778,-8.511389,168183.0,451594.0,dms_recuperado,160.08,115.11,44.97,0.0,Florestal,,,0,1,0,0,10.5
DM3052632,0.0,2005,8,20,2005-08-20,08:50:00,2005-08-21,23:50:00,,,Viana do Castelo,Paredes de Coura,Cossourado,Cossourado,160504,41.918611,-8.635556,158312.0,550036.0,dms_recuperado,135.0,129.91,5.09,0.0,Florestal,,,0,1,0,0,39.0
BL4051054,39405.0,2005,8,20,2005-08-20,14:24:00,2005-08-22,19:09:00,,,Leiria,Leiria,Coimbrão,M. N. do Pedrogão Talhão 12,100909,39.919167,-8.907778,133766.0,328152.0,dms_recuperado,127.42,115.0,12.42,0.0,Florestal,448.0,Intencional,0,1,0,0,52.75
BL205946,29290.0,2005,8,20,2005-08-20,13:11:00,2005-08-21,11:10:00,2005-08-20,13:12:00,Coimbra,Vila Nova de Poiares,Poiares (Santo André),Vale Carvalhal \ POV,61703,40.194167,-8.289167,186693.0,358411.5,dms_recuperado,126.34,126.34,0.0,0.0,Florestal,,,1,1,0,0,21.98
BL4051057,39414.0,2005,8,20,2005-08-20,15:30:00,2005-08-23,00:05:00,,,Leiria,Caldas da Rainha,Caldas Da Rainha (nossa Senhora Do Pópulo),Quinta do Talvez,100603,39.402222,-9.103056,116443.0,270937.0,dms_recuperado,104.0,100.0,0.75,3.25,Florestal,4.0,Intencional,0,1,0,0,56.58
BL1053031,41671.0,2005,8,20,2005-08-20,03:11:00,2005-08-20,16:38:00,,,Viseu,Vouzela,Cambra,Paredes Velhas,182402,40.690556,-8.193056,194915.0,413545.0,dms_recuperado,100.0,39.0,61.0,0.0,Florestal,630.0,Desconhecida,0,1,0,0,13.45
BL205971,29476.0,2005,8,21,2005-08-21,17:10:00,2005-08-27,12:00:00,2005-08-21,17:10:00,Coimbra,Coimbra,Ceira,São Frutuoso,60311,40.183056,-8.3525,181307.0,357210.0,dms_recuperado,4178.62,3772.7,405.92,0.0,Florestal,,,1,1,0,0,138.83
BL1053086,41870.0,2005,8,21,2005-08-21,00:51:00,2005-08-25,20:35:00,,,Viseu,São Pedro do Sul,Sul,MACIEIRA,181616,40.867778,-8.056111,206487.0,433202.0,dms_recuperado,3547.0,1534.0,2013.0,0.0,Florestal,,,0,1,0,0,115.73
BL4051423,99999.0,2005,8,21,2005-08-21,13:25:00,2005-08-24,04:00:00,,,Leiria,Figueiró dos Vinhos,Arega,AREGA,100802,39.847222,-8.3175,184200.0,319911.0,dms_recuperado,2634.94,2371.44,131.75,131.75,Florestal,448.0,Intencional,0,1,0,0,62.58
BL205964,29434.0,2005,8,21,2005-08-21,13:45:00,2005-08-24,13:00:00,2005-08-21,13:45:00,Coimbra,Vila Nova de Poiares,Arrifana,Soutelo,61701,40.229722,-8.305,185364.0,362380.0,dms_recuperado,1834.92,1834.92,0.0,0.0,Florestal,610.0,Desconhecida,0,1,0,0,71.25
RO1053222,36999.0,2005,8,21,2005-08-21,19:18:00,2005-08-24,00:07:00,,,Santarém,Ferreira do Zêzere,Igreja Nova do Sobral,RIBEIRA DO BRAS/BECO,141107,39.665833,-8.338333,182388.0,299764.0,dms_recuperado,525.346,473.0,26.173,26.173,Florestal,,,0,1,0,0,52.82
BL1053131,42042.0,2005,8,21,2005-08-21,17:10:00,2005-08-23,01:10:00,2005-08-21,17:20:00,Viseu,Viseu,Calde,CALDE,182305,40.781389,-7.911667,218680.0,423651.0,dms_recuperado,392.0,392.0,0.0,0.0,Florestal,,,0,1,0,0,32.0
TM1051060,17567.0,2005,8,21,2005-08-21,14:29:00,2005-08-21,22:15:00,2005-08-21,14:50:00,Vila Real,Boticas,Cerdedo,Casas da Serra,170206,41.689167,-7.886944,220492.0,524463.0,dms_recuperado,266.7,0.0,266.7,0.0,Florestal,,,0,1,0,0,7.77
DM2059033,90577.0,2005,8,21,2005-08-21,14:00:00,2005-08-26,12:05:00,,,Porto,Gondomar,Foz do Sousa,Gens,130403,41.115278,-8.483889,170532.0,460750.0,dms_recuperado,234.42,81.0,152.42,1.0,Florestal,,,0,1,0,0,118.08
BI205957,19839.0,2005,8,21,2005-08-21,15:21:00,2005-08-22,14:50:00,,,Castelo Branco,Proença-a-Nova,Proença-a-Nova,PROENÇA A NOVA,50804,39.752778,-7.924167,217887.0,309432.0,dms_recuperado,191.15,179.05,6.6,5.5,Florestal,630.0,Desconhecida,0,1,0,0,23.48
DM4054915,50628.0,2005,8,21,2005-08-21,22:20:00,2005-08-23,01:20:00,,,Braga,Vila Verde,Prado (São Miguel),SÃO MIGUEL,31350,41.713611,-8.438056,174624.0,527185.0,dms_recuperado,124.179,0.0,124.179,0.0,Florestal,,,0,1,0,0,27.0
BI205970,19938.0,2005,8,22,2005-08-22,14:55:00,2005-08-23,21:30:00,,,Castelo Branco,Castelo Branco,Sobral do Campo,SOBRAL DO CAMPO,50224,39.998056,-7.564444,248554.0,336787.0,dms_recuperado,1221.0,726.0,343.0,152.0,Florestal,630.0,Desconhecida,1,1,0,0,30.58
RO1053228,37170.0,2005,8,22,2005-08-22,18:20:00,2005-08-24,07:00:00,,,Santarém,Tomar,Serra,VENDAS DO RIJO - BODEGÄO,141815,39.573056,-8.293889,186171.0,289450.0,dms_recuperado,1022.0,705.0,181.0,136.0,Florestal,,,0,1,0,0,36.67
DM4054993,50713.0,2005,8,22,2005-08-22,09:46:00,2005-08-22,19:45:00,,,Braga,Póvoa de Lanhoso,Sobradelo da Goma,Carreira,30925,41.556389,-8.164722,197348.0,509691.0,dms_recuperado,543.45,83.25,460.2,0.0,Florestal,,,0,1,0,0,9.98
BL205985,29569.0,2005,8,22,2005-08-22,13:02:00,2005-08-22,13:59:00,2005-08-22,13:02:00,Coimbra,Penacova,São Pedro de Alva,Laborins,61309,40.296389,-8.209444,193502.0,369757.0,dms_recuperado,494.36,460.0,34.36,0.0,Florestal,,,1,1,0,0,0.95
DM4054916,50867.0,2005,8,22,2005-08-22,21:59:00,2005-08-24,04:30:00,2005-08-22,22:25:00,Braga,Celorico de Basto,Basto (São Clemente),Vacaria,30520,41.452778,-8.071944,205112.0,498177.0,dms_recuperado,295.74,6.0,289.74,0.0,Florestal,,,0,1,0,0,30.52
BI205975,19950.0,2005,8,22,2005-08-22,15:51:00,2005-08-22,16:45:00,,,Castelo Branco,Proença-a-Nova,Proença-a-Nova,Maljoga de Proença,50804,39.766389,-8.006111,210874.0,310906.0,dms_recuperado,242.5,229.3,7.4,5.8,Florestal,630.0,Desconhecida,0,1,0,0,0.9
RO1053227,37162.0,2005,8,22,2005-08-22,17:38:00,2005-08-22,18:20:00,,,Santarém,Ferreira do Zêzere,Igreja Nova do Sobral,MOUROLINHO,141107,39.671667,-8.313056,184558.0,300411.0,dms_recuperado,151.0,151.0,0.0,0.0,Florestal,448.0,Intencional,0,1,0,0,0.7
BL1053149,42119.0,2005,8,22,2005-08-22,00:42:00,2005-08-22,10:50:00,2005-08-22,02:10:00,Viseu,Resende,Ovadas,Rossas,181308,41.058056,-7.958333,214673.0,454349.0,dms_recuperado,106.0,0.0,106.0,0.0,Florestal,,,0,1,0,0,10.13
DM2058431,90964.0,2005,8,22,2005-08-22,12:15:00,2005-08-23,04:45:00,2005-08-22,12:18:00,Porto,Vila Nova de Gaia,Sandim,VARIANTE 222/AV.25 DE ABRIL,131715,41.032778,-8.511389,168183.0,451594.0,dms_recuperado,104.8,80.0,24.8,0.0,Florestal,,,0,1,0,0,16.5
RO1053223,37056.0,2005,8,22,2005-08-22,00:01:00,2005-08-23,19:00:00,,,Santarém,Constância,Constância,CONSTANCIA NORTE,140801,39.475556,-8.338611,182299.0,278638.0,dms_recuperado,103.0,103.0,0.0,0.0,Florestal,,,0,1,0,0,42.98
RO1053756,37290.0,2005,8,23,2005-08-23,14:33:00,2005-08-25,00:40:00,,,Santarém,Vila Nova da Barquinha,Vila Nova da Barquinha,MATRENA,142004,39.458611,-8.431111,174337.0,276797.0,dms_recuperado,886.07,651.29,199.78,35.0,Florestal,,,0,1,0,0,34.12
BL1053244,42520.0,2005,8,23,2005-08-23,16:39:00,2005-08-25,02:10:00,2005-08-23,16:58:00,Viseu,Lamego,Lalim,Vingada \ CAS,180510,41.025556,-7.835556,225007.25,450777.5,dms_recuperado,566.33,93.68,472.65,0.0,Florestal,448.0,Intencional,0,1,0,0,33.52
BL2051122,29178.0,2005,8,23,2005-08-23,12:00:00,2005-08-24,08:00:00,2005-08-23,18:30:00,Coimbra,Penela,Penela (santa Eufémia),Forneas,61405,40.044722,-8.353889,181154.0,341851.0,dms_recuperado,476.71,476.71,0.0,0.0,Florestal,610.0,Desconhecida,0,1,0,0,20.0
BL1053224,42433.0,2005,8,23,2005-08-23,11:46:00,2005-08-26,01:50:00,2005-08-23,12:05:00,Viseu,São Pedro do Sul,Valadares,Boavista,181617,40.768056,-8.194167,194825.0,422141.0,dms_recuperado,476.0,191.0,285.0,0.0,Florestal,446.0,Intencional,0,1,0,0,62.07
DM3052137,17412.0,2005,8,23,2005-08-23,10:06:00,2005-08-25,10:24:00,,,Viana do Castelo,Ponte de Lima,Estorãos,Desconhecido,160717,41.785556,-8.643056,157601.0,535269.0,dms_recuperado,306.87,105.27,201.6,0.0,Florestal,,,1,1,0,0,48.3
RO1053230,37290.0,2005,8,23,2005-08-23,14:33:00,2005-08-25,00:40:00,,,Santarém,Tomar,Asseiceira,MATRENA/LINHACEIRA/1409 e 1408,141802,39.524444,-8.403611,176735.0,284071.0,dms_recuperado,294.713,216.383,66.38,11.95,Florestal,448.0,Intencional,0,1,0,0,34.12
BL4051486,99999.0,2005,8,23,2005-08-23,14:38:00,2005-08-24,17:15:00,,,Leiria,Ansião,Alvorge,Mata de Baixo,100301,39.975556,-8.517778,167118.0,334211.0,dms_recuperado,197.3,72.0,125.3,0.0,Florestal,449.0,Intencional,0,1,0,0,26.62
BL1053226,42440.0,2005,8,23,2005-08-23,12:27:00,2005-08-25,23:48:00,,,Viseu,Oliveira de Frades,Sejães,Ugeiras,181010,40.749444,-8.227778,192005.0,420060.0,dms_recuperado,162.5,121.0,41.5,0.0,Florestal,630.0,Desconhecida,0,1,0,0,59.35
DM2058577,91485.0,2005,8,23,2005-08-23,14:00:00,2005-08-25,20:30:00,2005-08-23,15:25:00,Porto,Amarante,Candemil,CORBA CHA,130107,41.232778,-7.975833,213184.0,473750.0,dms_recuperado,136.0,8.0,128.0,0.0,Florestal,,,0,1,0,0,54.5
DM4054494,51020.0,2005,8,23,2005-08-23,14:25:00,2005-08-23,20:10:00,2005-08-23,14:45:00,Braga,Vieira do Minho,Guilhofrei,Vila Boa,31108,41.566944,-8.1275,200469.0,510853.0,dms_recuperado,129.27,5.0,124.27,0.0,Florestal,6.0,Desconhecida,0,1,0,0,5.75
TM1051152,17768.0,2005,8,23,2005-08-23,11:13:00,2005-08-24,00:25:00,2005-08-23,11:34:00,Vila Real,Montalegre,Mourilhe,Sabuzedo/Mourilhe,170617,41.844167,-7.8325,224966.0,541701.0,dms_recuperado,120.0,45.0,75.0,0.0,Florestal,125.0,Negligente,0,1,0,0,13.2
TM1051232,17888.0,2005,8,24,2005-08-24,12:52:00,2005-08-25,04:30:00,,,Vila Real,Ribeira de Pena,Cerva,Asnela,170903,41.467778,-7.8925,220095.0,499879.0,dms_recuperado,320.0,1.0,319.0,0.0,Florestal,,,0,1,0,0,15.63
DM4055065,51303.0,2005,8,24,2005-08-24,14:10:00,2005-08-25,04:00:00,,,Braga,Celorico de Basto,Ribas,Areeiro,30518,41.441111,-8.060556,206054.0,496874.0,dms_recuperado,223.24,35.0,188.24,0.0,Florestal,,,0,1,0,0,13.83
TM1051251,18000.0,2005,8,25,2005-08-25,11:35:00,2005-08-25,23:28:00,,,Vila Real,Chaves,Vilela Seca,Vilela Seca,170348,41.826111,-7.47,255083.0,539845.0,dms_recuperado,486.3,0.0,486.3,0.0,Florestal,125.0,Negligente,0,1,0,0,11.88
DM4055066,51530.0,2005,8,25,2005-08-25,12:30:00,2005-08-28,00:40:00,,,Braga,Cabeceiras de Basto,Cavez,RAVIÇAIS,30407,41.538611,-7.869167,222005.0,507756.0,dms_recuperado,420.0,120.0,300.0,0.0,Florestal,,,0,1,0,0,60.17
TM1051239,17966.0,2005,8,25,2005-08-25,02:50:00,2005-08-25,04:43:00,2005-08-25,03:20:00,Vila Real,Boticas,Sapiãos,Sapelos,170215,41.723056,-7.598889,244437.0,528350.0,dms_recuperado,320.26,170.82,149.44,0.0,Florestal,448.0,Intencional,0,1,0,0,1.88
TM1051628,18122.0,2005,8,26,2005-08-26,14:10:00,2005-08-27,00:30:00,,,Vila Real,Boticas,Sapiãos,Sapelos/Sapiaos,170215,41.723056,-7.598889,244437.0,528350.0,dms_recuperado,168.98,93.48,75.5,0.0,Florestal,,,0,1,0,0,10.33
TM205962,14572.0,2005,8,27,2005-08-27,13:15:00,2005-08-29,02:05:00,,,Bragança,Freixo de Espada à Cinta,Ligares,LIGARES,40404,41.088333,-6.966667,297989.0,458347.0,dms_recuperado,744.5,145.5,599.0,0.0,Florestal,60.0,Desconhecida,0,1,0,0,36.83
BL4051179,40668.0,2005,8,27,2005-08-27,13:15:00,2005-08-30,00:30:00,,,Leiria,Pombal,Carriço,M. N. Urso Talhões 118 e 124,101505,39.978056,-8.911667,133474.0,334691.0,dms_recuperado,416.26,416.26,0.0,0.0,Florestal,448.0,Intencional,0,1,0,0,59.25
BI1051191,17212.0,2005,8,29,2005-08-29,13:05:00,2005-08-31,15:00:00,,,Guarda,Pinhel,Atalaia,ATALAIA,91002,40.6625,-7.030833,293203.0,410989.0,dms_recuperado,1879.0,1679.0,200.0,0.0,Florestal,224.0,Negligente,0,1,0,0,49.92
DM4055072,52482.0,2005,8,29,2005-08-29,14:22:00,2005-09-05,21:46:00,,,Braga,Cabeceiras de Basto,Rio Douro,Meijoadela,30415,41.559722,-7.906111,218924.0,510082.0,dms_recuperado,1414.0,900.0,514.0,0.0,Florestal,,,0,1,0,0,175.4
TM1051629,18526.0,2005,8,30,2005-08-30,09:42:00,2005-08-31,22:40:00,2005-08-30,10:00:00,Vila Real,Vila Pouca de Aguiar,Capeludos,Cidadelhe de Aguiar,171305,41.624722,-7.632222,241731.0,517404.0,dms_recuperado,703.0,599.0,0.0,104.0,Florestal,129.0,Negligente,0,1,0,0,36.97
TM205986,14853.0,2005,8,30,2005-08-30,11:53:00,2005-08-31,03:20:00,,,Bragança,Vinhais,Curopos,CUROPOS,41205,41.801667,-7.093889,286354.0,537445.0,dms_recuperado,229.0,32.0,197.0,0.0,Florestal,,,0,1,0,0,15.45
TM1051766,999999.0,2005,8,30,2005-08-30,19:15:00,2005-08-31,18:15:00,,,Vila Real,Montalegre,Gralhas,GRALHAS,170612,41.849722,-7.704444,235584.0,542360.0,dms_recuperado,113.77,14.87,98.9,0.0,Florestal,125.0,Negligente,0,1,0,0,23.0
BL1053499,44175.0,2005,8,31,2005-08-31,11:30:00,2005-08-31,21:30:00,2005-08-31,12:00:00,Viseu,Cinfães,Gralheira,GRALHEIRA,180407,41.004444,-7.969722,213731.0,448388.0,dms_recuperado,168.0,0.0,168.0,0.0,Florestal,,,0,1,0,0,10.0
TM205997,15032.0,2005,9,1,2005-09-01,16:10:00,2005-09-03,00:45:00,,,Bragança,Vinhais,Candedo,Aboá,41203,41.841944,-7.093056,286375.0,541920.0,dms_recuperado,157.0,26.0,131.0,0.0,Florestal,,,0,1,0,0,32.58
TM2051001,15101.0,2005,9,2,2005-09-02,14:27:00,2005-09-04,19:30:00,,,Bragança,Vinhais,Rebordelo,Vale de Armeiro,41219,41.766111,-7.154167,281389.0,533449.0,dms_recuperado,607.0,110.0,497.0,0.0,Florestal,,,0,1,0,0,53.05
BL4051255,41685.0,2005,9,2,2005-09-02,16:15:00,2005-09-04,23:15:00,,,Leiria,Pedrógão Grande,Graça,Lapa,101301,39.894722,-8.199167,194334.0,325173.0,dms_recuperado,458.0,444.42,13.58,0.0,Florestal,448.0,Intencional,0,1,0,0,55.0
BL2051088,31059.0,2005,9,2,2005-09-02,14:27:00,2005-09-02,19:00:00,2005-09-02,14:27:00,Coimbra,Pampilhosa da Serra,Pampilhosa da Serra,Ribeira de Praçais,61206,40.056111,-7.938889,216558.0,343083.0,dms_recuperado,135.4,48.4,87.0,0.0,Florestal,2.0,Negligente,1,1,0,0,4.55
BL1053584,44704.0,2005,9,2,2005-09-02,17:27:00,2005-09-03,01:00:00,2005-09-02,17:32:00,Viseu,Moimenta da Beira,Alvite,QUINTA DO ESPINHEIRO,180702,40.952222,-7.742222,232894.0,442664.0,dms_recuperado,120.0,0.0,120.0,0.0,Florestal,,,0,1,0,0,7.55
DM4055007,53538.0,2005,9,3,2005-09-03,12:59:00,2005-09-05,00:21:00,,,Braga,Vieira do Minho,Ruivães,Pontilhão \ REG,31114,41.6625,-8.046667,207194.5,521479.8,dms_recuperado,293.85,55.0,238.85,0.0,Florestal,311.0,Intencional,0,1,0,0,35.37
BI2051062,21110.0,2005,9,3,2005-09-03,16:20:00,2005-09-05,20:14:00,,,Castelo Branco,Sertã,Carvalhal,CARVALHAL,50902,39.868889,-8.134722,199861.0,322304.0,dms_recuperado,255.38,255.38,0.0,0.0,Florestal,448.0,Intencional,0,1,0,0,51.9
BI1051249,10000053.0,2005,9,3,2005-09-03,13:47:00,2005-09-05,00:15:00,,,Guarda,Sabugal,Malcata,Limite de concelho(fogo BI 2051060),91118,40.298333,-7.092778,288447.0,370508.0,dms_recuperado,243.683,0.0,243.683,0.0,Florestal,,,0,1,0,0,34.47
DM3052447,18471.0,2005,9,3,2005-09-03,01:20:00,2005-09-04,14:04:00,,,Viana do Castelo,Melgaço,Cubalhão,MOTA,160306,42.057778,-8.227778,192148.0,565383.0,dms_recuperado,237.5,0.0,237.5,0.0,Florestal,125.0,Negligente,1,1,0,0,36.73
BI2051060,21095.0,2005,9,3,2005-09-03,13:48:00,2005-09-05,00:15:00,,,Castelo Branco,Penamacor,Meimão,MEIMÃO,50707,40.283889,-7.119444,286193.0,368863.0,dms_recuperado,162.4,64.1,98.3,0.0,Florestal,630.0,Desconhecida,0,1,0,0,34.45
BI2051066,21126.0,2005,9,3,2005-09-03,19:49:00,2005-09-04,23:19:00,,,Castelo Branco,Vila Velha de Ródão,Perais,Alfrivida,51102,39.719444,-7.537222,251077.0,305865.0,dms_recuperado,155.5,111.1,44.4,0.0,Florestal,,,0,1,0,0,27.5
RO1053405,39154.0,2005,9,4,2005-09-04,14:29:00,2005-09-06,19:30:00,,,Santarém,Sardoal,Alcaravela,CIMO DOS RIBEIROS,141701,39.587778,-8.119167,201188.0,291069.0,dms_recuperado,517.0,517.0,0.0,0.0,Florestal,448.0,Intencional,0,1,0,0,53.02
BI1051248,17741.0,2005,9,4,2005-09-04,23:00:00,2005-09-05,23:30:00,,,Guarda,Figueira de Castelo Rodrigo,Colmeal,Quinta da Moreirola,90405,40.834444,-7.090833,287898.0,430023.0,dms_recuperado,370.0,0.0,370.0,0.0,Florestal,,,0,1,0,0,24.5
BL1053669,45170.0,2005,9,4,2005-09-04,17:20:00,2005-09-06,07:00:00,,,Viseu,Mangualde,Chãs de Tavares,Santo Amaro,180603,40.592222,-7.626944,242828.0,402740.0,dms_recuperado,269.0,35.0,234.0,0.0,Florestal,448.0,Intencional,0,1,0,0,37.67
TM1052192,19019.0,2005,9,4,2005-09-04,03:31:00,2005-09-05,22:45:00,,,Vila Real,Valpaços,Santiago Da Ribeira De Alhariz,Vilela/Santiago R.Alhariz,171221,41.628056,-7.419722,259442.0,517906.0,dms_recuperado,216.3,7.3,209.0,0.0,Florestal,448.0,Intencional,0,1,0,0,43.23
BI2051078,21236.0,2005,9,4,2005-09-04,23:50:00,2005-09-06,20:35:00,,,Castelo Branco,Covilhã,Sarzedo,ALTO DO SARZEDO,50321,40.365833,-7.426389,260015.0,377711.0,dms_recuperado,210.17,0.0,210.17,0.0,Florestal,,,0,1,0,0,44.75
DM4055076,53708.0,2005,9,4,2005-09-04,07:50:00,2005-09-05,02:00:00,,,Braga,Guimarães,Souto (santa Maria),Fojo,30845,41.506389,-8.285278,187278.0,504148.0,dms_recuperado,140.58,24.66,115.92,0.0,Florestal,,,1,1,0,0,18.17
RO1053407,39306.0,2005,9,5,2005-09-05,12:12:00,2005-09-05,16:50:00,,,Santarém,Mação,Ortiga,VALE DA ABELHA,141307,39.481667,-8.014444,210204.0,279316.0,dms_recuperado,2288.0,2288.0,0.0,0.0,Florestal,,,0,1,0,0,4.63
BI1051254,17797.0,2005,9,5,2005-09-05,18:10:00,2005-09-06,18:30:00,,,Guarda,Trancoso,Reboleiro,Caminho de Reboleiro,91315,40.836111,-7.427778,259482.0,429948.0,dms_recuperado,1420.0,506.0,914.0,0.0,Florestal,,,0,1,0,0,24.33
AT205550,22833.0,2005,9,5,2005-09-05,13:45:00,2005-09-06,18:15:00,,,Portalegre,Gavião,Belver,Torre Cimeira,120902,39.499167,-7.980833,213075.0,281246.0,dms_recuperado,586.0,586.0,0.0,0.0,Florestal,,,0,1,0,0,28.5
RO1053554,,2005,9,5,2005-09-05,15:43:00,2005-09-06,19:30:00,,,Santarém,Abrantes,Mouriscas,Lercas,140106,39.536944,-8.083056,204279.0,285440.0,dms_recuperado,116.0,0.0,116.0,0.0,Florestal,,,0,1,0,0,27.78
BL1053756,47294.0,2005,9,16,2005-09-16,11:45:00,2005-09-17,02:45:00,2005-09-16,11:56:00,Viseu,Nelas,Senhorim,Feitais,180905,40.54,-7.815278,226923.0,396853.0,dms_recuperado,463.0,113.0,350.0,0.0,Florestal,,,0,1,0,0,15.0
BI2051111,22169.0,2005,9,16,2005-09-16,13:43:00,2005-09-17,21:00:00,,,Castelo Branco,Sertã,Cumeada,CUMEADA,50905,39.771667,-8.115,201528.0,311507.0,dms_recuperado,183.6,170.6,10.1,2.9,Florestal,417.0,Intencional,0,1,0,0,31.28
BI2051114,22173.0,2005,9,16,2005-09-16,14:00:00,2005-09-17,21:00:00,,,Castelo Branco,Sertã,Sertã,AQUEDUTO DAS 4 BOCAS,50912,39.806667,-8.099444,202873.0,315390.0,dms_recuperado,109.5,102.8,3.1,3.6,Florestal,417.0,Intencional,0,1,0,0,31.0
BL1053784,47606.0,2005,9,17,2005-09-17,23:50:00,2005-09-24,19:00:00,,,Viseu,Mortágua,Pala,Linhar de Pala,180807,40.500556,-8.252778,189838.0,392448.0,dms_recuperado,969.0,896.0,73.0,0.0,Florestal,448.0,Intencional,0,1,0,0,163.17
BL2051134,32911.0,2005,9,17,2005-09-17,12:36:00,2005-09-19,02:00:00,2005-09-17,12:36:00,Coimbra,Oliveira do Hospital,Ervedal,Fiais da Beira,61105,40.422222,-7.9225,217858.0,383748.0,dms_recuperado,342.26,53.14,289.12,0.0,Florestal,,,0,1,0,0,37.4
BL2051168,32911.0,2005,9,17,2005-09-17,16:00:00,2005-09-19,02:00:00,2005-09-17,16:00:00,Coimbra,Tábua,Midões,Regateira,61608,40.4175,-7.942222,216181.0,383226.0,dms_recuperado,244.84,126.84,0.0,118.0,Florestal,,,0,1,0,0,34.0
BL3054470,999999.0,2005,9,18,2005-09-18,00:25:00,2005-09-20,20:00:00,,,Aveiro,Anadia,Avelãs de Cima,Boialvo,10305,40.501389,-8.375556,179437.0,392556.0,dms_recuperado,2500.0,2500.0,0.0,0.0,Florestal,,,0,1,0,0,67.58
BL3054321,57481.0,2005,9,18,2005-09-18,00:25:00,2005-09-20,20:00:00,,,Aveiro,Águeda,Agadão,Catraia,10101,40.498889,-8.301389,185719.0,392262.0,dms_recuperado,1200.0,1200.0,0.0,0.0,Florestal,,,0,1,0,0,67.58
BI1051317,18753.0,2005,9,18,2005-09-18,01:50:00,2005-09-18,22:30:00,,,Guarda,Sabugal,Moita,Paraíso \ CAS,91119,40.294722,-7.206111,278803.0,369990.0,dms_recuperado,279.0,15.0,263.0,1.0,Florestal,,,0,1,0,0,20.67
DM4055189,56794.0,2005,9,19,2005-09-19,16:50:00,2005-09-19,21:20:00,,,Braga,Fafe,Quinchães,Montim,30722,41.425833,-8.118056,201251.0,495202.0,dms_recuperado,146.76,15.0,131.76,0.0,Florestal,,,0,1,0,0,4.5
TM1052174,20370.0,2005,9,21,2005-09-21,23:06:00,2005-09-24,21:30:00,,,Vila Real,Santa Marta de Penaguião,Louredo,LOUREDO,171105,41.255556,-7.818056,226388.0,476322.0,dms_recuperado,124.26,64.87,59.39,0.0,Florestal,448.0,Intencional,0,1,0,0,70.4
RO1053625,42138.0,2005,9,24,2005-09-24,13:52:00,2005-09-25,16:15:00,,,Santarém,Sardoal,Alcaravela,MONTE CIMEIRO,141701,39.582222,-8.109722,202008.0,290472.0,dms_recuperado,210.1,195.1,10.0,5.0,Florestal,448.0,Intencional,0,1,0,0,26.38
BL1054000,50061.0,2005,9,30,2005-09-30,04:09:00,2005-10-02,23:00:00,2005-09-30,05:40:00,Viseu,Mangualde,Abrunhosa-a-Velha,ABRUNHOSA A VELHA,180601,40.578889,-7.643056,241485.0,401235.0,dms_recuperado,450.0,0.0,450.0,0.0,Florestal,449.0,Intencional,0,1,0,0,66.85
DM4055372,59044.0,2005,9,30,2005-09-30,06:45:00,2005-09-30,12:35:00,,,Braga,Fafe,São Gens,POVOAÇAO,30728,41.448056,-8.138611,199542.0,497659.0,dms_recuperado,162.14,75.0,87.14,0.0,Florestal,,,0,1,0,0,5.83
BL4051378,46296.0,2005,10,1,2005-10-01,13:30:00,2005-10-02,05:00:00,,,Leiria,Pombal,Pombal,Carvalhais,101509,39.8775,-8.645556,156150.0,323369.0,dms_recuperado,505.0,406.0,99.0,0.0,Florestal,,,0,1,0,0,15.5
TM1051976,21175.0,2005,10,1,2005-10-01,13:55:00,2005-10-01,23:20:00,2005-10-01,15:00:00,Vila Real,Montalegre,Viade de Baixo,Viade de Baixo,170634,41.761667,-7.863056,222458.0,532523.0,dms_recuperado,165.5,7.7,157.8,0.0,Florestal,125.0,Negligente,0,1,0,0,9.42
TM2051129,16997.0,2005,10,1,2005-10-01,18:50:00,2005-10-03,01:48:00,,,Bragança,Macedo de Cavaleiros,Salselas,Vale de Quintela,40526,41.506389,-6.834722,308398.0,504932.0,dms_recuperado,131.0,79.0,47.0,5.0,Florestal,224.0,Negligente,0,1,0,0,30.97
BL2051223,34730.0,2005,10,1,2005-10-01,14:55:00,2005-10-02,02:55:00,,,Coimbra,Soure,Soure,Quinta da Cruz,61509,40.03,-8.624444,158041.0,340297.0,dms_recuperado,120.0,120.0,0.0,0.0,Florestal,630.0,Desconhecida,0,1,0,0,12.0
BL1054067,50588.0,2005,10,2,2005-10-02,17:55:00,2005-10-02,19:40:00,2005-10-02,18:00:00,Viseu,Carregal do Sal,Oliveira do Conde,Fiais da Telha,180204,40.458889,-7.943056,216110.0,387807.0,dms_recuperado,1879.0,1314.0,556.0,9.0,Florestal,448.0,Intencional,0,1,0,0,1.75
BL2051239,34882.0,2005,10,2,2005-10-02,15:30:00,2005-10-03,15:30:00,,,Coimbra,Figueira da Foz,Quiaios,QUIAIOS,60510,40.213056,-8.849167,139022.0,360743.0,dms_recuperado,1175.78,1175.78,0.0,0.0,Florestal,60.0,Desconhecida,0,1,0,0,24.0
BL1054045,50466.0,2005,10,2,2005-10-02,06:37:00,2005-10-08,20:00:00,,,Viseu,Viseu,Santos Evos,Remonde,182325,40.680556,-7.800278,228138.0,412461.0,dms_recuperado,774.0,653.0,121.0,0.0,Florestal,448.0,Intencional,0,1,0,0,157.38
BL1054062,50567.0,2005,10,2,2005-10-02,15:26:00,2005-10-07,17:44:00,,,Viseu,Nelas,Canas de Senhorim,VALE DE MADEIROS,180901,40.489167,-7.883056,221188.0,391189.0,dms_recuperado,769.0,421.0,311.0,37.0,Florestal,448.0,Intencional,0,1,0,0,122.3
TM1052210,21273.0,2005,10,2,2005-10-02,19:25:00,2005-10-03,20:30:00,2005-10-02,19:50:00,Vila Real,Montalegre,Salto,Serra do Larouco/Padornelos,170626,41.616111,-7.879167,221154.0,516352.0,dms_recuperado,535.0,20.0,515.0,0.0,Florestal,,,0,1,0,0,25.08
DM4056065,59794.0,2005,10,2,2005-10-02,18:20:00,2005-10-04,02:14:00,,,Braga,Vieira do Minho,Ruivães,CABEÇA DA VACA,31114,41.665833,-8.080278,204381.0,521859.0,dms_recuperado,247.68,19.0,228.68,0.0,Florestal,6.0,Desconhecida,0,1,0,0,31.9
TM1051995,21262.0,2005,10,2,2005-10-02,16:44:00,2005-10-02,18:00:00,2005-10-02,16:55:00,Vila Real,Mondim de Basto,Paradança,Paradança,170506,41.380556,-7.9525,215109.0,490181.0,dms_recuperado,199.9,199.9,0.0,0.0,Florestal,630.0,Desconhecida,0,1,0,0,1.27
DM20510405,105314.0,2005,10,2,2005-10-02,02:40:00,2005-10-03,19:30:00,,,Porto,Baião,Santa Marinha do Zêzere,Mirão,130215,41.128333,-7.964167,214184.0,462149.0,dms_recuperado,184.54,101.6,71.94,11.0,Florestal,,,0,1,0,0,40.83
DM4056071,59845.0,2005,10,2,2005-10-02,22:28:00,2005-10-03,19:15:00,,,Braga,Celorico de Basto,Arnóia,CAMPELO,30502,41.353056,-8.006944,210559.0,487118.0,dms_recuperado,107.73,34.0,73.73,0.0,Florestal,,,0,1,0,0,20.78
DM4056063,59688.0,2005,10,2,2005-10-02,12:25:00,2005-10-03,07:00:00,,,Braga,Vieira do Minho,Vieira do Minho,SANGUINHEDO,31120,41.6225,-8.157778,197933.0,517029.0,dms_recuperado,105.66,10.5,95.16,0.0,Florestal,6.0,Desconhecida,0,1,0,0,18.58
DM20510251,106044.0,2005,10,3,2005-10-03,21:10:00,2005-10-05,21:30:00,2005-10-03,23:00:00,Porto,Amarante,Aboadela,Covelo do Monte,130101,41.299722,-7.951389,215209.0,481198.0,dms_recuperado,778.0,514.0,264.0,0.0,Florestal,,,0,1,0,0,48.33
BL2051252,34989.0,2005,10,3,2005-10-03,12:20:00,2005-10-04,12:20:00,,,Coimbra,Oliveira do Hospital,Seixo da Beira,Seixas,61118,40.458889,-7.878056,221623.0,387850.0,dms_recuperado,717.32,717.32,0.0,0.0,Florestal,,,0,1,0,0,24.0
BL2051247,34961.0,2005,10,3,2005-10-03,07:10:00,2005-10-04,07:10:00,,,Coimbra,Tábua,Tábua,Sevilha,61614,40.377778,-8.02,209597.0,378806.0,dms_recuperado,508.4,508.4,0.0,0.0,Florestal,,,0,1,0,0,24.0
BL2051251,34978.0,2005,10,3,2005-10-03,11:30:00,2005-10-04,11:30:00,,,Coimbra,Tábua,Midões,Vila do Mato,61608,40.404722,-7.951111,215444.0,381798.0,dms_recuperado,276.88,276.88,0.0,0.0,Florestal,,,0,1,0,0,24.0
BL2051315,19868.0,2005,10,3,2005-10-03,22:00:00,2005-10-04,16:00:00,2005-10-03,22:00:00,Coimbra,Oliveira do Hospital,Seixo da Beira,SOBREDA,61118,40.456111,-7.815556,226920.0,387537.0,dms_recuperado,213.63,213.63,0.0,0.0,Florestal,,,0,1,0,0,18.0
DM20510079,105734.0,2005,10,3,2005-10-03,07:55:00,2005-10-04,08:45:00,2005-10-03,08:00:00,Porto,Penafiel,Portela,Cimo de Vila,131127,41.106389,-8.306389,185429.0,459714.0,dms_recuperado,186.0,35.0,150.0,1.0,Florestal,,,0,1,0,0,24.83
DM20510252,105957.0,2005,10,3,2005-10-03,17:50:00,2005-10-04,19:55:00,2005-10-03,18:00:00,Porto,Marco de Canaveses,Ariz,Samoça,130702,41.103889,-8.219722,192722.0,459436.0,dms_recuperado,122.99,101.0,21.99,0.0,Florestal,,,0,1,0,0,26.08
BI2051205,23637.0,2005,10,3,2005-10-03,12:00:00,2005-10-04,00:05:00,,,Castelo Branco,Fundão,Capinha,CAPINHA,50411,40.201667,-7.374722,264563.0,359510.0,dms_recuperado,117.34,86.43,26.19,4.72,Florestal,,,0,1,0,0,12.08
DM20510408,106101.0,2005,10,4,2005-10-04,04:10:00,2005-10-08,19:50:00,,,Porto,Penafiel,Valpedre,Vala,131136,41.139722,-8.319167,184363.0,463417.0,dms_recuperado,877.0,815.0,59.0,3.0,Florestal,,,0,1,0,0,111.67
RO3051879,72295.0,2005,10,4,2005-10-04,13:30:00,2005-10-05,22:50:00,,,Setúbal,Sines,Sines,CAROCHINHA DE CIMA,151301,37.901111,-8.694444,150614.0,103995.0,dms_recuperado,284.0,214.0,35.0,35.0,Florestal,,,0,1,0,0,33.33
TM1052054,21390.0,2005,10,4,2005-10-04,02:09:00,2005-10-04,22:25:00,,,Vila Real,Mondim de Basto,Campanhó,Campanhó,170503,41.3225,-7.932222,216819.0,483723.0,dms_recuperado,160.0,160.0,0.0,0.0,Florestal,,,0,1,0,0,20.27
BL2051274,35210.0,2005,10,5,2005-10-05,15:10:00,2005-10-06,15:10:00,,,Coimbra,Penela,Cumeeira,Favaçal,61401,39.972778,-8.336667,182604.0,333849.0,dms_recuperado,1460.0,1460.0,0.0,0.0,Florestal,211.0,Negligente,0,1,0,0,24.0
BL4051435,47267.0,2005,10,5,2005-10-05,15:40:00,2005-10-08,21:30:00,,,Leiria,Figueiró dos Vinhos,Aguda,Fato,100801,39.925833,-8.330833,183091.0,328625.0,dms_recuperado,1102.0,1102.0,0.0,0.0,Florestal,211.0,Negligente,0,1,0,0,77.83
BL1054226,51569.0,2005,10,7,2005-10-07,16:10:00,2005-10-08,03:50:00,2005-10-07,17:15:00,Viseu,Castro Daire,São Joaninho,SÃO JOANINHO,180322,40.915556,-7.861667,222852.0,438538.0,dms_recuperado,153.0,10.0,143.0,0.0,Florestal,630.0,Desconhecida,0,1,0,0,11.67
TM2051198,17393.0,2005,10,8,2005-10-08,02:50:00,2005-10-09,12:45:00,,,Bragança,Vimioso,Matela,MATELA,41108,41.510278,-6.63,325488.0,505646.0,dms_recuperado,287.28,66.19,221.09,0.0,Florestal,,,0,1,0,0,33.92
BI90582,24329.0,2005,12,17,2005-12-17,09:30:00,2005-12-18,01:00:00,,,Guarda,Gouveia,Gouveia (são Pedro),Casal da Esboglhada,90618,40.454444,-7.528056,251306.0,387498.0,dms_recuperado,211.0,0.0,211.0,0.0,Florestal,125.0,Negligente,0,1,0,0,15.5
DM306543,2509.0,2006,2,9,2006-02-09,23:00:00,2006-02-10,02:40:00,,,Viana do Castelo,Melgaço,Paços,PNPG (PAÇOS),160310,42.134444,-8.208889,193717.0,573906.0,dms_recuperado,160.0,0.0,160.0,0.0,Florestal,,,0,1,0,0,3.67
DM306536,2476.0,2006,2,9,2006-02-09,14:45:00,2006-02-09,19:12:00,,,Viana do Castelo,Melgaço,Cubalhão,Coutadas PNPG (Coutadas de Soengas),160306,42.040833,-8.223056,192544.0,563488.0,dms_recuperado,150.0,0.0,150.0,0.0,Florestal,,,0,1,0,0,4.45
DM306245,8767.0,2006,5,27,2006-05-27,16:00:00,2006-05-28,00:35:00,2006-05-27,16:15:00,Viana do Castelo,Monção,Messegães,SRª BOMFIM (MESSEGÃES),160416,42.080833,-8.365833,180737.0,567958.0,dms_recuperado,112.5,75.5,37.0,0.0,Florestal,,,0,1,0,0,8.58
DM406663,29685.0,2006,5,28,2006-05-28,00:44:00,2006-05-28,23:35:00,2006-05-28,00:55:00,Braga,Celorico de Basto,Basto (São Clemente),L. STº TIRSO (São Clemente),30520,41.4725,-8.036111,208094.0,500368.0,dms_recuperado,134.0,134.0,0.0,0.0,Florestal,448.0,Intencional,1,1,0,0,22.85
TM106500,8956.0,2006,5,29,2006-05-29,14:42:00,2006-05-31,01:00:00,2006-05-29,15:40:00,Vila Real,Alijó,Castedo,Cunha/S.M.Riba Tua (Cunhas),170105,41.218611,-7.430556,258912.0,472419.0,dms_recuperado,236.0,184.0,52.0,0.0,Florestal,51.0,Natural,0,1,0,0,34.3
DM306291,9107.0,2006,5,31,2006-05-31,13:55:00,2006-06-01,06:00:00,2006-05-31,14:15:00,Viana do Castelo,Monção,Mazedo,Cruzeiro,160414,42.0625,-8.495833,169976.0,565970.0,dms_recuperado,120.0,0.0,120.0,0.0,Florestal,,,0,1,0,0,16.08
BL306682,29274.0,2006,6,3,2006-06-03,15:33:00,2006-06-09,19:10:00,2006-06-03,15:45:00,Aveiro,Águeda,Castanheira do Vouga,Vale da Galega,10107,40.570278,-8.372222,179735.0,400194.0,dms_recuperado,335.0,335.0,0.0,0.0,Florestal,6.0,Desconhecida,0,1,0,0,147.62
DM4061060,31640.0,2006,6,4,2006-06-04,13:28:00,2006-06-10,01:25:00,2006-06-04,14:00:00,Braga,Barcelos,Cossourado,Monte,30224,41.616944,-8.621389,159303.0,516543.0,dms_recuperado,2537.0,1757.0,780.0,0.0,Florestal,630.0,Desconhecida,0,1,0,0,131.95
DM2061095,58466.0,2006,6,4,2006-06-04,10:39:00,2006-06-06,07:35:00,2006-06-04,10:52:00,Porto,Amarante,Jazente,ÁGUAS DO MARÃO (Entre Águas),130118,41.246944,-8.054444,206578.0,475330.0,dms_recuperado,282.5,282.5,0.0,0.0,Florestal,2.0,Negligente,1,1,0,0,44.93
AT306123,17843.0,2006,6,4,2006-06-04,17:37:00,2006-06-05,11:15:00,,,Beja,Mértola,Espírito Santo,MESQUITA / RIBEIRA DO VASCÃO (Mesquita),20903,37.540833,-7.537778,252587.0,64033.0,dms_recuperado,114.74,0.0,114.74,0.0,Florestal,630.0,Desconhecida,0,1,0,0,17.63
DM406905,31968.0,2006,6,5,2006-06-05,20:00:00,2006-06-06,01:50:00,2006-06-05,20:15:00,Braga,Braga,Sobreposta,Covais,30355,41.565278,-8.336111,183050.0,510701.0,dms_recuperado,260.0,130.0,130.0,0.0,Florestal,630.0,Desconhecida,0,1,0,0,5.83
AT206168,12746.0,2006,6,6,2006-06-06,16:05:00,2006-06-07,03:40:00,2006-06-06,00:00:00,Portalegre,Campo Maior,São João Baptista,CABEÇO DO ZEBRO (Cabeço do Alecrim),120403,39.103889,-7.101111,289259.0,237849.0,dms_recuperado,325.0,0.0,325.0,0.0,Agrícola,630.0,Desconhecida,0,1,0,0,11.58
BL106666,23565.0,2006,6,6,2006-06-06,17:33:00,2006-06-07,03:20:00,2006-06-06,17:50:00,Viseu,São João da Pesqueira,Pereiros,PEREIROS,181506,41.063333,-7.355833,265326.0,455217.0,dms_recuperado,124.81,29.23,95.58,0.0,Florestal,125.0,Negligente,0,1,0,0,9.78
BI106306,9547.0,2006,6,7,2006-06-07,15:01:00,2006-06-08,13:23:00,2006-06-07,15:27:00,Guarda,Celorico da Beira,Linhares,QUINTAS DO SALGUEIRO (Quintas),90308,40.559167,-7.461111,256903.0,399144.0,dms_recuperado,267.0,1.0,261.0,5.0,Florestal,6.0,Desconhecida,0,1,0,0,22.37
AT306174,18249.0,2006,6,7,2006-06-07,17:09:00,2006-06-08,01:40:00,,,Beja,Castro Verde,Castro Verde,MONTE BROCO (Barranco do Monte Branco),20602,37.659167,-8.017778,210172.0,76997.0,dms_recuperado,169.0,30.0,0.0,139.0,Florestal,,,0,1,0,0,8.52
TM106455,9714.0,2006,6,7,2006-06-07,16:56:00,2006-06-08,22:15:00,2006-06-07,17:05:00,Vila Real,Ribeira de Pena,Cerva,Baraças/Cerva (Baraças),170903,41.472222,-7.871944,221803.0,500359.0,dms_recuperado,114.0,114.0,0.0,0.0,Florestal,448.0,Intencional,0,1,0,0,29.32
BI106348,10497.0,2006,6,23,2006-06-23,14:35:00,2006-06-24,17:00:00,2006-06-23,14:55:00,Guarda,Trancoso,Trancoso (santa Maria),RIO DE MOINHOS,91317,40.783333,-7.395556,262244.0,424098.0,dms_recuperado,144.0,52.0,92.0,0.0,Florestal,221.0,Negligente,0,1,0,0,26.42
AT206241,14763.0,2006,7,1,2006-07-01,17:05:00,2006-07-01,23:55:00,2006-07-01,17:50:00,Portalegre,Elvas,Caia e São Pedro,HERDADE MESQUITA (Herdade da Comenda),120705,38.893333,-7.0575,293314.0,214540.0,dms_recuperado,118.65,0.0,0.0,118.65,Agrícola,630.0,Desconhecida,0,0,1,0,6.83
BI106410,11474.0,2006,7,8,2006-07-08,15:05:00,2006-07-10,02:45:00,2006-07-08,15:15:00,Guarda,Guarda,Vale de Estrela,QUINTA DO PALANQUE,90746,40.471944,-7.305,270207.0,389598.0,dms_recuperado,208.0,15.0,182.0,11.0,Florestal,221.0,Negligente,0,1,0,0,35.67
BI106415,11538.0,2006,7,9,2006-07-09,12:35:00,2006-07-12,20:10:00,2006-07-09,14:00:00,Guarda,Guarda,Famalicão,FAMALICÃO (pnse) (FAMALICÃO),90717,40.443611,-7.378889,263976.0,386373.0,dms_recuperado,569.0,253.5,295.5,20.0,Florestal,221.0,Negligente,0,1,0,0,79.58
AT306260,22118.0,2006,7,9,2006-07-09,14:08:00,2006-07-10,23:30:00,,,Beja,Moura,Amareleja,HERDADE DA NEGRITA (Herdade do Monte Agudo),21001,38.161389,-7.272222,275434.0,133069.0,dms_recuperado,529.07,529.07,0.0,0.0,Florestal,4.0,Intencional,0,1,0,0,33.37
BL1061089,29145.0,2006,7,10,2006-07-10,11:47:00,2006-07-11,18:45:00,2006-07-10,11:47:00,Viseu,Penedono,Antas,ANTAS,181201,40.944722,-7.388333,262704.0,442036.0,dms_recuperado,423.61,178.57,245.04,0.0,Florestal,449.0,Intencional,0,1,0,0,30.97
AT306270,22357.0,2006,7,11,2006-07-11,11:03:00,2006-07-13,10:00:00,,,Beja,Castro Verde,Castro Verde,Lagoa da Mó,20602,37.761111,-8.096389,203223.0,88300.0,dms_recuperado,1827.68,401.0,0.0,1426.68,Florestal,211.0,Negligente,0,1,0,0,46.95
RO3061018,48590.0,2006,7,11,2006-07-11,19:25:00,2006-07-13,00:45:00,2006-07-11,19:47:00,Setúbal,Santiago do Cacém,Santo André,COURELA DA PORTELA - TARRO (Tarrachola),150907,38.060278,-8.748333,145985.0,121698.0,dms_recuperado,708.66,214.41,0.0,494.25,Florestal,211.0,Negligente,0,1,0,0,29.33
AT206286,15622.0,2006,7,11,2006-07-11,16:57:00,2006-07-12,01:00:00,2006-07-11,17:20:00,Portalegre,Monforte,Monforte,HERDADE FAMAGUDA (Herdade da Enxara de Baixo),121102,39.001389,-7.465833,257781.0,226177.0,dms_recuperado,422.0,361.0,0.0,61.0,Florestal,211.0,Negligente,0,1,0,0,8.05
AT206282,15609.0,2006,7,11,2006-07-11,15:10:00,2006-07-12,05:45:00,2006-07-11,15:20:00,Portalegre,Avis,Maranhão,RIBEIRA BANAMAR (Ribeira da Água Negra),120307,38.970833,-7.949722,215874.0,222591.0,dms_recuperado,286.0,194.0,0.0,92.0,Florestal,610.0,Desconhecida,0,1,0,0,14.58
AT106303,20770.0,2006,7,11,2006-07-11,16:10:00,2006-07-12,02:00:00,,,Évora,Estremoz,Évora Monte (Santa Maria),Herdade de Vale Figueira- Monte de Cima e outras,70404,38.736111,-7.715278,236314.0,196597.0,dms_recuperado,135.515,135.515,0.0,0.0,Florestal,211.0,Negligente,0,1,0,0,9.83
TM206292,10079.0,2006,7,11,2006-07-11,00:25:00,2006-07-14,08:58:00,2006-07-11,00:45:00,Bragança,Carrazeda de Ansiães,Vilarinho da Castanheira,Vale do Pino (PINHAL DO DOURO),40318,41.167222,-7.223056,276364.0,466861.0,dms_recuperado,108.5,6.5,102.0,0.0,Florestal,6.0,Desconhecida,0,1,0,0,80.55
TM206253,10149.0,2006,7,11,2006-07-11,20:47:00,2006-07-14,14:38:00,2006-07-11,21:05:00,Bragança,Vila FLor,Vilarinho das Azenhas,VILARINHO DAS AZENHAS,41018,41.378056,-7.213333,276924.0,490273.0,dms_recuperado,100.0,48.0,52.0,0.0,Florestal,51.0,Natural,0,1,0,0,65.85
AT206292,15713.0,2006,7,12,2006-07-12,16:10:00,2006-07-13,23:20:00,2006-07-12,16:20:00,Portalegre,Alter do Chão,Alter do Chão,CABEÇO SÃO LOURENÇO (Cabeço da Azinheira),120101,39.200278,-7.635278,243002.0,248162.0,dms_recuperado,534.76,387.04,25.32,122.4,Florestal,51.0,Natural,0,1,0,0,31.17
AT206625,2006120015713.0,2006,7,12,2006-07-12,16:10:00,2006-07-13,23:20:00,2006-07-12,16:20:00,Portalegre,Alter do Chão,Alter do Chão,CABEÇO SÃO LOURENÇO (Estação Elevatória de Água),120101,39.195833,-7.645278,242141.0,247661.0,dms_recuperado,534.76,387.04,25.32,122.4,Florestal,,,0,1,0,0,31.17
DM4061545,39884.0,2006,7,12,2006-07-12,12:34:00,2006-07-15,02:30:00,2006-07-12,13:00:00,Braga,Vila Verde,Parada de Gatim,Souto Novo,31331,41.616389,-8.525278,167299.0,516440.0,dms_recuperado,218.0,200.0,18.0,0.0,Florestal,630.0,Desconhecida,0,1,0,0,61.93
TM106684,12342.0,2006,7,12,2006-07-12,16:50:00,2006-07-13,00:05:00,2006-07-12,17:10:00,Vila Real,Chaves,Águas Frias,Assureiras,170301,41.760833,-7.389722,261809.0,532670.0,dms_recuperado,157.5,0.0,157.0,0.5,Florestal,222.0,Negligente,0,1,0,0,7.25
TM206268,10239.0,2006,7,12,2006-07-12,19:28:00,2006-07-14,22:11:00,2006-07-12,19:45:00,Bragança,Freixo de Espada à Cinta,Freixo de Espada à Cinta,AVENTOSA-PNDI (Aventosa),40402,41.106667,-6.878611,305380.0,460493.0,dms_recuperado,153.125,0.0,153.125,0.0,Florestal,51.0,Natural,0,1,0,0,50.72
AT106345,21055.0,2006,7,13,2006-07-13,20:30:00,2006-07-14,02:30:00,,,Évora,Arraiolos,Igrejinha,Monte dos Corneirinhos,70202,38.650833,-7.908333,219556.0,187099.0,dms_recuperado,193.486,193.486,0.0,0.0,Florestal,51.0,Natural,0,1,0,0,6.0
RO3061049,49115.0,2006,7,13,2006-07-13,14:15:00,2006-07-14,23:00:00,2006-07-13,14:56:00,Setúbal,Alcácer do Sal,São Martinho,HERADE DA SERRINHA - Monte da Volta,150105,38.4775,-8.526389,165666.0,167885.0,dms_recuperado,158.0,107.31,0.0,50.69,Florestal,6.0,Desconhecida,0,1,0,0,32.75
DM306693,12203.0,2006,7,14,2006-07-14,15:23:00,2006-07-15,02:55:00,2006-07-14,15:30:00,Viana do Castelo,Ponte de Lima,Vitorino dos Piães,Airão,160751,41.683333,-8.638611,157898.0,523907.0,dms_recuperado,951.0,849.0,102.0,0.0,Florestal,,,0,1,0,0,11.53
DM306687,12159.0,2006,7,14,2006-07-14,07:49:00,2006-07-15,01:55:00,2006-07-14,07:55:00,Viana do Castelo,Monção,Longos Vales,BUSTAVADA (BUSTAVADE 1º),160411,42.021111,-8.429444,175439.0,561349.0,dms_recuperado,307.0,9.0,298.0,0.0,Florestal,,,0,1,0,0,18.1
DM4061617,40319.0,2006,7,14,2006-07-14,08:20:00,2006-07-14,23:40:00,2006-07-14,09:30:00,Braga,Terras de Bouro,Campo do Gerês,Palheiros,31003,41.795556,-8.1525,198383.0,536246.0,dms_recuperado,232.0,32.0,200.0,0.0,Florestal,5.0,Natural,0,1,0,0,15.33
AT306326,23219.0,2006,7,17,2006-07-17,12:03:00,2006-07-19,00:30:00,,,Beja,Serpa,Pias,MONTE BENTO DURAO (Barranco do Monte),21303,38.060556,-7.543056,251780.0,121710.0,dms_recuperado,562.28,225.0,112.0,225.28,Florestal,224.0,Negligente,0,1,0,0,36.45
BI106474,12187.0,2006,7,17,2006-07-17,11:53:00,2006-07-19,07:00:00,2006-07-17,17:10:00,Guarda,Gouveia,Vinhó,CALVÁRIO (pnse) (VINHÓ),90622,40.495833,-7.628333,242773.0,392016.0,dms_recuperado,336.0,19.0,308.0,9.0,Florestal,630.0,Desconhecida,0,1,0,0,43.12
RO106798,28650.0,2006,7,17,2006-07-17,13:50:00,2006-07-18,02:30:00,2006-07-17,16:33:00,Santarém,Ourém,Atouguia,FIGUEIRAIS (Figueiras),142102,39.631389,-8.639722,156499.0,296047.0,dms_recuperado,261.0,131.0,100.0,30.0,Florestal,6.0,Desconhecida,0,1,0,0,12.67
RO106896,30097.0,2006,7,26,2006-07-26,13:39:00,2006-07-28,03:30:00,2006-07-26,13:55:00,Santarém,Ferreira do Zêzere,Dornes,DORNES,141105,39.7725,-8.273056,187993.0,311606.0,dms_recuperado,420.0,336.0,84.0,0.0,Florestal,610.0,Desconhecida,0,1,0,0,37.85
RO3061271,24991.0,2006,7,30,2006-07-30,18:38:00,2006-07-31,17:40:00,2006-07-30,18:48:00,Setúbal,Alcácer do Sal,Torrão,HERDADE DE SÃO SOEIRO (Herdade da Janela),150104,38.228056,-8.218889,192470.0,140129.0,dms_recuperado,111.12,111.12,0.0,0.0,Florestal,448.0,Intencional,0,1,0,0,23.03
TM206479,11684.0,2006,7,31,2006-07-31,12:52:00,2006-08-01,21:27:00,2006-07-31,13:05:00,Bragança,Mirandela,Mirandela,MIRANDELA,40721,41.485278,-7.18,279585.0,502217.0,dms_recuperado,448.0,409.0,8.0,31.0,Florestal,6.0,Desconhecida,0,1,0,0,32.58
DM4062152,45050.0,2006,8,1,2006-08-01,15:30:00,2006-08-01,21:56:00,2006-08-01,15:50:00,Braga,Vila Verde,Soutelo,MONTE DO FOJO (Casal do Monte),31352,41.611944,-8.431667,175094.0,515891.0,dms_recuperado,118.0,47.0,71.0,0.0,Florestal,630.0,Desconhecida,0,1,0,0,6.43
DM306871,13887.0,2006,8,3,2006-08-03,23:05:00,2006-08-04,21:00:00,2006-08-03,23:30:00,Viana do Castelo,Paredes de Coura,Ferreira,Venade,160508,41.943889,-8.565556,164124.0,552815.0,dms_recuperado,689.0,289.0,400.0,0.0,Florestal,6.0,Desconhecida,0,1,0,0,21.92
DM2063546,84985.0,2006,8,4,2006-08-04,17:30:00,2006-08-07,13:20:00,2006-08-04,17:30:00,Porto,Paredes,Aguiar de Sousa,LG. SARNADA (AGUIAR DE SOUSA),131001,41.127222,-8.447778,173566.0,462086.0,dms_recuperado,1132.0,800.0,332.0,0.0,Florestal,6.0,Desconhecida,0,1,0,0,67.83
RO106968,31467.0,2006,8,4,2006-08-04,10:37:00,2006-08-06,22:15:00,2006-08-04,10:47:00,Santarém,Mação,Penhascoso,COADOURO - PENHASCOSO (Ribeira de Boas Eiras ou Coadouro),141308,39.493056,-8.05,207144.0,280560.0,dms_recuperado,260.0,230.0,17.5,12.5,Florestal,213.0,Negligente,0,1,0,0,59.63
DM4062127,45706.0,2006,8,4,2006-08-04,06:13:00,2006-08-06,23:00:00,2006-08-04,06:25:00,Braga,Fafe,Estorãos,ESTORAOS (FAFE) (ESTORÇOS),30708,41.475833,-8.145833,198929.0,500742.0,dms_recuperado,187.5,7.5,180.0,0.0,Florestal,448.0,Intencional,0,1,0,0,64.78
DM4062278,45985.0,2006,8,5,2006-08-05,07:50:00,2006-08-06,04:05:00,2006-08-05,08:15:00,Braga,Fafe,Arões (Santa Cristina),BARBOSA,30726,41.443333,-8.215278,193129.0,497132.0,dms_recuperado,512.5,25.0,487.5,0.0,Florestal,448.0,Intencional,1,1,0,0,20.25
BL1061495,34509.0,2006,8,5,2006-08-05,18:54:00,2006-08-07,19:20:00,2006-08-05,19:10:00,Viseu,Cinfães,Fornelos,Cunha,180406,41.041389,-8.204444,193986.0,452479.0,dms_recuperado,489.0,243.0,246.0,0.0,Florestal,630.0,Desconhecida,0,1,0,0,48.43
DM4062326,46213.0,2006,8,5,2006-08-05,20:23:00,2006-08-07,20:20:00,2006-08-05,20:43:00,Braga,Vieira do Minho,Parada do Bouro,L. ALDEIA-( PARADA DE BOURO) (PARADA DE BOURO),31111,41.648056,-8.246111,190581.0,519886.0,dms_recuperado,468.0,198.0,270.0,0.0,Florestal,44.0,Intencional,0,1,0,0,47.95
BL406949,33574.0,2006,8,5,2006-08-05,12:13:00,2006-08-06,22:30:00,2006-08-05,13:10:00,Leiria,Porto de Mós,Serro Ventoso,CUDAÇAL (Codaçal),101613,39.539722,-8.815556,141325.0,285961.0,dms_recuperado,389.0,6.0,383.0,0.0,Florestal,610.0,Desconhecida,1,1,0,0,34.28
DM306924,14101.0,2006,8,5,2006-08-05,23:20:00,2006-08-06,07:10:00,2006-08-05,23:40:00,Viana do Castelo,Arcos de Valdevez,Távora (são Vicente),Igreja,160143,41.820833,-8.468056,172153.0,539100.0,dms_recuperado,240.0,205.0,35.0,0.0,Florestal,6.0,Desconhecida,1,1,0,0,7.83
DM4062333,46252.0,2006,8,5,2006-08-05,22:39:00,2006-08-07,00:05:00,2006-08-05,22:59:00,Braga,Amares,Bouro (Santa Marta),Sº BARTOLOMEU (BOURO) (São Bartolomeu),30120,41.671111,-8.283056,187501.0,522451.0,dms_recuperado,155.6,23.5,132.1,0.0,Florestal,6.0,Desconhecida,0,1,0,0,25.43
BI206568,16255.0,2006,8,5,2006-08-05,12:03:00,2006-08-07,13:00:00,2006-08-05,12:40:00,Castelo Branco,Sertã,Sertã,IC 08 - Km 104- Alto da Carreira- Sertã,50912,39.808333,-8.101111,202737.0,315582.0,dms_recuperado,135.0,115.0,16.0,4.0,Florestal,6.0,Desconhecida,0,1,0,0,48.95
DM306923,14099.0,2006,8,5,2006-08-05,23:05:00,2006-08-06,00:25:00,2006-08-05,23:10:00,Viana do Castelo,Valença,São Pedro da Torre,CHAMUSINHOS (Chamosinhos),160812,41.985833,-8.678611,154779.0,557544.0,dms_recuperado,100.37,75.39,24.98,0.0,Florestal,448.0,Intencional,0,1,0,0,1.33
DM306947,14206.0,2006,8,6,2006-08-06,20:26:00,2006-08-07,05:10:00,2006-08-06,20:40:00,Viana do Castelo,Arcos de Valdevez,Carralcova,CARRALCOVA,160107,41.892222,-8.359722,181187.0,547020.0,dms_recuperado,5590.0,200.0,5390.0,0.0,Florestal,125.0,Negligente,0,1,0,0,8.73
DM306937,14169.0,2006,8,6,2006-08-06,14:30:00,2006-08-06,21:28:00,2006-08-06,14:50:00,Viana do Castelo,Paredes de Coura,Insalde,INSALDE,160511,41.948889,-8.531944,166915.0,553374.0,dms_recuperado,450.0,310.0,140.0,0.0,Florestal,60.0,Desconhecida,0,1,0,0,6.97
BL206852,24860.0,2006,8,6,2006-08-06,11:52:00,2006-08-09,10:48:00,2006-08-06,11:45:00,Coimbra,Tábua,Covas,CASAL SENHORA (Casal),61604,40.343056,-7.941389,216287.0,374945.0,dms_recuperado,421.0,273.65,147.35,0.0,Florestal,60.0,Desconhecida,0,1,0,0,70.93
DM2063718,85839.0,2006,8,6,2006-08-06,08:45:00,2006-08-07,00:34:00,2006-08-06,08:55:00,Porto,Póvoa de Varzim,Estela,LG. OUTEIRO (ESTELA),131307,41.447222,-8.753333,148171.0,497750.0,dms_recuperado,273.0,273.0,0.0,0.0,Florestal,,,0,1,0,0,15.82
BL4061006,33875.0,2006,8,6,2006-08-06,16:25:00,2006-08-08,23:30:00,2006-08-06,00:05:00,Leiria,Pombal,Louriçal,RIBEIRA DA PALHA (MATA MOURISCA) (Casais da Ribeira de Santo Amaro),101506,39.984722,-8.768056,145756.0,335360.0,dms_recuperado,253.52,253.52,0.0,0.0,Florestal,610.0,Desconhecida,0,1,0,0,55.08
RO1061074,31899.0,2006,8,6,2006-08-06,13:30:00,2006-08-08,20:45:00,2006-08-06,13:30:00,Santarém,Santarém,Abrã,Cortiçal,141602,39.467778,-8.77,145191.0,277938.0,dms_recuperado,252.0,13.0,239.0,0.0,Florestal,448.0,Intencional,0,1,0,0,55.25
DM4062381,46475.0,2006,8,6,2006-08-06,14:55:00,2006-08-12,15:35:00,2006-08-06,15:10:00,Braga,Braga,Pedralva,MONTE STª MARTA (ESPOROES) (MONTE ALTO),30334,41.543333,-8.306111,185550.0,508259.0,dms_recuperado,229.0,204.0,25.0,0.0,Florestal,630.0,Desconhecida,0,1,0,0,144.67
RO1061071,31895.0,2006,8,6,2006-08-06,13:04:00,2006-08-08,08:00:00,2006-08-06,13:11:00,Santarém,Alcanena,Monsanto,MONSANTO/AMIAIS (MONSANTO),140208,39.461667,-8.711944,150179.0,277249.0,dms_recuperado,213.5,129.0,64.5,20.0,Florestal,6.0,Desconhecida,0,1,0,0,42.93
DM2063711,85801.0,2006,8,6,2006-08-06,06:00:00,2006-08-06,08:05:00,2006-08-06,06:05:00,Porto,Penafiel,Rio de Moinhos,LUGAR DA VALA (Lugar da Bouça),131129,41.102778,-8.268611,188599.0,459305.0,dms_recuperado,123.0,90.0,33.0,0.0,Florestal,,,0,1,0,0,2.08
AT106493,23733.0,2006,8,7,2006-08-07,11:05:00,2006-08-10,22:20:00,,,Évora,Estremoz,Santo Estêvão,Vale de Infante (Serra D`Ossa),70407,38.906667,-7.595,246662.0,215608.0,dms_recuperado,4779.48,3756.66,661.49,361.33,Florestal,610.0,Desconhecida,0,1,0,0,83.25
DM3061000,14330.0,2006,8,7,2006-08-07,21:50:00,2006-08-09,05:20:00,2006-08-07,22:26:00,Viana do Castelo,Melgaço,Chaviães,SANTA RITA (santa Barbara),160303,42.129722,-8.2425,190952.0,573368.0,dms_recuperado,1011.5,288.0,723.5,0.0,Florestal,,,1,1,0,0,31.5
DM306986,14296.0,2006,8,7,2006-08-07,15:40:00,2006-08-09,21:40:00,2006-08-07,15:55:00,Viana do Castelo,Paredes de Coura,Castanheira,OUTEIRO (Outeirais),160503,41.883889,-8.535556,166579.0,546136.0,dms_recuperado,872.43,0.0,872.43,0.0,Florestal,,,0,1,0,0,54.0
DM2063878,86391.0,2006,8,7,2006-08-07,06:18:00,2006-08-12,23:14:00,2006-08-07,06:50:00,Porto,Valongo,Valongo,RUA CENTRAL POVOAS - SERRA PIAS (VALONGO),131505,41.188889,-8.498611,169315.0,468941.0,dms_recuperado,816.0,816.0,0.0,0.0,Florestal,,,0,1,0,0,136.93
BI106607,13978.0,2006,8,7,2006-08-07,10:00:00,2006-08-10,14:10:00,2006-08-07,14:00:00,Guarda,Almeida,Vale Verde,PORTO DE OVELHA (Porto),90228,40.720556,-6.971111,298175.0,417495.0,dms_recuperado,469.0,20.0,449.0,0.0,Florestal,125.0,Negligente,1,1,0,0,76.17
RO1061119,32097.0,2006,8,7,2006-08-07,12:45:00,2006-08-08,23:55:00,2006-08-07,12:59:00,Santarém,Ourém,Espite,Carvalhal,142105,39.776944,-8.626389,157732.0,312202.0,dms_recuperado,302.0,13.0,289.0,0.0,Florestal,448.0,Intencional,0,1,0,0,35.17
BL3061888,43999.0,2006,8,8,2006-08-08,14:28:00,2006-08-16,12:00:00,2006-08-08,14:40:00,Aveiro,Sever do Vouga,Cedrim,Cedrim,11701,40.719722,-8.336389,182805.0,416796.0,dms_recuperado,870.0,870.0,0.0,0.0,Florestal,6.0,Desconhecida,0,1,0,0,189.53
DM3061015,14375.0,2006,8,8,2006-08-08,09:55:00,2006-08-08,19:50:00,2006-08-08,10:15:00,Viana do Castelo,Monção,Merufe,SERNADOS (Sernades),160415,42.003889,-8.390556,178661.0,559421.0,dms_recuperado,675.0,106.0,569.0,0.0,Florestal,,,0,1,0,0,9.92
BL1061594,35136.0,2006,8,8,2006-08-08,11:14:00,2006-08-09,08:10:00,2006-08-08,11:20:00,Viseu,Penalva do Castelo,Sezures,VALAMOSO (Vale Amoso),181111,40.700556,-7.656111,240315.0,414737.0,dms_recuperado,353.0,57.0,296.0,0.0,Florestal,125.0,Negligente,0,1,0,0,20.93
DM3061007,14348.0,2006,8,8,2006-08-08,00:53:00,2006-08-09,17:04:00,2006-08-08,02:50:00,Viana do Castelo,Monção,Pias,FONTÃO,160420,42.0,-8.519722,167967.0,559030.0,dms_recuperado,255.5,93.0,162.5,0.0,Florestal,,,0,1,0,0,40.18
BI106627,14112.0,2006,8,8,2006-08-08,16:15:00,2006-08-10,23:45:00,2006-08-08,16:30:00,Guarda,Fornos de Algodres,Vila Chã,VILA CHÃ,90514,40.664167,-7.478611,255342.0,410809.0,dms_recuperado,222.0,48.0,164.0,10.0,Florestal,6.0,Desconhecida,0,1,0,0,55.5
DM4062522,46948.0,2006,8,8,2006-08-08,03:47:00,2006-08-09,20:35:00,2006-08-08,04:30:00,Braga,Cabeceiras de Basto,Bucos,Além do Rio,30405,41.571111,-8.029167,208666.0,511323.0,dms_recuperado,115.0,33.5,81.5,0.0,Florestal,448.0,Intencional,0,1,0,0,40.8
DM4062556,47074.0,2006,8,8,2006-08-08,13:58:00,2006-08-11,09:00:00,2006-08-08,14:15:00,Braga,Terras de Bouro,Chamoim,Padrós,31005,41.73,-8.242778,190857.0,528976.0,dms_recuperado,100.0,5.0,95.0,0.0,Florestal,630.0,Desconhecida,0,1,0,0,67.03
BL1061650,35385.0,2006,8,9,2006-08-09,12:42:00,2006-08-13,23:35:00,2006-08-09,12:45:00,Viseu,São Pedro do Sul,Valadares,Granja,181617,40.764444,-8.1775,196249.0,421733.0,dms_recuperado,1355.0,1250.0,105.0,0.0,Florestal,449.0,Intencional,0,1,0,0,106.88
DM3061056,14505.0,2006,8,9,2006-08-09,09:20:00,2006-08-12,22:00:00,2006-08-09,10:40:00,Viana do Castelo,Melgaço,São Paio,S. PAIO (SÃO PAIO),160317,42.091111,-8.264444,189122.0,569085.0,dms_recuperado,673.5,0.0,673.5,0.0,Florestal,,,0,1,0,0,84.67
BI106642,14174.0,2006,8,9,2006-08-09,13:52:00,2006-08-10,20:00:00,,,Guarda,Mêda,Barreira,CARVALHAL (SOBREIRINHO),90902,40.918889,-7.175,280705.0,439337.0,dms_recuperado,342.0,87.0,254.0,1.0,Florestal,630.0,Desconhecida,0,1,0,0,30.13
BI106635,14136.0,2006,8,9,2006-08-09,04:25:00,2006-08-11,20:30:00,,,Guarda,Aguiar da Beira,Eirado,SALGADA (EIRADO),90106,40.773333,-7.49,254292.0,422929.0,dms_recuperado,212.0,106.0,74.0,32.0,Florestal,630.0,Desconhecida,0,1,0,0,64.08
BL1061638,35310.0,2006,8,9,2006-08-09,03:20:00,2006-08-10,08:55:00,2006-08-09,04:05:00,Viseu,Sernancelhe,Lamosa,LAMOSA,181811,40.886389,-7.621667,243095.0,435416.0,dms_recuperado,172.201,52.021,120.18,0.0,Florestal,449.0,Intencional,0,1,0,0,29.58
BL3061975,44352.0,2006,8,9,2006-08-09,19:25:00,2006-08-10,02:05:00,2006-08-09,20:05:00,Aveiro,Vagos,Santo André de Vagos,S. Romão (São Romão),11810,40.516389,-8.669167,154555.0,394336.0,dms_recuperado,152.0,121.0,31.0,0.0,Florestal,6.0,Desconhecida,0,1,0,0,6.67
TM206428,12581.0,2006,8,9,2006-08-09,16:11:00,2006-08-11,00:39:00,2006-08-09,16:25:00,Bragança,Torre de Moncorvo,Souto da Velha,SOUTO DA VELHA,40915,41.208056,-6.935556,300420.0,471676.0,dms_recuperado,148.8,19.5,129.3,0.0,Florestal,448.0,Intencional,0,1,0,0,32.47
BL3061932,44174.0,2006,8,9,2006-08-09,05:40:00,2006-08-11,15:01:00,2006-08-09,05:50:00,Aveiro,Oliveira de Azeméis,Pinheiro da Bemposta,Covo (Covais),11313,40.763889,-8.503611,168709.0,421742.0,dms_recuperado,140.0,132.0,8.0,0.0,Florestal,6.0,Desconhecida,0,1,0,0,57.35
BL4061139,34709.0,2006,8,10,2006-08-10,15:00:00,2006-08-15,22:00:00,2006-08-10,15:10:00,Leiria,Porto de Mós,Juncal,Boieira,101606,39.580833,-8.893333,134681.0,290591.0,dms_recuperado,2963.85,300.0,2663.85,0.0,Florestal,610.0,Desconhecida,0,1,0,0,127.0
DM4062703,47556.0,2006,8,10,2006-08-10,09:45:00,2006-08-12,14:25:00,2006-08-10,10:10:00,Braga,Vieira do Minho,Anjos,CABREIRA (VILAR CHAO) (CABREIRA),31102,41.638611,-8.043333,207479.0,518834.0,dms_recuperado,636.0,2.0,634.0,0.0,Florestal,4.0,Intencional,0,1,0,0,52.67
AT106511,24054.0,2006,8,10,2006-08-10,17:00:00,2006-08-14,23:50:00,,,Évora,Redondo,Redondo,Contenda,71002,38.627778,-7.6525,241827.0,184602.0,dms_recuperado,526.36,366.31,99.1,60.95,Florestal,610.0,Desconhecida,1,1,0,0,102.83
TM1061008,15542.0,2006,8,10,2006-08-10,11:21:00,2006-08-12,07:45:00,2006-08-10,11:25:00,Vila Real,Valpaços,Valpaços,Valverde,171228,41.593889,-7.274722,271572.0,514193.0,dms_recuperado,390.0,310.0,77.0,3.0,Florestal,449.0,Intencional,0,1,0,0,44.4
TM1061011,15565.0,2006,8,10,2006-08-10,14:01:00,2006-08-11,01:25:00,2006-08-10,13:55:00,Vila Real,Chaves,Moreiras,France,170317,41.649444,-7.47,255224.0,520222.0,dms_recuperado,150.0,10.0,140.0,0.0,Florestal,610.0,Desconhecida,0,1,0,0,11.4
TM206434,12651.0,2006,8,10,2006-08-10,14:59:00,2006-08-11,13:40:00,2006-08-10,15:25:00,Bragança,Mirandela,São Salvador,Vale de Salgueiro,40728,41.453333,-7.160278,281285.0,498711.0,dms_recuperado,106.0,106.0,0.0,0.0,Florestal,5.0,Natural,0,1,0,0,22.68
DM2064355,88123.0,2006,8,10,2006-08-10,09:34:00,2006-08-12,03:25:00,2006-08-10,09:40:00,Porto,Penafiel,Galegos,Sete Pedras,131113,41.155833,-8.301389,185866.0,465216.0,dms_recuperado,101.0,101.0,0.0,0.0,Florestal,,,0,1,0,0,41.85
BL1061784,35901.0,2006,8,11,2006-08-11,17:23:00,2006-08-12,06:30:00,2006-08-11,17:40:00,Viseu,Oliveira de Frades,Ribeiradio,Paredes,181007,40.71,-8.323333,183912.0,415698.0,dms_recuperado,944.41,865.41,79.0,0.0,Florestal,630.0,Desconhecida,0,1,0,0,13.12
DM2064503,88649.0,2006,8,11,2006-08-11,04:15:00,2006-08-15,21:30:00,2006-08-11,04:55:00,Porto,Amarante,Aboadela,LG. VARZEA (ABOADELA),130101,41.278611,-7.988056,212141.0,478836.0,dms_recuperado,610.0,540.0,60.0,10.0,Florestal,6.0,Desconhecida,0,1,0,0,113.25
BL4061197,34969.0,2006,8,11,2006-08-11,16:53:00,2006-08-14,20:20:00,2006-08-11,17:00:00,Leiria,Figueiró dos Vinhos,Aguda,Chimpeles,100801,39.9375,-8.297778,185922.0,329909.0,dms_recuperado,360.0,324.0,30.0,6.0,Florestal,610.0,Desconhecida,0,1,0,0,75.45
BL3062105,44817.0,2006,8,11,2006-08-11,15:30:00,2006-08-17,20:00:00,2006-08-11,15:35:00,Aveiro,Oliveira de Azeméis,Ossela,Vermoim,11310,40.841111,-8.440833,174039.0,430289.0,dms_recuperado,142.0,137.0,5.0,0.0,Florestal,6.0,Desconhecida,0,1,0,0,148.5
DM3061119,14719.0,2006,8,11,2006-08-11,01:37:00,2006-08-12,07:25:00,2006-08-11,01:57:00,Viana do Castelo,Monção,Luzio,Leiradelo,160413,41.984444,-8.457222,173129.0,557282.0,dms_recuperado,113.0,0.0,113.0,0.0,Florestal,,,0,1,0,0,29.8
AT206445,18562.0,2006,8,11,2006-08-11,15:08:00,2006-08-11,22:50:00,2006-08-11,15:16:00,Portalegre,Sousel,Sousel,HERDADE DAS ABRUNHEIRAS (SOUSEL),121504,38.953333,-7.675556,239658.0,220741.0,dms_recuperado,111.0,90.8,0.0,20.2,Florestal,610.0,Desconhecida,0,1,0,0,7.7
BL1061859,36213.0,2006,8,12,2006-08-12,21:55:00,2006-08-14,03:45:00,2006-08-12,22:10:00,Viseu,Resende,Feirão,FEIRAO (FEIRÃO),181304,41.033333,-7.923056,217645.0,451630.0,dms_recuperado,370.0,0.0,370.0,0.0,Florestal,125.0,Negligente,0,1,0,0,29.83
DM4062913,48351.0,2006,8,12,2006-08-12,17:00:00,2006-08-13,05:40:00,2006-08-12,17:10:00,Braga,Guimarães,Briteiros (santa Leocádia),L.AREDES - BRITEIROS STª LEOCADIA (Santa Leocádia),30843,41.5275,-8.341667,182577.0,506485.0,dms_recuperado,175.0,165.0,10.0,0.0,Florestal,630.0,Desconhecida,1,1,0,0,12.67
DM3061165,14869.0,2006,8,12,2006-08-12,07:25:00,2006-08-12,09:39:00,2006-08-12,07:35:00,Viana do Castelo,Monção,Abedim,LG. Sº MARTINHO (Lorentinho),160401,41.982222,-8.512222,168565.0,557047.0,dms_recuperado,113.0,0.0,113.0,0.0,Florestal,,,0,1,0,0,2.23
DM4062881,48250.0,2006,8,12,2006-08-12,11:49:00,2006-08-12,22:30:00,2006-08-12,12:20:00,Braga,Vieira do Minho,Salamonde,L. ALMAS - SALAMONDE (SALAMONDE),31115,41.681944,-8.091111,203493.0,523631.0,dms_recuperado,106.0,2.0,104.0,0.0,Florestal,4.0,Intencional,0,1,0,0,10.68
DM2064827,90039.0,2006,8,13,2006-08-13,12:45:00,2006-08-15,23:55:00,2006-08-13,13:00:00,Porto,Marco de Canaveses,Folhada,Aboboreira,130707,41.197222,-8.057222,206353.0,469799.0,dms_recuperado,862.0,35.0,827.0,0.0,Florestal,,,0,1,0,0,59.17
DM3061221,15017.0,2006,8,13,2006-08-13,10:55:00,2006-08-16,21:50:00,2006-08-13,11:05:00,Viana do Castelo,Ponte da Barca,Entre Ambos-os-Rios,SOBREDO - P.N.P.G (Sobredo),160607,41.806111,-8.299722,186147.0,537427.0,dms_recuperado,683.7,48.8,634.9,0.0,Florestal,,,0,1,0,0,82.92
BL2061083,26226.0,2006,8,13,2006-08-13,12:53:00,2006-08-14,20:45:00,2006-08-13,12:50:00,Coimbra,Condeixa-a-Nova,Furadouro,CASMILO,60407,40.057222,-8.498333,168825.0,343274.0,dms_recuperado,128.516,25.0,77.516,26.0,Florestal,610.0,Desconhecida,0,1,0,0,31.87
BI206678,17315.0,2006,8,15,2006-08-15,15:39:00,2006-08-15,16:39:00,,,Castelo Branco,Fundão,Telhado,TELHADO,50427,40.161944,-7.559444,248854.0,354983.0,dms_recuperado,393.5,85.0,285.5,23.0,Florestal,,,0,1,0,0,1.0
BI206676,17297.0,2006,8,15,2006-08-15,13:20:00,2006-08-16,21:45:00,2006-08-15,13:40:00,Castelo Branco,Covilhã,Barco,BARCO,50304,40.174444,-7.611111,244459.0,356339.0,dms_recuperado,284.0,161.0,123.0,0.0,Florestal,,,0,1,0,0,32.42
BI106726,14795.0,2006,8,15,2006-08-15,11:53:00,2006-08-16,23:55:00,,,Guarda,Trancoso,Cótimos,S. PEDRO (CÓTIMOS),91305,40.826667,-7.240278,275302.0,429037.0,dms_recuperado,228.0,12.0,215.0,1.0,Florestal,630.0,Desconhecida,0,1,0,0,36.03
BI106730,14830.0,2006,8,15,2006-08-15,19:56:00,2006-08-17,00:05:00,2006-08-15,20:23:00,Guarda,Mêda,Casteição,SERRINHA (CASTEIÇÃO),90904,40.878889,-7.327222,267922.0,434754.0,dms_recuperado,202.0,53.0,149.0,0.0,Florestal,125.0,Negligente,0,1,0,0,28.15
BL1061985,36826.0,2006,8,15,2006-08-15,23:18:00,2006-08-16,01:30:00,2006-08-15,23:28:00,Viseu,Viseu,Bodiosa,Queirela,182304,40.708611,-7.976389,213239.0,415552.0,dms_recuperado,110.0,108.0,2.0,0.0,Florestal,6.0,Desconhecida,1,1,0,0,2.2
BI206761,18132.0,2006,8,25,2006-08-25,12:02:00,2006-08-27,18:00:00,2006-08-25,12:10:00,Castelo Branco,Proença-a-Nova,Proença-a-Nova,Vale de Urso,50804,39.748611,-7.8875,221033.0,308978.0,dms_recuperado,955.0,835.0,100.0,20.0,Florestal,,,0,1,0,0,53.97
BI206772,18484.0,2006,8,29,2006-08-29,13:48:00,2006-08-30,23:20:00,2006-08-29,14:00:00,Castelo Branco,Castelo Branco,Almaceda,Rochas de Baixo,50202,39.9775,-7.665278,239962.0,334462.0,dms_recuperado,183.0,180.0,3.0,0.0,Florestal,,,0,1,0,0,33.53
DM3061389,16390.0,2006,8,29,2006-08-29,15:15:00,2006-09-01,08:53:00,2006-08-29,15:25:00,Viana do Castelo,Ponte de Lima,Estorãos,Breia,160717,41.803056,-8.648611,157141.0,537214.0,dms_recuperado,107.0,107.0,0.0,0.0,Florestal,,,0,1,0,0,65.63
TM206537,14377.0,2006,8,31,2006-08-31,12:31:00,2006-09-02,23:15:00,2006-08-31,12:53:00,Bragança,Carrazeda de Ansiães,Belver,BELVER,40303,41.245556,-7.273889,272003.0,475532.0,dms_recuperado,465.0,284.5,178.0,2.5,Florestal,6.0,Desconhecida,0,1,0,0,58.73
RO1061532,36106.0,2006,8,31,2006-08-31,16:10:00,2006-09-01,21:31:00,2006-08-31,16:15:00,Santarém,Tomar,Serra,Chão das Maias,141815,39.621111,-8.314444,184409.0,294785.0,dms_recuperado,119.74,90.0,10.0,19.74,Florestal,,,0,1,0,0,29.35
BI106826,16123.0,2006,9,1,2006-09-01,15:16:00,2006-09-03,02:30:00,2006-09-01,15:26:00,Guarda,Mêda,Ranhados,RANHADOS (VALE DO GABO),90915,40.993333,-7.328889,267659.0,447474.0,dms_recuperado,193.0,72.0,114.0,7.0,Florestal,126.0,Negligente,0,1,0,0,35.23
DM4063349,52529.0,2006,9,1,2006-09-01,14:51:00,2006-09-04,10:45:00,2006-09-01,15:04:00,Braga,Vila Verde,Aboim da Nóbrega,L. ABOIM NOBREGA (ABOIM DA NOBREGA),31301,41.750556,-8.392222,178433.0,531280.0,dms_recuperado,121.0,0.0,121.0,0.0,Florestal,630.0,Desconhecida,0,1,0,0,67.9
DM4063408,53018.0,2006,9,3,2006-09-03,16:33:00,2006-09-08,21:45:00,2006-09-03,16:47:00,Braga,Terras de Bouro,Rio Caldo,S. BENTO(RIO CALDO) (RIO CALDO),31013,41.680278,-8.19,195256.0,523454.0,dms_recuperado,184.0,182.0,2.0,0.0,Florestal,4.0,Intencional,0,1,0,0,125.2
TM1061372,18499.0,2006,9,4,2006-09-04,15:20:00,2006-09-05,22:15:00,2006-09-04,18:15:00,Vila Real,Valpaços,Fiães,FIÃES,171210,41.738333,-7.264722,272226.0,530270.0,dms_recuperado,603.0,95.0,508.0,0.0,Florestal,610.0,Desconhecida,0,1,0,0,30.92
RO1061589,36752.0,2006,9,4,2006-09-04,13:29:00,2006-09-06,03:40:00,2006-09-04,13:44:00,Santarém,Ourém,Formigais,PALMARIA / FORMIGAIS (Palmaria),142107,39.696944,-8.441667,173522.0,303237.0,dms_recuperado,375.19,100.0,215.19,60.0,Florestal,,,0,1,0,0,38.18
BI106861,16409.0,2006,9,4,2006-09-04,18:34:00,2006-09-05,03:50:00,2006-09-04,19:00:00,Guarda,Pinhel,Cidadelhe,CIDADELHE (Junto à Ribeira de Massueime),91007,40.915556,-7.116389,285644.0,439009.0,dms_recuperado,107.0,1.5,105.5,0.0,Florestal,125.0,Negligente,0,1,0,0,9.27
BL1062252,40772.0,2006,9,5,2006-09-05,17:39:00,2006-09-06,10:00:00,2006-09-05,17:45:00,Viseu,Mangualde,Santiago de Cassurrães,FONTE CERDEIRA -EN.16 - FREIXIOSA,180615,40.570833,-7.706667,236091.0,400312.0,dms_recuperado,106.25,1.0,105.25,0.0,Florestal,448.0,Intencional,0,1,0,0,16.35
TM1061446,18817.0,2006,9,7,2006-09-07,04:49:00,2006-09-09,22:45:00,2006-09-07,05:00:00,Vila Real,Murça,Murça,Rebelos/Murça (MURÇA),170705,41.406944,-7.454444,256730.0,493303.0,dms_recuperado,600.0,50.0,500.0,50.0,Florestal,125.0,Negligente,0,1,0,0,65.93
TM1061470,18916.0,2006,9,8,2006-09-08,00:22:00,2006-09-10,00:55:00,2006-09-08,00:40:00,Vila Real,Vila Pouca de Aguiar,Vreia de Bornes,Barbadães Baixo/V. Bornes (VREA DE BORNES),171315,41.555833,-7.580278,246109.0,509785.0,dms_recuperado,219.0,168.0,51.0,0.0,Florestal,448.0,Intencional,0,1,0,0,48.55
BI206892,19470.0,2006,9,8,2006-09-08,20:18:00,2006-09-09,22:35:00,2006-09-08,20:28:00,Castelo Branco,Belmonte,Belmonte,Serra da Esperança,50101,40.338333,-7.358333,265826.0,374699.0,dms_recuperado,187.0,5.0,182.0,0.0,Florestal,51.0,Natural,0,1,0,0,26.28
BI206895,19474.0,2006,9,8,2006-09-08,20:42:00,2006-09-09,21:30:00,2006-09-08,21:05:00,Castelo Branco,Castelo Branco,Mata,MATA,50215,39.893611,-7.345833,267330.0,325326.0,dms_recuperado,157.29,99.0,29.29,29.0,Florestal,630.0,Desconhecida,0,1,0,0,24.8
TM206601,15131.0,2006,9,9,2006-09-09,12:44:00,2006-09-10,02:18:00,2006-09-09,13:15:00,Bragança,Miranda do Douro,Miranda do Douro,ALDEIA NOVA- PNDI (Aldeia Nova),40608,41.539722,-6.234167,358458.0,509575.0,dms_recuperado,128.125,87.5,0.0,40.625,Florestal,6.0,Desconhecida,0,1,0,0,13.57
BL1062345,41773.0,2006,9,10,2006-09-10,13:02:00,2006-09-11,09:40:00,2006-09-10,13:20:00,Viseu,Penalva do Castelo,Sezures,Campina,181111,40.686667,-7.623611,243053.0,413210.0,dms_recuperado,114.0,7.0,107.0,0.0,Florestal,446.0,Intencional,0,1,0,0,20.63
BI1061030,17699.0,2006,9,20,2006-09-20,10:56:00,2006-09-21,14:30:00,2006-09-20,11:06:00,Guarda,Figueira de Castelo Rodrigo,Colmeal,Quinta da Moreirola,90405,40.832778,-7.092778,287740.0,429836.0,dms_recuperado,317.0,36.0,277.0,4.0,Florestal,125.0,Negligente,0,1,0,0,27.57
BI1061047,17723.0,2006,9,20,2006-09-20,15:48:00,2006-09-22,00:30:00,2006-09-21,16:20:00,Guarda,Figueira de Castelo Rodrigo,Vilar de Amargo,VILAR DE AMARGO (PEDRA ALTA e REBENTÃO),90416,40.945556,-7.013611,294264.0,442445.0,dms_recuperado,133.0,0.0,133.0,0.0,Florestal,125.0,Negligente,0,1,0,0,32.7
AT307153,18087.0,2007,7,5,2007-07-05,14:10:00,2007-07-06,23:00:00,2007-07-05,14:20:00,Beja,Mértola,Mértola,Fernandes,20904,37.62,-7.62,245274.0,72752.0,dms_recuperado,447.0,39.0,0.0,408.0,Florestal,449.0,Intencional,0,1,0,0,32.83
RO307644,47612.0,2007,7,11,2007-07-11,12:10:00,2007-07-12,09:50:00,2007-07-11,12:31:00,Setúbal,Santiago do Cacém,Vale de Água,Chaparralão,150911,37.8725,-8.547222,163555.0,100740.0,dms_recuperado,466.77,466.77,0.0,0.0,Florestal,6.0,Desconhecida,0,1,0,0,21.67
AT107282,19154.0,2007,7,27,2007-07-27,16:00:00,2007-07-28,04:05:00,2007-07-27,16:12:00,Évora,Reguengos de Monsaraz,Reguengos de Monsaraz,Herdade do Esporão / Carneirizes,71104,38.378611,-7.596667,246756.0,156000.0,dms_recuperado,119.48,119.48,0.0,0.0,Florestal,610.0,Desconhecida,0,1,0,0,12.08
BI107210,12789.0,2007,7,28,2007-07-28,15:05:00,2007-07-29,02:20:00,2007-07-28,15:30:00,Guarda,Vila Nova De Foz Côa,Chãs,CHÃS / PARQUE ARQUEOLÓGICO DO CÔA (CHÃS),91404,40.989722,-7.168889,281137.0,447188.0,dms_recuperado,187.0,0.0,76.0,111.0,Florestal,125.0,Negligente,0,1,0,0,11.25
RO307822,52093.0,2007,7,28,2007-07-28,16:10:00,2007-07-29,04:42:00,2007-07-28,16:15:00,Setúbal,Montijo,Santo Isidro de Pegões,VALE VINHAS (Monte do Vale da Azenha),150703,38.756111,-8.610833,158464.0,198866.0,dms_recuperado,108.07,49.85,58.22,0.0,Florestal,114.0,Negligente,0,1,0,0,12.53
AT207290,15935.0,2007,7,29,2007-07-29,14:06:00,2007-07-31,10:30:00,2007-07-29,14:20:00,Portalegre,Nisa,São Matias,CACHEIRO,121208,39.568611,-7.704167,236852.0,289027.0,dms_recuperado,1265.0,555.2,33.71,676.09,Florestal,449.0,Intencional,0,1,0,0,44.4
AT307241,20690.0,2007,7,29,2007-07-29,17:37:00,2007-07-31,03:30:00,2007-07-29,17:56:00,Beja,Mértola,Espírito Santo,Mesquita,20903,37.540833,-7.537778,252587.0,64033.0,dms_recuperado,609.3,250.0,359.3,0.0,Florestal,449.0,Intencional,0,1,0,0,33.88
AT107278,19505.0,2007,7,30,2007-07-30,16:50:00,2007-08-01,00:50:00,2007-07-30,17:03:00,Évora,Mourão,Mourão,Ameada / Orvalha,70803,38.292778,-7.198611,281630.0,147894.0,dms_recuperado,269.3,249.19,10.92,9.19,Florestal,151.0,Negligente,0,1,0,0,32.0
BI207368,24056.0,2007,8,6,2007-08-06,18:24:00,2007-08-07,02:22:00,2007-08-06,18:33:00,Castelo Branco,Idanha-a-Nova,Idanha-a-Nova,RIBEIRO DO FREIXO (Ribeiro do Freixinho),50503,39.804167,-7.037778,293794.0,315667.0,dms_recuperado,131.3,51.8,79.5,0.0,Agrícola,630.0,Desconhecida,0,1,0,0,7.97
RO107795,35243.0,2007,8,20,2007-08-20,13:20:00,2007-08-21,00:04:00,2007-08-20,13:25:00,Santarém,Sardoal,Sardoal,EN2 - VENDA (SARDOAL),141703,39.549444,-8.136667,199683.0,286831.0,dms_recuperado,2820.0,1864.0,641.0,315.0,Florestal,448.0,Intencional,0,1,0,0,10.73
AT307317,22970.0,2007,8,20,2007-08-20,10:28:00,2007-08-22,01:00:00,2007-08-20,10:49:00,Beja,Mértola,Espírito Santo,Ribeira Vascão,20903,37.511944,-7.596667,247404.0,60778.0,dms_recuperado,978.0,0.0,978.0,0.0,Florestal,449.0,Intencional,0,1,0,0,38.53
RO107800,35281.0,2007,8,20,2007-08-20,17:12:00,2007-08-22,00:15:00,2007-08-20,17:23:00,Santarém,Tomar,Sabacheira,SABACHEIRA,141814,39.678056,-8.482222,170039.0,301158.0,dms_recuperado,257.0,20.0,212.0,25.0,Florestal,6.0,Desconhecida,0,1,0,0,31.05
BI107381,14807.0,2007,8,21,2007-08-21,15:03:00,2007-08-22,20:00:00,2007-08-21,16:02:00,Guarda,Figueira de Castelo Rodrigo,Colmeal,Bizarril - (QTA. DA NAVE),90405,40.831111,-6.893889,304513.0,429884.0,dms_recuperado,712.0,1.0,710.0,1.0,Florestal,630.0,Desconhecida,0,1,0,0,28.95
AT107379,21616.0,2007,8,21,2007-08-21,17:32:00,2007-08-22,13:45:00,2007-08-21,17:52:00,Évora,Viana do Alentejo,Aguiar,Zambujeiro,71303,38.397222,-7.967778,214419.0,158907.0,dms_recuperado,112.23,15.06,0.0,97.17,Florestal,225.0,Negligente,0,1,0,0,20.22
BI107380,14794.0,2007,8,21,2007-08-21,13:14:00,2007-08-22,23:30:00,2007-08-21,13:30:00,Guarda,Almeida,Senouras,Lancheiras,90225,40.648611,-6.923056,302345.0,409583.0,dms_recuperado,105.0,35.0,70.0,0.0,Florestal,630.0,Desconhecida,0,1,0,0,34.27
BL407565,35134.0,2007,8,22,2007-08-22,13:16:00,2007-08-24,23:30:00,2007-08-22,13:30:00,Leiria,Batalha,São Mamede,CASAL VIEIRA/PESSEGUEIRO (Casal Carvalhal),100403,39.681111,-8.815,141498.0,301656.0,dms_recuperado,145.0,0.0,145.0,0.0,Florestal,448.0,Intencional,0,1,0,0,58.23
RO2071196,120088.0,2007,8,23,2007-08-23,10:52:00,2007-08-25,13:20:00,2007-08-23,11:02:00,Lisboa,Sintra,São João das Lampas,CABEÇO DE PERNIGEM (Cabeço da Bezerra),111110,38.786944,-9.3775,91874.0,202903.0,dms_recuperado,279.0,37.0,148.0,94.0,Florestal,,,0,1,0,0,50.47
AT207357,18654.0,2007,8,28,2007-08-28,15:33:00,2007-08-29,00:40:00,2007-08-28,15:45:00,Portalegre,Avis,Valongo,Monte do Cantarinho,120308,39.143056,-7.917222,218639.0,241739.0,dms_recuperado,102.2,91.87,0.0,10.33,Florestal,224.0,Negligente,0,1,0,0,9.12
BI107456,15780.0,2007,9,2,2007-09-02,12:41:00,2007-09-02,22:20:00,2007-09-02,13:11:00,Guarda,Figueira de Castelo Rodrigo,Colmeal,Milheiro Velho,90405,40.832222,-7.060833,290437.0,429819.0,dms_recuperado,154.0,0.0,154.0,0.0,Florestal,125.0,Negligente,0,1,0,0,9.65
BI107463,15827.0,2007,9,3,2007-09-03,00:47:00,2007-09-04,00:30:00,2007-09-03,01:10:00,Guarda,Sabugal,Sortelha,Quarta Feira,91133,40.357778,-7.189722,280123.0,377006.0,dms_recuperado,330.0,26.0,304.0,0.0,Florestal,4.0,Intencional,0,1,0,0,23.72
BL407680,37631.0,2007,9,5,2007-09-05,15:07:00,2007-09-05,23:23:00,2007-09-05,15:18:00,Leiria,Leiria,Colmeias,Lagares,100910,39.803611,-8.653056,155460.0,315179.0,dms_recuperado,153.0,145.0,8.0,0.0,Florestal,152.0,Negligente,0,1,0,0,8.27
BL407698,37811.0,2007,9,6,2007-09-06,14:57:00,2007-09-07,20:45:00,2007-09-06,15:10:00,Leiria,Pombal,Pelariga,Pousadas Vedras,101508,39.955556,-8.559167,163581.0,331991.0,dms_recuperado,2118.0,8.0,2110.0,0.0,Florestal,448.0,Intencional,0,1,0,0,29.8
BI107485,16033.0,2007,9,6,2007-09-06,01:31:00,2007-09-07,13:00:00,2007-09-06,01:55:00,Guarda,Celorico da Beira,Carrapichana,CARRAPICHANA (LAMEIRAS),90304,40.561667,-7.486944,254705.0,399431.0,dms_recuperado,236.0,0.0,236.0,0.0,Florestal,125.0,Negligente,0,1,0,0,35.48
BI107484,16031.0,2007,9,6,2007-09-06,00:32:00,2007-09-06,19:45:00,2007-09-06,01:33:00,Guarda,Celorico da Beira,Forno Telheiro,CARDAL,90306,40.731667,-7.373611,264144.0,418379.0,dms_recuperado,232.5,12.0,220.5,0.0,Florestal,125.0,Negligente,0,1,0,0,19.22
TM207302,14738.0,2007,9,6,2007-09-06,01:20:00,2007-09-06,19:50:00,2007-09-06,01:40:00,Bragança,Bragança,Aveleda,AVELEDA-PNM (AVELEDA),40202,41.890833,-6.696667,319200.0,547831.0,dms_recuperado,132.0,0.0,132.0,0.0,Florestal,125.0,Negligente,0,1,0,0,18.5
DM4071088,50799.0,2007,9,7,2007-09-07,02:27:00,2007-09-09,18:30:00,2007-09-07,02:50:00,Braga,Terras de Bouro,Valdosende,PARADELA (VALDOSENDE) (Paradela),31015,41.656667,-8.229722,191941.0,520840.0,dms_recuperado,222.21,155.21,67.0,0.0,Florestal,4.0,Intencional,0,1,0,0,64.05
TM107669,19251.0,2007,9,9,2007-09-09,23:11:00,2007-09-10,23:30:00,2007-09-09,23:36:00,Vila Real,Boticas,Alturas do Barroso,Alturas (ALTURAS DO BARROSO),170201,41.704167,-7.822222,225866.0,526159.0,dms_recuperado,106.0,0.0,106.0,0.0,Florestal,,,0,1,0,0,24.32
DM307706,17559.0,2007,10,17,2007-10-17,10:46:00,2007-10-17,14:15:00,2007-10-17,11:15:00,Viana do Castelo,Melgaço,Castro Laboreiro,PORTOS - PNPG (Corga dos Portos),160302,42.030556,-8.121944,200926.0,562347.0,dms_recuperado,100.0,0.0,100.0,0.0,Florestal,125.0,Negligente,0,1,0,0,3.48
DM4071953,63295.0,2007,10,31,2007-10-31,23:24:00,2007-11-01,06:00:00,2007-10-31,23:50:00,Braga,Fafe,Aboim,LAGOA(ABOIM) (Lagoa),30701,41.516667,-8.088333,203728.0,505280.0,dms_recuperado,110.0,80.0,30.0,0.0,Florestal,630.0,Desconhecida,1,1,0,0,6.6
TM1071089,23485.0,2007,11,2,2007-11-02,09:34:00,2007-11-03,23:20:00,2007-11-02,09:55:00,Vila Real,Mondim de Basto,Pardelhas,PARDELHAS,170507,41.334722,-7.8925,220138.0,485111.0,dms_recuperado,300.0,50.0,250.0,0.0,Florestal,,,0,1,0,0,37.77
DM4072051,63719.0,2007,11,2,2007-11-02,14:39:00,2007-11-02,21:40:00,2007-11-02,15:10:00,Braga,Vieira do Minho,Cantelães,"MONTE SRª DA FÉ, (CANTELÃES)",31105,41.666111,-8.081111,204329.0,521883.0,dms_recuperado,135.5,9.5,126.0,0.0,Florestal,31.0,Intencional,0,1,0,0,7.02
DM4072342,64255.0,2007,11,4,2007-11-04,13:25:00,2007-11-04,16:25:00,2007-11-04,14:05:00,Braga,Celorico de Basto,Basto (São Clemente),VACARIA(S.CLEMENTE) (Vacaria),30520,41.452778,-8.071944,205112.0,498177.0,dms_recuperado,144.0,7.0,137.0,0.0,Florestal,630.0,Desconhecida,0,1,0,0,3.0
TM1071285,23903.0,2007,11,6,2007-11-06,23:59:00,2007-11-09,18:15:00,2007-11-07,00:31:00,Vila Real,Mondim de Basto,Campanhó,Campanhó (CAMPANHO),170503,41.323333,-7.929722,217016.0,483825.0,dms_recuperado,465.0,300.0,165.0,0.0,Florestal,,,0,1,0,0,66.27
DM2073790,120814.0,2007,11,6,2007-11-06,22:19:00,2007-11-08,22:25:00,2007-11-06,22:32:00,Porto,Baião,Loivos do Monte,Aldeia,130208,41.130833,-8.099444,202818.0,462428.0,dms_recuperado,280.0,280.0,0.0,0.0,Florestal,6.0,Desconhecida,0,1,0,0,48.1
BL1072071,50651.0,2007,11,7,2007-11-07,07:35:00,2007-11-08,01:50:00,2007-11-07,08:00:00,Viseu,Vouzela,Alcofra,Couto,182401,40.644444,-8.161667,197564.0,408421.0,dms_recuperado,241.0,35.0,206.0,0.0,Florestal,448.0,Intencional,0,1,0,0,18.25
BL1072076,50703.0,2007,11,7,2007-11-07,10:55:00,2007-11-07,21:35:00,2007-11-07,11:33:00,Viseu,Castro Daire,Ribolhos,Vitoreira,180321,40.9375,-8.112222,201738.0,440957.0,dms_recuperado,155.0,118.0,37.0,0.0,Florestal,448.0,Intencional,0,1,0,0,10.67
DM4072558,65326.0,2007,11,8,2007-11-08,13:00:00,2007-11-08,19:00:00,2007-11-08,13:30:00,Braga,Cabeceiras de Basto,Abadim,PORTO DE OLHO(ABADIM) (Porto Chães),30401,41.577778,-7.9575,214647.0,512079.0,dms_recuperado,392.5,7.5,385.0,0.0,Florestal,630.0,Desconhecida,1,1,0,0,6.0
DM4072563,65347.0,2007,11,8,2007-11-08,13:59:00,2007-11-08,17:05:00,2007-11-08,14:12:00,Braga,Fafe,Serafão,L. VILARELHOS (SERAFÃO) (SERAFÃO),30732,41.531111,-8.201389,194282.0,506887.0,dms_recuperado,200.0,115.0,85.0,0.0,Florestal,630.0,Desconhecida,1,1,0,0,3.1
TM1071324,24069.0,2007,11,9,2007-11-09,01:50:00,2007-11-10,23:01:00,2007-11-09,07:30:00,Vila Real,Montalegre,Chã,S. Mateus-Chã (SÃO VICENTE DA CHÃ),170604,41.784722,-7.784722,228960.0,535098.0,dms_recuperado,100.0,0.0,100.0,0.0,Florestal,,,0,1,0,0,45.18
DM4072959,67315.0,2007,11,15,2007-11-15,19:50:00,2007-11-16,21:00:00,2007-11-16,10:20:00,Braga,Terras de Bouro,Campo do Gerês,SERRA AMARELA (CAMPO GERES) (Serra Amarela),31003,41.809444,-8.195556,194802.0,537792.0,dms_recuperado,185.0,0.0,185.0,0.0,Florestal,33.0,Intencional,0,1,0,0,25.17
BL1072459,52791.0,2007,11,18,2007-11-18,13:00:00,2007-11-18,19:00:00,2007-11-18,13:05:00,Viseu,Penedono,Beselga,BESELGA,181202,40.942222,-7.426944,259449.0,441721.0,dms_recuperado,110.0,3.0,107.0,0.0,Florestal,630.0,Desconhecida,0,1,0,0,6.0
DM408505,18993.0,2008,4,5,2008-04-05,12:14:00,2008-04-07,10:55:00,2008-04-05,14:45:00,Braga,Terras de Bouro,Campo do Gerês,PÉ DE CABRIL (CAMPO DE GERÊS)PNPG (Pé de Águia),31003,41.685278,-8.153333,198300.0,523988.0,dms_recuperado,114.0,6.0,108.0,0.0,Florestal,33.0,Intencional,0,1,0,0,46.68
TM208264,4979.0,2008,4,5,2008-04-05,11:20:00,2008-04-05,23:25:00,2008-04-05,12:00:00,Bragança,Miranda do Douro,Cicouro,Urreta do Poço,40602,41.644722,-6.295278,353098.0,521142.0,dms_recuperado,107.03,72.0,35.03,0.0,Florestal,124.0,Negligente,0,1,0,0,12.08
DM408547,19264.0,2008,4,6,2008-04-06,15:45:00,2008-04-07,03:45:00,2008-04-06,16:00:00,Braga,Cabeceiras de Basto,Bucos,TAPADAS CARRAZEDO(BUCOS) (Carrazedo),30405,41.588333,-8.043611,207460.0,513231.0,dms_recuperado,100.0,30.0,70.0,0.0,Florestal,630.0,Desconhecida,0,1,0,0,12.0
RO208499,99543.0,2008,7,6,2008-07-06,13:01:00,2008-08-08,20:20:00,2008-07-06,13:24:00,Lisboa,Azambuja,Azambuja,VALE MOURO - CASAIS DE BAIXO,110304,39.128056,-8.905278,133214.0,240311.0,dms_recuperado,349.34,276.0,73.34,0.0,Florestal,152.0,Negligente,1,1,0,0,799.32
BL208395,24591.0,2008,7,16,2008-07-16,14:15:00,2008-07-19,09:50:00,2008-07-16,14:23:00,Coimbra,Cantanhede,Ançã,ança (ANÇÃ),60201,40.2725,-8.521667,166946.0,367188.0,dms_recuperado,328.0,164.0,164.0,0.0,Florestal,22.0,Negligente,0,1,0,0,67.58
BI108587,14661.0,2008,8,5,2008-08-05,12:51:00,2008-08-07,00:02:00,2008-08-05,14:15:00,Guarda,Mêda,Carvalhal,DADAS,90903,40.902778,-7.296667,270478.0,437430.0,dms_recuperado,790.0,103.0,432.0,255.0,Florestal,125.0,Negligente,0,1,0,0,35.18
AG108365,31721.0,2008,8,14,2008-08-14,16:17:00,2008-08-16,23:20:00,2008-08-14,16:27:00,Faro,Aljezur,Aljezur,Barranco do Lavradio,80301,37.269167,-8.809444,140000.0,33905.0,dms_recuperado,140.837,95.0,45.837,0.0,Florestal,21.0,Negligente,0,1,0,0,55.05
BL1081149,35880.0,2008,8,27,2008-08-27,13:46:00,2008-08-27,22:30:00,2008-08-27,13:55:00,Viseu,Tarouca,Várzea da Serra,STO ANTÃO,182009,40.986944,-7.806944,227439.0,446504.0,dms_recuperado,131.11,128.11,3.0,0.0,Florestal,448.0,Intencional,0,1,0,0,8.73
TM208563,13931.0,2008,8,28,2008-08-28,21:00:00,2008-08-29,06:45:00,2008-08-28,21:15:00,Bragança,Carrazeda de Ansiães,Seixo de Ansiães,Quinta dos Vinhais- Seixo de Ansiães,40316,41.145556,-7.258611,273410.0,464413.0,dms_recuperado,127.9,1.0,125.9,1.0,Florestal,448.0,Intencional,0,1,0,0,9.75
RO108790,41472.0,2008,9,12,2008-09-12,13:53:00,2008-09-13,23:39:00,2008-09-12,14:01:00,Santarém,Ourém,Formigais,Porto Velho,142107,39.706667,-8.444167,173302.0,304320.0,dms_recuperado,621.5,400.0,221.5,0.0,Florestal,412.0,Negligente,0,1,0,0,33.77
BI208670,48061.0,2008,9,12,2008-09-12,11:45:00,2008-09-13,22:35:00,2008-09-12,11:54:00,Castelo Branco,Castelo Branco,Escalos de Baixo,Curvas da Monheca (ESCALDOS DE BAIXO),50207,39.887778,-7.396944,262947.0,324639.0,dms_recuperado,433.0,293.0,140.0,0.0,Agrícola,610.0,Desconhecida,0,1,0,0,34.83
BI208677,48102.0,2008,9,12,2008-09-12,15:01:00,2008-09-14,22:18:00,2008-09-12,15:03:00,Castelo Branco,Castelo Branco,Sarzedas,Vilares de Cima,50223,39.845,-7.616944,244167.0,319766.0,dms_recuperado,424.0,103.0,321.0,0.0,Florestal,610.0,Desconhecida,0,1,0,0,55.28
BI208679,48114.0,2008,9,12,2008-09-12,16:00:00,2008-09-13,22:18:00,2008-09-12,16:10:00,Castelo Branco,Castelo Branco,Castelo Branco,Recta do Lanço Grande (Rua dos Combatentes da Grande Guerra),50205,39.819722,-7.493333,254766.0,317030.0,dms_recuperado,225.0,0.0,44.0,181.0,Agrícola,610.0,Desconhecida,0,1,0,0,30.3
BI208727,51097.0,2008,9,28,2008-09-28,17:09:00,2008-09-29,21:00:00,2008-09-28,17:09:00,Castelo Branco,Fundão,Capinha,CAPINHA,50411,40.201389,-7.376389,264429.0,359488.0,dms_recuperado,204.75,172.5,32.25,0.0,Florestal,630.0,Desconhecida,0,1,0,0,27.85
BI1081111,19557.0,2008,10,5,2008-10-05,14:37:00,2008-10-06,18:40:00,2008-10-05,15:50:00,Guarda,Pinhel,Safurdão,SAFURDÃO (BOTILHEIRO),91021,40.636667,-7.068056,290086.0,408082.0,dms_recuperado,324.0,240.0,84.0,0.0,Florestal,121.0,Negligente,0,1,0,0,28.05
TM208767,16514.0,2008,10,5,2008-10-05,12:00:00,2008-10-06,04:50:00,2008-10-05,12:15:00,Bragança,Torre de Moncorvo,Felgueiras,Cabeço da Panasqueira- Felgueiras,40908,41.153611,-7.012778,294028.0,465554.0,dms_recuperado,211.103,11.18,199.16,0.763,Florestal,448.0,Intencional,0,1,0,0,16.83
DM308696,16312.0,2008,10,5,2008-10-05,14:11:00,2008-10-06,06:00:00,2008-10-05,14:20:00,Viana do Castelo,Caminha,Venade,CHAO (VENADE),160216,41.855833,-8.818889,143057.0,543181.0,dms_recuperado,149.36,149.36,0.0,0.0,Florestal,448.0,Intencional,0,1,0,0,15.82
BI1081169,19918.0,2008,10,10,2008-10-10,22:35:00,2008-10-11,18:22:00,2008-10-10,22:58:00,Guarda,Gouveia,Arcozelo,ARCOZELO (SOBREPOSTA),90602,40.541111,-7.626944,242868.0,397057.0,dms_recuperado,137.0,8.0,124.0,5.0,Florestal,630.0,Desconhecida,0,1,0,0,19.78
BI1081359,22889.0,2008,11,26,2008-11-26,17:40:00,2008-11-28,22:00:00,,,Guarda,Trancoso,Trancoso (santa Maria),Venda do Cepo (Qta. das Pereiras),91317,40.770278,-7.399444,261941.0,422648.0,dms_recuperado,277.0,35.0,172.0,70.0,Florestal,125.0,Negligente,0,1,0,0,52.33
DM4081287,69175.0,2008,12,21,2008-12-21,00:30:00,2008-12-21,11:20:00,2008-12-21,00:50:00,Braga,Vieira do Minho,Cova,GAVINHEIRAS(COVA) (Gavinheiras),31106,41.672222,-8.145556,198965.0,522556.0,dms_recuperado,134.0,2.5,131.5,0.0,Florestal,31.0,Intencional,0,1,0,0,10.83
TM109193,4043.0,2009,2,19,2009-02-19,18:06:00,2009-02-20,16:20:00,2009-02-19,18:40:00,Vila Real,Mondim de Basto,Ermelo,Fonte de Trigo,170504,41.350556,-7.855,223256.0,486855.0,dms_recuperado,143.0,0.0,143.0,0.0,Florestal,125.0,Negligente,0,1,0,0,22.23
DM309183,4009.0,2009,3,12,2009-03-12,13:34:00,2009-03-13,02:05:00,2009-03-12,13:50:00,Viana do Castelo,Melgaço,Cousso,S.TOMÉ (São Tomé),160304,42.063611,-8.323056,184272.0,566039.0,dms_recuperado,119.66,0.0,119.66,0.0,Florestal,125.0,Negligente,0,1,0,0,12.52
BI109216,5156.0,2009,3,14,2009-03-14,13:23:00,2009-03-14,20:10:00,2009-03-14,14:20:00,Guarda,Guarda,Marmeleiro,QUINTAS DE GONÇALO MARTINS (Moinho do Fontes)),90724,40.539722,-7.126389,285269.0,397276.0,dms_recuperado,146.0,20.0,126.0,0.0,Florestal,125.0,Negligente,0,1,0,0,6.78
BI109252,5355.0,2009,3,16,2009-03-16,23:15:00,2009-03-17,20:45:00,2009-03-17,02:00:00,Guarda,Gouveia,Gouveia (são Pedro),COVÃO STA MARIA (PNSE) (FRAGA DA ÁGUA),90618,40.431389,-7.542778,250085.0,384922.0,dms_recuperado,146.0,0.0,146.0,0.0,Florestal,448.0,Intencional,0,1,0,0,21.5
TM109452,6134.0,2009,3,17,2009-03-17,13:45:00,2009-03-18,04:05:00,2009-03-17,14:25:00,Vila Real,Montalegre,Ferral,Sacoselo,170609,41.706111,-7.960278,214369.0,526335.0,dms_recuperado,280.0,117.0,163.0,0.0,Florestal,448.0,Intencional,0,1,0,0,14.33
DM309283,4328.0,2009,3,17,2009-03-17,13:27:00,2009-03-18,21:35:00,2009-03-17,16:45:00,Viana do Castelo,Arcos de Valdevez,Soajo,ENCOSTA DO GIÃO (Encosta da Pena Redonda),160146,41.9125,-8.230556,191905.0,549237.0,dms_recuperado,271.0,11.0,260.0,0.0,Florestal,448.0,Intencional,0,1,0,0,32.13
TM109456,6153.0,2009,3,17,2009-03-17,16:00:00,2009-03-18,09:25:00,2009-03-17,16:57:00,Vila Real,Montalegre,Salto,ALTO DAS TANTAS,170626,41.669444,-7.935,216487.0,522263.0,dms_recuperado,106.0,52.0,54.0,0.0,Florestal,448.0,Intencional,0,1,0,0,17.42
DM209425,32690.0,2009,3,18,2009-03-18,02:30:00,2009-03-20,23:50:00,2009-03-18,03:00:00,Porto,Amarante,Ansiães,Ramalhoso,130103,41.291944,-8.135833,199767.0,480308.0,dms_recuperado,408.0,220.0,188.0,0.0,Florestal,6.0,Desconhecida,0,1,0,0,69.33
DM409479,17242.0,2009,3,21,2009-03-21,13:20:00,2009-03-22,00:00:00,2009-03-21,14:30:00,Braga,Terras de Bouro,Campo do Gerês,PRADOS DA MESSE (PNPG) (Prados),31003,41.758333,-8.159167,197832.0,532110.0,dms_recuperado,601.0,80.0,521.0,0.0,Florestal,33.0,Intencional,0,1,0,0,10.67
TM109593,6567.0,2009,3,21,2009-03-21,22:15:00,2009-03-22,05:00:00,2009-03-21,22:33:00,Vila Real,Boticas,São Salvador de Viveiro,Bostofrio,170214,41.659444,-7.796111,228069.0,521178.0,dms_recuperado,175.0,58.0,117.0,0.0,Florestal,126.0,Negligente,0,1,0,0,6.75
TM109584,6550.0,2009,3,21,2009-03-21,18:35:00,2009-03-21,21:58:00,2009-03-21,18:50:00,Vila Real,Montalegre,PADROSO,CERDEIRA E PAULAS,170621,41.825,-7.790556,228439.0,539566.0,dms_recuperado,174.0,58.0,116.0,0.0,Florestal,125.0,Negligente,0,1,0,0,3.38
TM109588,6558.0,2009,3,21,2009-03-21,20:00:00,2009-03-22,20:48:00,2009-03-21,20:25:00,Vila Real,Valpaços,Padrela E Tazem,LUGAR DO GESTAL OU REGADA - Frutuoso,171215,41.579722,-7.519722,251133.0,512466.0,dms_recuperado,152.0,73.5,78.5,0.0,Florestal,448.0,Intencional,0,1,0,0,24.8
TM209211,4579.0,2009,3,22,2009-03-22,09:30:00,2009-03-23,02:40:00,2009-03-22,10:15:00,Bragança,Vinhais,Tuizelo,Lugar da rapada- Quadra,41226,41.940833,-7.051389,289707.0,552953.0,dms_recuperado,829.56,238.62,590.94,0.0,Florestal,125.0,Negligente,0,1,0,0,17.17
TM209213,4592.0,2009,3,22,2009-03-22,11:00:00,2009-03-23,10:20:00,2009-03-22,13:00:00,Bragança,Vinhais,Celas,Torre de Celas- Celas,41204,41.715278,-6.920556,300894.0,528038.0,dms_recuperado,551.811,48.489,503.322,0.0,Florestal,448.0,Intencional,0,1,0,0,23.33
TM109602,6595.0,2009,3,22,2009-03-22,08:04:00,2009-03-22,19:30:00,2009-03-22,14:45:00,Vila Real,Boticas,Covas do Barroso,Covas (COVAS DO BARROSO),170208,41.634722,-7.783611,229107.0,518454.0,dms_recuperado,110.0,100.0,10.0,0.0,Florestal,,,0,1,0,0,11.43
DM309417,4762.0,2009,3,23,2009-03-23,14:40:00,2009-03-23,18:21:00,1990-01-01,00:00:00,Viana do Castelo,Melgaço,Lamas de Mouro,PENEDO LAGARTO / PNPG (LAMAS DE MOURO),160309,42.051111,-8.199167,194515.0,564634.0,dms_recuperado,367.39,0.0,367.39,0.0,Florestal,125.0,Negligente,0,1,0,0,3.68
TM109672,6745.0,2009,3,23,2009-03-23,13:30:00,2009-03-24,06:20:00,2009-03-23,14:00:00,Vila Real,Montalegre,Cabril,ROCA DO PIAGO,170601,41.748056,-7.994167,211559.0,530988.0,dms_recuperado,174.0,45.0,129.0,0.0,Florestal,125.0,Negligente,0,1,0,0,16.83
TM209239,4683.0,2009,3,24,2009-03-24,08:48:00,2009-03-24,22:00:00,2009-03-24,09:15:00,Bragança,Bragança,França,""" Fragas""- Serra Serrada- Montesinho",40215,41.543056,-6.725833,317425.0,509174.0,dms_recuperado,449.0,0.0,449.0,0.0,Florestal,6.0,Desconhecida,0,1,0,0,13.2
TM109692,6807.0,2009,3,24,2009-03-24,00:03:00,2009-03-24,19:35:00,2009-03-24,00:30:00,Vila Real,Peso da Régua,Sedielos,Ferraria,170809,41.222222,-7.855556,223268.0,472615.0,dms_recuperado,138.0,9.0,129.0,0.0,Florestal,125.0,Negligente,0,1,0,0,19.53
BL309325,17503.0,2009,3,25,2009-03-25,15:14:00,2009-03-27,10:30:00,2009-03-25,15:20:00,Aveiro,Sever do Vouga,Sever do Vouga,Senhorinha,11706,40.733056,-8.376944,179399.0,418275.0,dms_recuperado,242.0,242.0,0.0,0.0,Florestal,6.0,Desconhecida,0,1,0,0,43.27
BL409108,13419.0,2009,3,28,2009-03-28,17:23:00,2009-03-31,00:55:00,2009-03-28,17:28:00,Leiria,Castanheira de Pêra,Castanheira de Pêra,SERRA DO AMEAL (Serrado da Palheira),100701,40.019444,-8.189167,195203.0,338995.0,dms_recuperado,222.635,89.5,133.135,0.0,Florestal,448.0,Intencional,0,1,0,0,55.53
TM209390,6305.0,2009,4,23,2009-04-23,13:25:00,2009-04-24,23:45:00,2009-04-23,13:45:00,Bragança,Bragança,Espinhosela,VILARINHO - PNM (Vilarinho),40213,41.899167,-6.840833,307232.0,548572.0,dms_recuperado,194.0,0.5,193.5,0.0,Florestal,,,0,1,0,0,34.33
DM309711,8244.0,2009,5,28,2009-05-28,17:09:00,2009-05-29,22:55:00,2009-05-28,17:30:00,Viana do Castelo,Ponte de Lima,Bárrio,Picaranha,160706,41.85,-8.557778,164724.0,542388.0,dms_recuperado,124.2,13.1,111.1,0.0,Florestal,311.0,Intencional,0,1,0,0,29.77
DM2091957,63022.0,2009,5,30,2009-05-30,14:30:00,2009-05-31,20:54:00,2009-05-30,14:41:00,Porto,Paredes,Sobreira,LG. CASCONHA (SOBREIRA),131020,41.15,-8.390556,178389.0,464591.0,dms_recuperado,111.0,111.0,0.0,0.0,Florestal,11.0,Negligente,0,1,0,0,30.4
BL309737,30949.0,2009,5,31,2009-05-31,12:14:00,2009-06-02,01:20:00,2009-05-31,12:25:00,Aveiro,Sever do Vouga,Rocas do Vouga,Sanfins,11705,40.7625,-8.332222,183176.0,421554.0,dms_recuperado,110.0,110.0,0.0,0.0,Florestal,6.0,Desconhecida,0,1,0,0,37.1
AT309122,17390.0,2009,6,20,2009-06-20,13:55:00,2009-06-21,23:50:00,2009-06-20,14:02:00,Beja,Aljustrel,São João de Negrilhos,MONTE DAS ASSARIAS. (Monte das Assarias),20104,37.913056,-8.154722,198092.0,105168.0,dms_recuperado,153.5,45.5,20.0,88.0,Florestal,222.0,Negligente,0,1,0,0,33.92
BI109662,12625.0,2009,7,8,2009-07-08,10:26:00,2009-07-09,21:30:00,2009-07-08,10:40:00,Guarda,Vila Nova De Foz Côa,Almendra,ALMENDRA (RAPADA),91401,40.999167,-7.053889,290802.0,448348.0,dms_recuperado,105.0,0.0,103.5,1.5,Florestal,125.0,Negligente,0,1,0,0,35.07
BL1091395,29507.0,2009,7,16,2009-07-16,13:15:00,2009-07-18,11:59:00,2009-07-16,13:25:00,Viseu,Mangualde,Mesquitela,MESQUITELA,180611,40.584722,-7.746389,232730.0,401850.0,dms_recuperado,337.11,3.28,333.83,0.0,Florestal,448.0,Intencional,0,1,0,0,46.73
RO309563,52045.0,2009,7,17,2009-07-17,16:38:00,2009-07-21,18:56:00,2009-07-17,16:49:00,Setúbal,Seixal,Fernão Ferro,PAVIL (Fernão Ferro),151006,38.568611,-9.099722,115752.0,178373.0,dms_recuperado,131.8,115.99,15.81,0.0,Florestal,152.0,Negligente,0,1,0,0,98.3
BL3091117,41591.0,2009,7,18,2009-07-18,15:44:00,2009-07-21,23:55:00,2009-07-18,16:00:00,Aveiro,Castelo de Paiva,Real,Lugar Gildinho (Lugar da Igreja),10606,41.031111,-8.238056,191158.0,451352.0,dms_recuperado,435.7,0.0,435.7,0.0,Florestal,6.0,Desconhecida,0,1,0,0,80.18
BI109732,13557.0,2009,7,20,2009-07-20,15:08:00,2009-07-21,20:00:00,2009-07-20,15:32:00,Guarda,Pinhel,Cidadelhe,QUINTA DO CAMPO (Lameiras - Qta. do Peniago),91007,40.743611,-7.069444,289828.0,419972.0,dms_recuperado,202.0,20.0,182.0,0.0,Florestal,125.0,Negligente,0,1,0,0,28.87
BL1091475,30371.0,2009,7,21,2009-07-21,02:57:00,2009-07-22,12:45:00,2009-07-21,03:05:00,Viseu,Sernancelhe,Sarzeda,Quinta dos Lameirões,181815,40.923056,-7.447222,257764.0,439565.0,dms_recuperado,680.0,330.0,350.0,0.0,Florestal,448.0,Intencional,0,1,0,0,33.8
AT309225,21090.0,2009,7,26,2009-07-26,15:41:00,2009-07-27,21:12:00,2009-07-26,15:55:00,Beja,Odemira,Relíquias,Vale da Isca,21102,37.661111,-8.458889,171236.0,77244.0,dms_recuperado,101.0,100.5,0.0,0.5,Florestal,212.0,Negligente,0,1,0,0,29.52
AT309234,21324.0,2009,7,28,2009-07-28,13:52:00,2009-07-30,23:48:00,2009-07-28,14:10:00,Beja,Mértola,Santana de Cambas,TAMEJOSO/PICOITOS/POMARÃO (Tamejoso),20905,37.611944,-7.601667,246920.0,71867.0,dms_recuperado,566.5,9.8,556.7,0.0,Florestal,6.0,Desconhecida,0,1,0,0,57.93
AG109475,26825.0,2009,8,7,2009-08-07,15:10:00,2009-09-09,01:15:00,2009-08-07,15:20:00,Faro,São Brás de Alportel,São Brás de Alportel,Cabeça do Velho,81201,37.248333,-7.830833,226797.0,31442.0,dms_recuperado,1628.0,351.0,1233.0,44.0,Florestal,6.0,Desconhecida,0,1,0,0,778.08
TM209673,13594.0,2009,8,16,2009-08-16,21:45:00,2009-08-18,00:05:00,2009-08-16,22:00:00,Bragança,Alfândega Da Fé,Parada,Quinta Branca- Parada,40108,41.263056,-6.909722,302501.0,477824.0,dms_recuperado,115.0,0.0,115.0,0.0,Florestal,125.0,Negligente,0,1,0,0,26.33
TM209676,13663.0,2009,8,17,2009-08-17,15:37:00,2009-08-18,23:50:00,2009-08-17,15:50:00,Bragança,Miranda do Douro,Atenor,Ribeira dasTortulhas- Teixeira,40601,41.445,-6.505278,336031.0,498596.0,dms_recuperado,1002.0,77.0,920.0,5.0,Florestal,125.0,Negligente,0,1,0,0,32.22
TM1091553,18249.0,2009,8,18,2009-08-18,13:12:00,2009-08-20,23:45:00,,,Vila Real,Valpaços,Tinhela,Agordela,171226,41.699167,-7.311667,268368.0,525869.0,dms_recuperado,975.0,40.0,902.0,33.0,Florestal,125.0,Negligente,0,1,0,0,58.55
BL1091883,36078.0,2009,8,19,2009-08-19,13:19:00,2009-08-21,08:44:00,2009-08-19,13:33:00,Viseu,Mangualde,Santiago de Cassurrães,Contenças de Baixo,180615,40.563056,-7.715,235410.0,399454.0,dms_recuperado,994.25,38.61,955.64,0.0,Florestal,448.0,Intencional,0,1,0,0,43.42
TM209687,13857.0,2009,8,19,2009-08-19,14:20:00,2009-08-21,18:33:00,2009-08-19,14:30:00,Bragança,Carrazeda de Ansiães,Carrazeda De Ansiães,Lugar do Terreiro- Samorinha,40304,41.259722,-7.299444,269860.0,477058.0,dms_recuperado,350.465,90.465,260.0,0.0,Florestal,125.0,Negligente,1,1,0,0,52.22
BI109948,16261.0,2009,8,19,2009-08-19,12:00:00,2009-08-20,20:35:00,2009-08-19,12:20:00,Guarda,Figueira de Castelo Rodrigo,Escarigo,ESCARIGO ( PNDI) (ESCARIGO),90407,40.8425,-6.836667,309317.0,431226.0,dms_recuperado,315.0,42.0,185.0,88.0,Florestal,125.0,Negligente,0,1,0,0,32.58
BI109947,16255.0,2009,8,19,2009-08-19,10:57:00,2009-08-20,17:53:00,2009-08-19,11:00:00,Guarda,Almeida,Aldeia Nova,ALDEIA NOVA (VALE DO CÔA),90202,40.670556,-6.9525,299810.0,411974.0,dms_recuperado,186.0,20.0,166.0,0.0,Florestal,4.0,Intencional,0,1,0,0,30.93
RO2091161,122672.0,2009,8,21,2009-08-21,12:18:00,2009-08-24,23:30:00,2009-08-21,13:40:00,Lisboa,Sintra,Belas,Belas Clube de Campo (Buraco 3 da Montanha Russa),111104,38.822778,-9.301667,98495.0,206800.0,dms_recuperado,115.0,90.315,24.685,0.0,Florestal,6.0,Desconhecida,0,1,0,0,83.2
BI109978,16567.0,2009,8,22,2009-08-22,15:19:00,2009-08-26,22:10:00,2009-08-22,15:31:00,Guarda,Guarda,Pega,PEGA (ALTO DA REGATA),90729,40.429722,-7.143889,283927.0,385032.0,dms_recuperado,1222.0,622.0,422.0,178.0,Florestal,448.0,Intencional,0,1,0,0,102.85
BI109979,16569.0,2009,8,22,2009-08-22,15:35:00,2009-08-25,08:00:00,2009-08-22,15:47:00,Guarda,Guarda,Seixo Amarelo,SEIXO AMARELO,90743,40.445,-7.343056,267014.0,386550.0,dms_recuperado,400.0,150.0,240.0,10.0,Florestal,448.0,Intencional,0,1,0,0,64.42
BL1091917,36757.0,2009,8,22,2009-08-22,15:41:00,2009-08-23,02:30:00,2009-08-22,15:50:00,Viseu,Nelas,Senhorim,POVOA DE LUZIANES (Póvoa de Luzianes),180905,40.5125,-7.815556,226911.0,393793.0,dms_recuperado,203.0,8.0,195.0,0.0,Florestal,448.0,Intencional,0,1,0,0,10.82
DM2093604,101097.0,2009,8,22,2009-08-22,14:07:00,2009-08-23,19:45:00,2009-08-22,14:20:00,Porto,Marco de Canaveses,Soalhães,OUTEIRO,130722,41.194167,-8.169167,196973.0,469472.0,dms_recuperado,196.5,58.0,138.5,0.0,Florestal,4.0,Intencional,0,1,0,0,29.63
TM209726,14246.0,2009,8,23,2009-08-23,14:04:00,2009-08-25,20:18:00,2009-08-23,14:12:00,Bragança,Bragança,Calvelhe,Lugar Salpriteiro- Calvelhe,40205,41.605278,-6.708333,318763.0,516106.0,dms_recuperado,1179.18,73.43,1105.75,0.0,Florestal,6.0,Desconhecida,0,1,0,0,54.23
BL1092032,37530.0,2009,8,26,2009-08-26,13:17:00,2009-08-27,23:30:00,2009-08-26,13:25:00,Viseu,Resende,Barrô,BARRÔ (Barraca do Feirão),181302,41.039444,-7.910833,218678.0,452293.0,dms_recuperado,170.0,7.0,163.0,0.0,Florestal,630.0,Desconhecida,0,1,0,0,34.22
DM2094165,104646.0,2009,8,29,2009-08-29,12:34:00,2009-08-29,14:50:00,2009-08-29,12:43:00,Porto,Amarante,Carvalho de Rei,Aldeia Velha,130109,41.208611,-8.037222,208041.0,471056.0,dms_recuperado,595.0,52.0,543.0,0.0,Florestal,38.0,Intencional,1,1,0,0,2.27
BL1092128,38176.0,2009,8,29,2009-08-29,16:37:00,2009-08-30,09:10:00,2009-08-29,17:08:00,Viseu,Cinfães,Ferreiros de Tendais,FERREIROS TENDAIS (FERREIROS DE TENDAIS),180405,41.048056,-8.044444,207447.0,453243.0,dms_recuperado,368.0,8.0,360.0,0.0,Florestal,448.0,Intencional,0,1,0,0,16.55
DM4091883,50685.0,2009,8,29,2009-08-29,20:55:00,2009-08-31,00:36:00,2009-08-29,21:05:00,Braga,Cabeceiras de Basto,Rio Douro,VILELA(RIO DOURO) (Vilela),30415,41.537222,-7.970833,213529.0,507567.0,dms_recuperado,167.0,0.0,167.0,0.0,Florestal,448.0,Intencional,0,1,0,0,27.68
BI1091108,17213.0,2009,8,30,2009-08-30,00:51:00,2009-09-03,01:44:00,2009-08-30,01:10:00,Guarda,Sabugal,Sortelha,Ribeira da Nave,91133,40.306944,-7.211667,278312.0,371339.0,dms_recuperado,8153.0,3080.0,4000.0,1073.0,Florestal,4.0,Intencional,0,1,0,0,96.88
BI1091073,17252.0,2009,8,30,2009-08-30,13:13:00,2009-09-03,23:00:00,2009-08-30,13:23:00,Guarda,Guarda,Vila Franca do Deão,SOBRAL DA SERRA / TRAJINHA (Sobral),90752,40.61,-7.256667,274154.0,404939.0,dms_recuperado,2800.0,1442.0,976.0,382.0,Florestal,125.0,Negligente,0,1,0,0,105.78
DM4091914,50833.0,2009,8,30,2009-08-30,12:39:00,2009-09-03,02:29:00,2009-08-30,12:50:00,Braga,Cabeceiras de Basto,Rio Douro,FURNA (RIO DOURO) (Furna),30415,41.5425,-7.922222,217597.0,508168.0,dms_recuperado,1250.0,81.0,1169.0,0.0,Florestal,630.0,Desconhecida,0,1,0,0,85.83
DM2094246,105065.0,2009,8,30,2009-08-30,02:16:00,2009-09-01,09:15:00,2009-08-30,02:25:00,Porto,Baião,Valadares,Ermida,130219,41.153795,-7.982454,212648.0,464970.0,dms_recuperado,879.0,131.0,748.0,0.0,Florestal,4.0,Intencional,1,1,0,0,54.98
DM2094261,105119.0,2009,8,30,2009-08-30,06:11:00,2009-09-01,21:00:00,2009-08-30,06:40:00,Porto,Marco de Canaveses,Rosem,Rosem de Cima,130717,41.137222,-8.173611,196580.0,463149.0,dms_recuperado,512.5,152.0,360.5,0.0,Florestal,6.0,Desconhecida,0,1,0,0,62.82
DM2094258,105109.0,2009,8,30,2009-08-30,04:54:00,2009-08-31,21:00:00,2009-08-30,05:15:00,Porto,Baião,Gove,EIRIZ (Eirinha),130206,41.129991,-7.985485,212398.0,462326.0,dms_recuperado,454.0,93.0,361.0,0.0,Florestal,4.0,Intencional,0,1,0,0,40.1
DM2094294,105298.0,2009,8,30,2009-08-30,14:00:00,2009-09-01,01:20:00,2009-08-30,14:10:00,Porto,Marco de Canaveses,Penha Longa,Montedeiras,130715,41.128056,-8.1425,199194.0,462112.0,dms_recuperado,320.0,108.0,212.0,0.0,Florestal,4.0,Intencional,0,1,0,0,35.33
TM1091766,19620.0,2009,8,30,2009-08-30,21:29:00,2009-09-03,17:00:00,2009-08-30,22:05:00,Vila Real,Santa Marta de Penaguião,Louredo,"""Lagoa"" - Paradela da Ribeira",171105,41.256111,-7.804444,227538.0,476403.0,dms_recuperado,244.0,137.0,107.0,0.0,Florestal,448.0,Intencional,0,1,0,0,91.52
BL1092208,38481.0,2009,8,30,2009-08-30,21:00:00,2009-09-02,02:08:00,2009-08-30,21:15:00,Viseu,Mangualde,Alcafache,ALCAFACHE,180602,40.599444,-7.863611,222797.0,403438.0,dms_recuperado,138.5,50.0,88.5,0.0,Florestal,448.0,Intencional,0,1,0,0,53.13
TM209786,14803.0,2009,8,30,2009-08-30,00:20:00,2009-08-30,22:20:00,2009-08-30,00:35:00,Bragança,Carrazeda de Ansiães,Seixo de Ansiães,Cabeçoita- Seixo de Ansiães,40316,41.189444,-7.265,272816.0,469282.0,dms_recuperado,127.75,28.0,97.75,2.0,Florestal,448.0,Intencional,0,1,0,0,22.0
DM4091896,50748.0,2009,8,30,2009-08-30,02:05:00,2009-08-30,15:30:00,2009-08-30,03:35:00,Braga,Fafe,Várzea Cova,LAGOA (VARZEACOVA) (Chã da Lagoa),30734,41.528685,-8.090173,203586.0,506596.0,dms_recuperado,127.0,3.0,124.0,0.0,Florestal,630.0,Desconhecida,0,1,0,0,13.42
DM4091924,50871.0,2009,8,30,2009-08-30,15:09:00,2009-08-30,17:50:00,2009-08-30,15:26:00,Braga,Celorico de Basto,Basto (São Clemente),PICOTO (S. CLEMENTE) (Alto do Picoto),30520,41.380016,-8.096317,203080.0,490084.0,dms_recuperado,100.0,14.0,86.0,0.0,Florestal,448.0,Intencional,1,1,0,0,2.68
BI1091093,17318.0,2009,8,31,2009-08-31,09:15:00,2009-09-04,14:20:00,2009-08-31,20:30:00,Guarda,Sabugal,Casteleiro,QTA DO ESPÍRITO SANTO (CASTELEIRO),91112,40.301667,-7.231389,276661.0,370735.0,dms_recuperado,1823.0,73.0,980.0,770.0,Florestal,4.0,Intencional,0,1,0,0,101.08
BI1091099,17343.0,2009,8,31,2009-08-31,13:31:00,2009-09-02,03:15:00,2009-08-31,14:25:00,Guarda,Pinhel,Pereiro,Mangide,91016,40.743889,-6.9925,296329.0,420067.0,dms_recuperado,651.0,5.5,258.2,387.3,Florestal,125.0,Negligente,0,1,0,0,37.73
BI1091100,17352.0,2009,8,31,2009-08-31,14:25:00,2009-09-01,14:55:00,2009-08-31,15:45:00,Guarda,Trancoso,Cótimos,COTIMOS (S. PEDRO),91305,40.826667,-7.240278,275302.0,429037.0,dms_recuperado,571.0,138.5,295.5,137.0,Florestal,448.0,Intencional,0,1,0,0,24.5
BL1092252,38623.0,2009,8,31,2009-08-31,13:13:00,2009-09-01,20:15:00,2009-08-31,13:25:00,Viseu,Castro Daire,Castro Daire,FAREJINHAS/CUJÓ (Farejinhas),180304,40.9075,-7.9,219636.0,437648.0,dms_recuperado,348.5,21.2,327.3,0.0,Florestal,6.0,Desconhecida,1,1,0,0,31.03
BI1091097,17336.0,2009,8,31,2009-08-31,11:04:00,2009-09-02,00:35:00,2009-08-31,11:26:00,Guarda,Sabugal,Vale de Espinho,VALE DE ESPINHO/FOIOS (BRACIOSA),91136,40.288056,-7.078333,289689.0,369354.0,dms_recuperado,310.0,34.0,170.0,106.0,Florestal,125.0,Negligente,0,1,0,0,37.52
TM1091782,19688.0,2009,8,31,2009-08-31,12:53:00,2009-09-01,20:50:00,2009-08-31,13:10:00,Vila Real,Vila Real,São Tomé do Castelo,S. Bento-Fortunho (SÃO TOMÉ DO CASTELO),171425,41.353611,-7.673056,238484.0,487255.0,dms_recuperado,260.0,260.0,0.0,0.0,Florestal,448.0,Intencional,0,1,0,0,31.95
BL1092254,38644.0,2009,8,31,2009-08-31,14:11:00,2009-09-02,01:00:00,2009-08-31,14:18:00,Viseu,Tarouca,Tarouca,STA HELENA,182007,41.001389,-7.795278,228412.0,448101.0,dms_recuperado,251.23,87.52,163.71,0.0,Florestal,448.0,Intencional,0,1,0,0,34.82
BI1091106,17371.0,2009,8,31,2009-08-31,16:29:00,2009-09-01,01:30:00,2009-08-31,17:45:00,Guarda,Mêda,Casteição,A-DO-CAVALO (QTA. DO ROVIS CO),90904,40.866389,-7.355,265588.0,433344.0,dms_recuperado,233.0,9.0,143.5,80.5,Florestal,125.0,Negligente,0,1,0,0,9.02
TM1091790,19713.0,2009,8,31,2009-08-31,16:15:00,2009-09-02,20:30:00,2009-08-31,16:45:00,Vila Real,Vila Real,São Tomé do Castelo,Leirós,171425,41.351944,-7.645278,240824.0,487097.0,dms_recuperado,187.0,187.0,0.0,0.0,Florestal,448.0,Intencional,0,1,0,0,52.25
TM1091793,19725.0,2009,8,31,2009-08-31,17:47:00,2009-09-01,01:45:00,2009-08-31,19:15:00,Vila Real,Vila Real,Torgueda,SORDO (Sordeira),171426,41.271944,-7.774444,230048.0,478165.0,dms_recuperado,160.0,60.0,100.0,0.0,Florestal,,,0,1,0,0,7.97
BI1091101,17357.0,2009,8,31,2009-08-31,15:08:00,2009-09-01,06:30:00,2009-08-31,15:40:00,Guarda,Mêda,Outeiro de Gatos,OUTEIRO DE GATOS,90910,40.951944,-7.302222,269955.0,442902.0,dms_recuperado,135.0,22.5,80.0,32.5,Florestal,125.0,Negligente,0,1,0,0,15.37
DM4092050,51479.0,2009,9,2,2009-09-02,00:10:00,2009-09-02,03:20:00,2009-09-02,00:25:00,Braga,Cabeceiras de Basto,Rio Douro,TEIXUGUEIRAS (RIO DOURO) (Teixugueiras),30415,41.568611,-7.962222,214256.0,511070.0,dms_recuperado,276.0,8.0,268.0,0.0,Florestal,448.0,Intencional,0,1,0,0,3.17
BI1091148,17567.0,2009,9,2,2009-09-02,16:57:00,2009-09-03,08:32:00,2009-09-02,17:15:00,Guarda,Pinhel,Atalaia,ATALAIA,91002,40.6625,-7.030833,293203.0,410989.0,dms_recuperado,128.0,1.0,64.0,63.0,Florestal,125.0,Negligente,0,1,0,0,15.58
BI1091161,17644.0,2009,9,3,2009-09-03,14:15:00,2009-09-04,23:30:00,2009-09-03,14:28:00,Guarda,Trancoso,Trancoso (são Pedro),sao martinho (São Martinho),91318,40.867222,-7.355556,265543.0,433439.0,dms_recuperado,112.0,39.0,58.0,15.0,Florestal,311.0,Intencional,0,1,0,0,33.25
BI1091189,17785.0,2009,9,5,2009-09-05,09:23:00,2009-09-07,18:59:00,2009-09-05,09:33:00,Guarda,Gouveia,Ribamondego,RIBAMONDEGO (SALGUEIROS),90614,40.569167,-7.581111,246741.0,400194.0,dms_recuperado,290.0,19.0,270.0,1.0,Florestal,125.0,Negligente,0,1,0,0,57.6
DM3091406,14216.0,2009,9,5,2009-09-05,01:18:00,2009-09-06,07:55:00,2009-09-05,01:20:00,Viana do Castelo,Monção,Longos Vales,Porqueira,160411,42.046667,-8.41,177073.0,564169.0,dms_recuperado,190.5,95.0,95.5,0.0,Florestal,126.0,Negligente,0,1,0,0,30.62
TM1091963,20378.0,2009,9,6,2009-09-06,13:18:00,2009-09-07,23:19:00,2009-09-06,13:27:00,Vila Real,Murça,Carva,PRESA,170702,41.412778,-7.5575,248128.0,493906.0,dms_recuperado,594.0,0.0,594.0,0.0,Florestal,125.0,Negligente,0,1,0,0,34.02
BL1092449,39889.0,2009,9,6,2009-09-06,19:25:00,2009-09-08,22:41:00,2009-09-06,19:35:00,Viseu,Tabuaço,Paradela,PARADELA,181909,41.063611,-7.528333,250825.0,455133.0,dms_recuperado,209.6,1.0,208.6,0.0,Florestal,630.0,Desconhecida,0,1,0,0,51.27
TM1091959,20372.0,2009,9,6,2009-09-06,12:18:00,2009-09-07,23:00:00,2009-09-06,12:25:00,Vila Real,Sabrosa,Paradela de Guiães,LUGAR DO RIO,171006,41.226667,-7.636667,241608.0,473189.0,dms_recuperado,148.45,52.4,96.0,0.05,Florestal,311.0,Intencional,0,1,0,0,34.7
BL1092419,39728.0,2009,9,6,2009-09-06,00:43:00,2009-09-08,04:20:00,2009-09-06,00:55:00,Viseu,Vila Nova de Paiva,Pendilhe,PENDILHE,182203,40.904722,-7.835833,225033.0,437361.0,dms_recuperado,148.0,12.0,136.0,0.0,Florestal,311.0,Intencional,0,1,0,0,51.62
BL1092431,39809.0,2009,9,6,2009-09-06,13:00:00,2009-09-08,23:52:00,2009-09-06,13:15:00,Viseu,Penalva do Castelo,Sezures,VACARIA,181111,40.716111,-7.611667,244053.0,416496.0,dms_recuperado,137.5,0.0,137.5,0.0,Florestal,448.0,Intencional,0,1,0,0,58.87
TM1092038,20666.0,2009,9,8,2009-09-08,20:13:00,2009-09-09,20:22:00,2009-09-08,21:10:00,Vila Real,Montalegre,Meixide,MEIXIDE,170614,41.813333,-7.598889,244389.0,538369.0,dms_recuperado,792.0,0.0,792.0,0.0,Florestal,125.0,Negligente,0,1,0,0,24.15
DM2095097,109986.0,2009,9,8,2009-09-08,15:30:00,2009-09-12,11:40:00,2009-09-08,15:40:00,Porto,Penafiel,Capela,Igreja,131106,41.078611,-8.319444,184332.0,456650.0,dms_recuperado,599.2,599.2,0.0,0.0,Florestal,2.0,Negligente,0,1,0,0,92.17
TM1092040,20668.0,2009,9,8,2009-09-08,20:18:00,2009-09-09,11:33:00,2009-09-08,20:40:00,Vila Real,Vila Real,São Tomé do Castelo,Aguas Santas (SÃO TOMÉ DO CASTELO),171425,41.353611,-7.673056,238484.0,487255.0,dms_recuperado,307.23,0.2,307.03,0.0,Florestal,448.0,Intencional,0,1,0,0,15.25
TM1092054,20706.0,2009,9,9,2009-09-09,09:00:00,2009-09-12,04:55:00,2009-09-09,09:10:00,Vila Real,Peso da Régua,Sedielos,Alderete (Aldarete),170809,41.211111,-7.865833,222404.0,471367.0,dms_recuperado,1300.0,0.0,1300.0,0.0,Florestal,,,1,1,0,0,67.92
TM1092050,20692.0,2009,9,9,2009-09-09,01:08:00,2009-09-09,06:30:00,2009-09-09,01:15:00,Vila Real,Peso da Régua,Sedielos,Aldarete,170809,41.211111,-7.865833,222404.0,471367.0,dms_recuperado,1110.0,86.5,1023.5,0.0,Florestal,125.0,Negligente,0,1,0,0,5.37
TM1092067,20746.0,2009,9,9,2009-09-09,15:16:00,2009-09-09,20:00:00,2009-09-09,15:30:00,Vila Real,Montalegre,Morgade,CORGA DOS VIDOS - MORGADE,170616,41.751389,-7.746944,232100.0,531429.0,dms_recuperado,285.0,86.0,199.0,0.0,Florestal,126.0,Negligente,0,1,0,0,4.73
BL209722,34534.0,2009,9,9,2009-09-09,14:40:00,2009-09-10,23:50:00,2009-09-09,14:47:00,Coimbra,Miranda do Corvo,Miranda do Corvo,Moinhos (Moinho do Meio),60902,40.136389,-8.313333,184620.0,352001.0,dms_recuperado,110.0,104.5,5.5,0.0,Florestal,630.0,Desconhecida,0,1,0,0,33.17
TM1092071,20760.0,2009,9,9,2009-09-09,16:18:00,2009-09-10,05:25:00,2009-09-09,16:38:00,Vila Real,Chaves,São Vicente,SERRADÃES,170334,41.849722,-7.234167,274643.0,542658.0,dms_recuperado,100.0,79.0,21.0,0.0,Florestal,448.0,Intencional,0,1,0,0,13.12
BI209578,37991.0,2009,9,10,2009-09-10,02:29:00,2009-09-11,19:45:00,2009-09-10,02:31:00,Castelo Branco,Belmonte,Maçainhas,Quinta do Monte,50105,40.411389,-7.2875,271765.0,382882.0,dms_recuperado,114.5,4.5,110.0,0.0,Florestal,6.0,Desconhecida,0,1,0,0,41.27
TM1092322,20957.0,2009,9,11,2009-09-11,11:10:00,2009-09-12,23:45:00,2009-09-11,11:21:00,Vila Real,Chaves,Vidago,PALACE HOTEL - VIDAGO,170342,41.74,-7.472778,254917.0,530298.0,dms_recuperado,348.0,179.0,49.0,120.0,Florestal,448.0,Intencional,0,1,0,0,36.58
TM1092323,20959.0,2009,9,11,2009-09-11,11:20:00,2009-09-12,18:12:00,2009-09-11,11:43:00,Vila Real,Boticas,Ardãos,Ribeira,170202,41.765556,-7.611667,243354.0,533064.0,dms_recuperado,326.0,30.0,296.0,0.0,Florestal,125.0,Negligente,0,1,0,0,30.87
DM3091732,14748.0,2009,9,11,2009-09-11,23:34:00,2009-09-14,12:30:00,2009-09-12,00:10:00,Viana do Castelo,Viana do Castelo,Montaria,SRª MINHO (MONTARIA),160920,41.791667,-8.729167,150456.0,535988.0,dms_recuperado,260.0,0.0,260.0,0.0,Florestal,125.0,Negligente,0,1,0,0,60.93
DM2095459,111489.0,2009,9,11,2009-09-11,09:52:00,2009-09-12,23:42:00,2009-09-11,10:20:00,Porto,Marco de Canaveses,Penha Longa,L.PIARES (Piares),130715,41.099444,-8.146667,198851.0,458928.0,dms_recuperado,187.0,154.0,30.0,3.0,Florestal,4.0,Intencional,0,1,0,0,37.83
TM1092326,20962.0,2009,9,11,2009-09-11,11:50:00,2009-09-13,23:55:00,2009-09-11,12:10:00,Vila Real,Chaves,Redondelo,Casas Novas,170324,41.708611,-7.566111,247182.0,526762.0,dms_recuperado,160.0,110.0,50.0,0.0,Florestal,121.0,Negligente,0,1,0,0,60.08
BL1092858,40985.0,2009,9,11,2009-09-11,11:59:00,2009-09-13,00:25:00,2009-09-11,12:20:00,Viseu,São João da Pesqueira,Riodades,RIODADES,181507,41.021111,-7.499722,253273.0,450422.0,dms_recuperado,155.8,14.8,141.0,0.0,Florestal,630.0,Desconhecida,0,1,0,0,36.43
DM4092605,53746.0,2009,9,11,2009-09-11,14:30:00,2009-09-12,01:05:00,2009-09-11,14:45:00,Braga,Celorico de Basto,Caçarilhe,LINHARES(CAÇARILHE) (Linhares),30505,41.412049,-8.041211,207686.0,493645.0,dms_recuperado,111.0,65.0,46.0,0.0,Florestal,448.0,Intencional,0,1,0,0,10.58
TM209982,15986.0,2009,9,11,2009-09-11,23:10:00,2009-09-13,20:29:00,2009-09-11,23:44:00,Bragança,Vinhais,Vilar de Lomba,Fragas de Ferreiros,41231,41.845556,-7.188611,278426.0,542233.0,dms_recuperado,102.1,6.55,95.55,0.0,Florestal,448.0,Intencional,0,1,0,0,45.32
TM1092144,21051.0,2009,9,12,2009-09-12,05:18:00,2009-09-15,20:12:00,2009-09-12,05:45:00,Vila Real,Vila Real,VILA MARIM,ARNAL,171429,41.199167,-7.68,237988.0,470120.0,dms_recuperado,249.0,3.0,246.0,0.0,Florestal,125.0,Negligente,0,1,0,0,86.9
TM1092160,21093.0,2009,9,12,2009-09-12,12:22:00,2009-09-14,03:30:00,2009-09-12,12:39:00,Vila Real,Vila Pouca de Aguiar,vreia de jales,GIGUEIRA,171316,41.419444,-7.704722,235805.0,494575.0,dms_recuperado,203.0,45.0,158.0,0.0,Florestal,60.0,Desconhecida,0,1,0,0,39.13
TM1092164,21100.0,2009,9,12,2009-09-12,13:11:00,2009-09-14,01:30:00,2009-09-12,13:24:00,Vila Real,Montalegre,Morgade,MORGADE,170616,41.751389,-7.746944,232100.0,531429.0,dms_recuperado,170.0,90.0,80.0,0.0,Florestal,,,1,1,0,0,36.32
BL1092699,41271.0,2009,9,12,2009-09-12,18:57:00,2009-09-13,11:56:00,2009-09-12,19:15:00,Viseu,São João da Pesqueira,Vilarouco,SRA DO VISO (VILAROUCO),181514,41.099444,-7.365278,264503.0,459222.0,dms_recuperado,144.3,4.3,140.0,0.0,Florestal,630.0,Desconhecida,0,1,0,0,16.98
DM4092339,53964.0,2009,9,12,2009-09-12,11:05:00,2009-09-13,08:47:00,2009-09-12,11:20:00,Braga,Cabeceiras de Basto,Cabeceiras de Basto,CELEIRÓ(CAB.BASTO) (Celeiro),30406,41.534323,-8.04545,207318.0,507225.0,dms_recuperado,100.0,40.0,60.0,0.0,Florestal,630.0,Desconhecida,0,1,0,0,21.7
DM4092438,54364.0,2009,9,13,2009-09-13,17:00:00,2009-09-14,20:00:00,2009-09-13,17:30:00,Braga,Cabeceiras de Basto,Gondiães,GONDIÃES (GONDIÃES) (GONDIÃES),30409,41.591667,-7.844722,224048.0,513636.0,dms_recuperado,144.0,72.0,72.0,0.0,Florestal,630.0,Desconhecida,0,1,0,0,27.0
TM1092215,21248.0,2009,9,13,2009-09-13,16:59:00,2009-09-14,20:15:00,2009-09-13,17:30:00,Vila Real,Boticas,Dornelas,Lousas,170210,41.620278,-7.840556,224377.0,516834.0,dms_recuperado,141.0,141.0,0.0,0.0,Florestal,449.0,Intencional,0,1,0,0,27.27
TM1092360,21363.0,2009,9,14,2009-09-14,15:36:00,2009-09-16,01:55:00,2009-09-14,15:46:00,Vila Real,Chaves,Samaiões,Quinta do Nóbrega,170326,41.690833,-7.463889,255708.0,524826.0,dms_recuperado,422.0,108.0,314.0,0.0,Florestal,448.0,Intencional,0,1,0,0,34.32
TM1092241,21329.0,2009,9,14,2009-09-14,12:02:00,2009-09-15,03:30:00,2009-09-14,12:25:00,Vila Real,Chaves,Oucidres,Oucidres,170319,41.729167,-7.3525,264935.0,529163.0,dms_recuperado,226.0,123.0,103.0,0.0,Florestal,449.0,Intencional,0,1,0,0,15.47
DM2095720,113464.0,2009,9,15,2009-09-15,00:30:00,2009-09-16,14:42:00,2009-09-15,00:50:00,Porto,Baião,Ovil,Queimada,130211,41.193406,-7.991245,211903.0,469368.0,dms_recuperado,424.0,19.0,405.0,0.0,Florestal,4.0,Intencional,1,1,0,0,38.2
BI1091292,18673.0,2009,9,15,2009-09-15,12:46:00,2009-09-16,17:40:00,2009-09-15,13:00:00,Guarda,Pinhel,Azevo,AZEVO - FAIA (AZEVO),91003,40.851389,-7.131667,284444.0,431864.0,dms_recuperado,101.0,0.5,43.0,57.5,Florestal,125.0,Negligente,0,1,0,0,28.9
TM1092290,21514.0,2009,9,16,2009-09-16,00:45:00,2009-09-17,11:33:00,2009-09-16,01:20:00,Vila Real,Boticas,Bobadela,LEIRANCO,170204,41.733056,-7.643611,240715.0,529437.0,dms_recuperado,159.0,0.0,159.0,0.0,Florestal,311.0,Intencional,0,1,0,0,34.8
DM4092796,56600.0,2009,9,22,2009-09-22,14:46:00,2009-09-22,19:00:00,2009-09-22,14:55:00,Braga,Fafe,Várzea Cova,CONFURCO(VARZEA COVA) (VÁRZEA COVA),30734,41.507031,-8.070544,205226.0,504192.0,dms_recuperado,125.0,0.0,125.0,0.0,Florestal,630.0,Desconhecida,0,1,0,0,4.23
BL1093075,43424.0,2009,9,24,2009-09-24,15:23:00,2009-09-25,01:35:00,2009-09-24,15:34:00,Viseu,Lamego,Bigorne,BIGORNE,180503,41.006111,-7.885556,220826.0,448591.0,dms_recuperado,130.3,0.3,130.0,0.0,Florestal,630.0,Desconhecida,0,1,0,0,10.2
DM4092947,57591.0,2009,9,25,2009-09-25,22:04:00,2009-09-27,23:25:00,2009-09-26,02:45:00,Braga,Cabeceiras de Basto,Rio Douro,HORTIGUEIRO (RIO DOURO) (RIO DOURO),30415,41.549167,-7.9575,214642.0,508913.0,dms_recuperado,278.0,41.0,237.0,0.0,Florestal,630.0,Desconhecida,0,1,0,0,49.35
DM4092907,57299.0,2009,9,25,2009-09-25,00:49:00,2009-09-25,15:15:00,2009-09-25,01:05:00,Braga,Vila Verde,Godinhaços,L.MONTE(GODINHAÇOS) (GODINHAÇOS),31319,41.713056,-8.465,172361.0,527140.0,dms_recuperado,225.0,0.0,225.0,0.0,Florestal,60.0,Desconhecida,0,1,0,0,14.43
DM4092974,57694.0,2009,9,26,2009-09-26,12:49:00,2009-09-27,12:30:00,2009-09-26,13:20:00,Braga,Vila Verde,Aboim da Nóbrega,L. BARRETE (ABOIM NOBREGA) (ABOIM DA NOBREGA),31301,41.750556,-8.392222,178433.0,531280.0,dms_recuperado,160.0,0.0,160.0,0.0,Florestal,6.0,Desconhecida,0,1,0,0,23.68
TM1092694,22792.0,2009,9,27,2009-09-27,21:14:00,2009-09-28,01:00:00,2009-09-27,21:45:00,Vila Real,Montalegre,Gralhas,SOLVEIRA,170612,41.843056,-7.669167,238531.0,541630.0,dms_recuperado,240.0,90.0,150.0,0.0,Florestal,125.0,Negligente,0,1,0,0,3.77
DM3091925,15871.0,2009,9,27,2009-09-27,16:12:00,2009-09-29,01:50:00,2009-09-27,16:25:00,Viana do Castelo,Arcos de Valdevez,Vale,Paredes do Vale,160149,41.812778,-8.498889,169602.0,538221.0,dms_recuperado,228.0,0.0,228.0,0.0,Florestal,448.0,Intencional,0,1,0,0,33.63
DM4093069,58140.0,2009,9,27,2009-09-27,23:48:00,2009-09-28,12:40:00,2009-09-28,00:20:00,Braga,Vieira do Minho,Guilhofrei,CRISTELO (GUILHOFREI) (GUILHOFREI),31108,41.577222,-8.135278,199820.0,512000.0,dms_recuperado,125.0,0.0,125.0,0.0,Florestal,33.0,Intencional,0,1,0,0,12.87
DM4093013,57919.0,2009,9,27,2009-09-27,09:45:00,2009-09-28,00:55:00,2009-09-27,09:56:00,Braga,Vieira do Minho,Cantelães,MIÃES(CANTELÃES) (CANTELÕES),31105,41.638996,-8.130718,200202.0,518847.0,dms_recuperado,122.0,42.0,80.0,0.0,Florestal,311.0,Intencional,0,1,0,0,15.17
TM1092716,22842.0,2009,9,28,2009-09-28,10:08:00,2009-09-28,23:40:00,2009-09-28,10:21:00,Vila Real,Montalegre,Solveira,SOLVEIRA,170631,41.843056,-7.669167,238531.0,541630.0,dms_recuperado,200.0,0.0,200.0,0.0,Florestal,,,1,1,0,0,13.53
TM1092720,22860.0,2009,9,28,2009-09-28,13:32:00,2009-09-29,03:30:00,2009-09-28,14:05:00,Vila Real,Chaves,São Vicente,SIGEREI (SÃO VICENTE),170334,41.853611,-7.2625,272286.0,543074.0,dms_recuperado,119.5,35.0,70.0,14.5,Florestal,448.0,Intencional,0,1,0,0,13.97
TM1092744,22940.0,2009,9,29,2009-09-29,10:37:00,2009-09-30,19:00:00,2009-09-29,11:00:00,Vila Real,Montalegre,Morgade,Rebordelo,170616,41.741111,-7.7125,234987.0,530304.0,dms_recuperado,234.0,140.0,94.0,0.0,Florestal,126.0,Negligente,0,1,0,0,32.38
DM4093174,58588.0,2009,9,29,2009-09-29,15:03:00,2009-09-30,02:30:00,2009-09-29,15:20:00,Braga,Vieira do Minho,Salamonde,CHÁ DA CABANA (SALAMONDE) (Chã da Cabana),31115,41.671144,-8.101573,202629.0,522418.0,dms_recuperado,210.0,0.0,210.0,0.0,Florestal,6.0,Desconhecida,1,1,0,0,11.45
DM3091994,16006.0,2009,9,29,2009-09-29,09:30:00,2009-09-30,23:55:00,2009-09-29,09:45:00,Viana do Castelo,Ponte de Lima,Moreira do Lima,COUTO (Coutinho),160732,41.798889,-8.542222,165997.0,536707.0,dms_recuperado,142.5,33.5,109.0,0.0,Florestal,448.0,Intencional,0,1,0,0,38.42
TM1092788,23056.0,2009,9,30,2009-09-30,15:58:00,2009-10-01,00:05:00,2009-09-30,16:07:00,Vila Real,Vila Pouca de Aguiar,Santa Marta Da Montanha,Viduedo,171309,41.473056,-7.743056,232564.0,500512.0,dms_recuperado,106.0,6.0,100.0,0.0,Florestal,125.0,Negligente,0,1,0,0,8.12
BL1093302,44889.0,2009,10,2,2009-10-02,14:50:00,2009-10-03,09:30:00,2009-10-02,15:00:00,Viseu,Lamego,Lazarim,Parafita,180511,41.027778,-7.860278,222933.0,451019.0,dms_recuperado,148.0,13.0,135.0,0.0,Florestal,630.0,Desconhecida,0,1,0,0,18.67
DM4093309,59914.0,2009,10,4,2009-10-04,14:48:00,2009-10-04,22:00:00,2009-10-04,15:10:00,Braga,Cabeceiras de Basto,Rio Douro,L. ASNELA(RIO DOURO) (RIO DOURO),30415,41.549167,-7.9575,214642.0,508913.0,dms_recuperado,155.5,0.5,155.0,0.0,Florestal,630.0,Desconhecida,0,1,0,0,7.2
BL1093369,45211.0,2009,10,4,2009-10-04,13:42:00,2009-10-04,21:25:00,2009-10-04,13:56:00,Viseu,Tarouca,Várzea da Serra,VARZEA DA SERRA,182009,40.996667,-7.827222,225720.0,447581.0,dms_recuperado,141.0,0.0,141.0,0.0,Queimada,630.0,Desconhecida,0,0,0,1,7.72
BI1091512,20922.0,2009,10,15,2009-10-15,20:43:00,2009-10-16,21:30:00,2009-10-15,21:10:00,Guarda,Gouveia,Figueiró da Serra,FIGUEIRÓ DA SERRA (pnse) (AZEBRAIS),90604,40.541111,-7.487222,254717.0,397131.0,dms_recuperado,230.0,7.0,223.0,0.0,Florestal,630.0,Desconhecida,0,1,0,0,24.78
BI1091515,20929.0,2009,10,15,2009-10-15,22:46:00,2009-10-16,18:32:00,2009-10-15,22:55:00,Guarda,Gouveia,Nabais,NABAIS (SANGAS),90611,40.521667,-7.544444,249875.0,394945.0,dms_recuperado,140.0,2.6,137.4,0.0,Florestal,630.0,Desconhecida,0,1,0,0,19.77
DM4093376,62639.0,2009,10,16,2009-10-16,21:19:00,2009-10-17,13:15:00,2009-10-16,21:45:00,Braga,Fafe,São Gens,RUIVÃES (S. GENS) (Ruivães),30728,41.455942,-8.123719,200787.0,498516.0,dms_recuperado,265.0,26.5,238.5,0.0,Florestal,630.0,Desconhecida,0,1,0,0,15.93
TM1092920,24275.0,2009,10,16,2009-10-16,19:09:00,2009-10-16,20:10:00,2009-10-16,19:20:00,Vila Real,Ribeira de Pena,Cerva,Cabriz,170903,41.465278,-7.808056,227135.0,499616.0,dms_recuperado,158.0,2.0,156.0,0.0,Florestal,125.0,Negligente,0,1,0,0,1.02
BI1091571,21197.0,2009,10,19,2009-10-19,13:50:00,2009-10-20,02:00:00,2009-10-19,15:00:00,Guarda,Mêda,Vale Flor,VALE FLOR,90916,40.912778,-7.282778,271633.0,438558.0,dms_recuperado,249.0,14.5,234.5,0.0,Florestal,125.0,Negligente,0,1,0,0,12.17
DM310224,5213.0,2010,4,10,2010-04-10,16:30:00,2010-04-11,03:40:00,2010-04-10,16:50:00,Viana do Castelo,Ponte da Barca,Vila Chã (são João Baptista),Seixas,160621,41.789722,-8.323333,184171.0,535626.0,dms_recuperado,125.7,0.0,125.7,0.0,Florestal,125.0,Negligente,0,1,0,0,11.17
DM31069,6399.0,2010,5,4,2010-05-04,13:15:00,2010-05-06,01:00:00,2010-05-04,13:40:00,Viana do Castelo,Viana do Castelo,Nogueira,Corredouras,160924,41.641944,-8.761667,147613.0,519371.0,dms_recuperado,534.75,36.22,498.53,0.0,Florestal,449.0,Intencional,0,1,0,0,35.75
AT31079,16702.0,2010,6,17,2010-06-17,15:07:00,2010-06-18,02:15:00,2010-06-17,15:20:00,Beja,Aljustrel,Rio de Moinhos,Monte do Braz da Gama,20105,37.883056,-8.200556,193960.0,101995.0,dms_recuperado,150.7,0.0,0.0,150.7,Agrícola,222.0,Negligente,0,0,1,0,11.13
AT110133,15365.0,2010,7,4,2010-07-04,11:10:00,2010-07-04,16:30:00,2010-07-04,11:30:00,Évora,Alandroal,Capelins (santo António),Baldio do Peral - Capelins,70104,38.536667,-7.357222,267547.0,174831.0,dms_recuperado,102.41,25.97,0.0,76.44,Florestal,60.0,Desconhecida,1,1,0,0,5.33
AT110153,15480.0,2010,7,5,2010-07-05,15:28:00,2010-07-06,14:50:00,2010-07-05,15:35:00,Évora,Évora,Malagueira,Herdade da Silveirinha,70519,38.552778,-7.956389,215300.0,176349.0,dms_recuperado,172.23,102.83,0.0,69.4,Florestal,,,0,1,0,0,23.37
BL3101090,42524.0,2010,7,21,2010-07-21,22:16:00,2010-07-22,04:40:00,2010-07-21,22:30:00,Aveiro,Oliveira de Azeméis,Ossela,Ribeira de Baixo,11310,40.823333,-8.443611,173793.0,428324.0,dms_recuperado,256.0,256.0,0.0,0.0,Florestal,6.0,Desconhecida,0,1,0,0,6.4
DM310754,11036.0,2010,7,24,2010-07-24,14:46:00,2010-07-29,18:00:00,2010-07-24,15:50:00,Viana do Castelo,Viana do Castelo,Geraz Do Lima (santa Leocádia),Castelo,160929,41.706389,-8.658333,156279.0,526480.0,dms_recuperado,245.79,70.0,175.79,0.0,Florestal,630.0,Desconhecida,1,1,0,0,123.23
DM310769,11072.0,2010,7,24,2010-07-24,23:03:00,2010-07-25,11:15:00,2010-07-24,23:25:00,Viana do Castelo,Valença,Cerdal,MOSTEIRÓ (campo de tiro),160803,42.039722,-8.622222,159489.0,563481.0,dms_recuperado,135.0,26.0,109.0,0.0,Florestal,448.0,Intencional,0,1,0,0,12.2
BL110559,30395.0,2010,7,25,2010-07-25,15:17:00,2010-07-25,19:25:00,2010-07-25,15:22:00,Viseu,Viseu,Vila Chã de Sá,VILA CHA DE SÁ (Vila Chã),182333,40.734167,-7.811944,227111.0,418410.0,dms_recuperado,305.0,72.0,233.0,0.0,Florestal,448.0,Intencional,0,1,0,0,4.13
DM310803,11147.0,2010,7,25,2010-07-25,15:07:00,2010-07-27,02:45:00,2010-07-25,15:15:00,Viana do Castelo,Paredes de Coura,Ferreira,Monte do Carvalho,160508,41.942222,-8.618333,159755.0,552645.0,dms_recuperado,300.0,13.0,287.0,0.0,Florestal,448.0,Intencional,1,1,0,0,35.63
DM2102062,91495.0,2010,7,25,2010-07-25,14:47:00,2010-07-27,08:00:00,2010-07-25,15:00:00,Porto,Amarante,Gouveia (são Simão),Infesta,130134,41.304722,-8.168333,197033.0,481723.0,dms_recuperado,148.0,13.5,134.5,0.0,Florestal,6.0,Desconhecida,0,1,0,0,41.22
RO310590,55614.0,2010,7,26,2010-07-26,13:23:00,2010-07-29,22:00:00,2010-07-26,13:40:00,Setúbal,Alcácer do Sal,Comporta,Comenda - Herdade da Comporta,150106,38.325833,-8.759722,145184.0,151168.0,dms_recuperado,1770.0,1520.0,250.0,0.0,Florestal,610.0,Desconhecida,0,1,0,0,80.62
BL3101282,43714.0,2010,7,26,2010-07-26,16:30:00,2010-07-30,23:55:00,2010-07-26,16:35:00,Aveiro,Santa Maria da Feira,Canedo,Rebordelo,10903,40.998333,-8.416667,176135.0,447764.0,dms_recuperado,1165.0,582.0,583.0,0.0,Florestal,6.0,Desconhecida,0,1,0,0,103.42
BL3101277,43694.0,2010,7,26,2010-07-26,15:27:00,2010-07-31,05:10:00,2010-07-26,15:40:00,Aveiro,Oliveira de Azeméis,Pinheiro da Bemposta,Covais,11313,40.763889,-8.503611,168709.0,421742.0,dms_recuperado,970.0,970.0,0.0,0.0,Florestal,6.0,Desconhecida,0,1,0,0,109.72
DM410930,42708.0,2010,7,26,2010-07-26,11:14:00,2010-07-27,03:20:00,2010-07-26,11:18:00,Braga,Fafe,Monte,L. LUILHAS (MONTE) (ABOIM),30717,41.541944,-8.085278,203971.0,508088.0,dms_recuperado,958.0,92.5,841.5,24.0,Florestal,60.0,Desconhecida,0,1,0,0,16.1
BI110258,13008.0,2010,7,26,2010-07-26,22:05:00,2010-07-29,16:00:00,2010-07-26,22:30:00,Guarda,Sabugal,Bendada,Resmaneira,91110,40.405833,-7.258889,274110.0,382441.0,dms_recuperado,630.9,22.4,363.9,244.6,Florestal,211.0,Negligente,0,1,0,0,65.92
DM310858,11251.0,2010,7,26,2010-07-26,12:41:00,2010-07-30,18:00:00,2010-07-26,12:45:00,Viana do Castelo,Caminha,Arga de São João,ARGA DE CIMA,160204,41.835278,-8.698333,153044.0,540819.0,dms_recuperado,553.0,0.0,553.0,0.0,Florestal,125.0,Negligente,0,1,0,0,101.32
DM2102210,92280.0,2010,7,26,2010-07-26,17:05:00,2010-07-29,02:30:00,2010-07-26,17:13:00,Porto,Penafiel,Vila Cova,L.PORTELA DO SOUTO (Portela do Souto),131137,41.168056,-8.246389,190476.0,466578.0,dms_recuperado,362.0,0.0,362.0,0.0,Florestal,11.0,Negligente,0,1,0,0,57.42
BL3101250,43626.0,2010,7,26,2010-07-26,12:35:00,2010-01-08,15:30:00,2010-07-26,13:09:00,Aveiro,Sever do Vouga,Sever do Vouga,Ermida,11706,40.73,-8.342778,182270.0,417919.0,dms_recuperado,295.0,295.0,0.0,0.0,Florestal,6.0,Desconhecida,0,1,0,0,
DM310888,11306.0,2010,7,26,2010-07-26,21:47:00,2010-07-28,02:30:00,2010-07-26,22:00:00,Viana do Castelo,Ponte de Lima,Rebordões (santa Maria),MONTE DA NÓ (Belmonte),160744,41.678889,-8.604167,160758.0,523396.0,dms_recuperado,271.76,84.0,187.76,0.0,Florestal,448.0,Intencional,0,1,0,0,28.72
DM2102253,92491.0,2010,7,26,2010-07-26,23:50:00,2010-07-28,20:40:00,2010-07-26,23:59:00,Porto,Paços de Ferreira,Penamaior,PILAR (MEIXOMIL),130913,41.287222,-8.385278,178876.0,479812.0,dms_recuperado,195.02,195.02,0.0,0.0,Florestal,4.0,Intencional,0,1,0,0,44.83
DM2102229,92367.0,2010,7,26,2010-07-26,19:52:00,2010-07-26,21:20:00,2010-07-26,20:09:00,Porto,Marco de Canaveses,Soalhães,OLIVEIRA,130722,41.1775,-8.096111,203093.0,467615.0,dms_recuperado,185.5,20.5,163.0,2.0,Florestal,6.0,Desconhecida,0,1,0,0,1.47
BL3101356,44013.0,2010,7,27,2010-07-27,17:59:00,2010-01-08,21:48:00,2010-07-27,18:15:00,Aveiro,Arouca,São Miguel do Mato,Lázaro (Incêndio de origem - Monte Meda - Gondomar),10417,40.990556,-8.370278,180037.0,446869.0,dms_recuperado,1032.0,1032.0,0.0,0.0,Florestal,6.0,Desconhecida,0,1,0,0,
BI110259,13017.0,2010,7,27,2010-07-27,01:31:00,2010-07-29,01:00:00,2010-07-27,01:45:00,Guarda,Almeida,Naves,NAVES - Rodeio Velho,90220,40.660556,-6.886944,305364.0,410954.0,dms_recuperado,578.0,334.0,45.0,199.0,Florestal,448.0,Intencional,0,1,0,0,47.48
DM2102372,92924.0,2010,7,27,2010-07-27,17:25:00,2010-07-29,23:40:00,2010-07-27,17:36:00,Porto,Marco de Canaveses,Soalhães,L.VENDA DE GIESTA,130722,41.237222,-8.163611,197440.0,474255.0,dms_recuperado,481.0,50.0,430.5,0.5,Florestal,6.0,Desconhecida,0,1,0,0,54.25
BL110631,30744.0,2010,7,27,2010-07-27,08:55:00,2010-07-29,14:00:00,2010-07-27,09:05:00,Viseu,Oliveira de Frades,Sejães,Souto Covo,181010,40.781944,-8.2425,190750.0,423700.0,dms_recuperado,179.0,160.0,19.0,0.0,Florestal,448.0,Intencional,0,1,0,0,53.08
BL110657,30846.0,2010,7,27,2010-07-27,15:05:00,2010-07-30,09:56:00,2010-07-27,15:12:00,Viseu,Carregal do Sal,Cabanas de Viriato,C.VIRIATO (Cabanas de Viriato),180202,40.470556,-7.976111,213304.0,389120.0,dms_recuperado,145.0,142.0,3.0,0.0,Florestal,448.0,Intencional,0,1,0,0,66.85
DM310930,11386.0,2010,7,27,2010-07-27,15:31:00,2010-07-28,07:10:00,2010-07-27,15:34:00,Viana do Castelo,Arcos de Valdevez,Padreiro (Santa Cristina),JTO IGREJA,160136,41.957778,-8.251944,190133.0,554292.0,dms_recuperado,117.0,10.0,107.0,0.0,Florestal,448.0,Intencional,1,1,0,0,15.65
BL210396,27377.0,2010,7,28,2010-07-28,15:44:00,2010-07-31,12:00:00,2010-07-28,15:50:00,Coimbra,Penacova,Penacova,Livraria Mondego (CARVALHO),61307,40.329444,-8.311389,184845.0,373453.0,dms_recuperado,863.0,563.0,300.0,0.0,Florestal,448.0,Intencional,0,1,0,0,68.27
DM310964,11446.0,2010,7,28,2010-07-28,03:35:00,2010-07-29,13:35:00,2010-07-28,04:00:00,Viana do Castelo,Viana do Castelo,Montaria,Pedrulhos,160920,41.814722,-8.755556,148277.0,538579.0,dms_recuperado,542.97,0.0,542.97,0.0,Florestal,630.0,Desconhecida,1,1,0,0,34.0
TM110476,14160.0,2010,7,28,2010-07-28,21:22:00,2010-07-28,23:34:00,2010-07-28,21:40:00,Vila Real,Boticas,Dornelas,gestosa,170210,41.637778,-7.841111,224209.0,518959.0,dms_recuperado,209.5,0.0,209.5,0.0,Florestal,125.0,Negligente,0,1,0,0,2.2
DM4101089,43605.0,2010,7,29,2010-07-29,09:57:00,2010-07-30,01:25:00,2010-07-29,10:15:00,Braga,Celorico de Basto,Ribas,CERDEIRA(RIBAS) (Cerdeira),30518,41.451389,-8.059444,206154.0,498038.0,dms_recuperado,190.0,37.0,153.0,0.0,Florestal,60.0,Desconhecida,0,1,0,0,15.47
TM110494,14271.0,2010,7,29,2010-07-29,20:35:00,2010-07-31,01:30:00,2010-07-29,20:45:00,Vila Real,Ribeira de Pena,Cerva,Formoselos,170903,41.49,-7.878889,221228.0,502356.0,dms_recuperado,123.0,121.0,2.0,0.0,Florestal,448.0,Intencional,0,1,0,0,28.92
DM4101140,43851.0,2010,7,30,2010-07-30,03:29:00,2010-07-30,10:35:00,2010-07-30,03:40:00,Braga,Fafe,Arnozela,L. NOVO (ARNOZELA) (Lugar Novo),30706,41.390278,-8.118889,201171.0,491244.0,dms_recuperado,170.0,149.0,21.0,0.0,Florestal,630.0,Desconhecida,0,1,0,0,7.1
BI110305,13405.0,2010,7,31,2010-07-31,16:24:00,2010-02-08,20:10:00,2010-07-31,16:30:00,Guarda,Fornos de Algodres,Sobral Pichorro,Vale da Ordem,90513,40.698056,-7.448333,257777.0,414751.0,dms_recuperado,497.0,3.0,483.5,10.5,Florestal,630.0,Desconhecida,0,1,0,0,
TM110526,14502.0,2010,7,31,2010-07-31,15:12:00,2010-01-08,21:15:00,2010-07-31,15:19:00,Vila Real,Chaves,Oura,Reigás,170320,41.676944,-7.580833,245982.0,523234.0,dms_recuperado,238.5,79.5,159.0,0.0,Florestal,449.0,Intencional,0,1,0,0,
BL110803,31705.0,2010,7,31,2010-07-31,14:39:00,2010-07-31,16:40:00,,,Viseu,Viseu,Fragosela,Termas de Alcafache,182315,40.611667,-7.881111,221321.0,404815.0,dms_recuperado,130.0,5.5,124.5,0.0,Florestal,448.0,Intencional,0,1,0,0,2.02
BL110832,31835.0,2010,8,1,2010-08-01,04:53:00,2010-08-03,02:50:00,2010-08-01,05:35:00,Viseu,Sernancelhe,Escurquela,Brumais,181805,41.004444,-7.520833,251496.0,448583.0,dms_recuperado,380.0,0.0,380.0,0.0,Florestal,449.0,Intencional,1,1,0,0,45.95
DM3101174,12005.0,2010,8,2,2010-08-02,11:59:00,2010-08-03,05:46:00,2010-08-02,12:01:00,Viana do Castelo,Arcos de Valdevez,Cabreiro,CABREIRO,160106,41.9325,-8.416667,176476.0,551512.0,dms_recuperado,135.0,0.0,135.0,0.0,Florestal,448.0,Intencional,0,1,0,0,17.78
RO110532,35225.0,2010,8,3,2010-08-03,14:18:00,2010-08-04,23:35:00,2010-08-03,14:25:00,Santarém,Ferreira do Zêzere,Dornes,Casal da Mata,141105,39.751944,-8.274722,187850.0,309330.0,dms_recuperado,505.0,450.0,45.0,10.0,Florestal,448.0,Intencional,0,1,0,0,33.28
DM3101234,12129.0,2010,8,3,2010-08-03,12:31:00,2010-08-05,00:30:00,2010-08-03,12:42:00,Viana do Castelo,Arcos de Valdevez,Loureda,S.BRAS - LOUREDA (GAVIEIRA),160118,41.957778,-8.251944,190133.0,554292.0,dms_recuperado,502.0,42.0,460.0,0.0,Florestal,448.0,Intencional,0,1,0,0,35.98
RO110533,35239.0,2010,8,3,2010-08-03,15:58:00,2010-08-05,02:14:00,2010-08-03,16:08:00,Santarém,Santarém,Abrã,Amiais de Cima,141602,39.449167,-8.759444,146067.0,275868.0,dms_recuperado,207.88,57.0,149.88,1.0,Florestal,448.0,Intencional,0,1,0,0,34.27
DM3101222,12100.0,2010,8,3,2010-08-03,07:51:00,2010-08-04,02:25:00,2010-08-03,08:00:00,Viana do Castelo,Paredes de Coura,Ferreira,SÃO SILVESTRE - EOLICAS (São Silvestre),160508,41.958889,-8.571389,163662.0,554500.0,dms_recuperado,172.13,59.38,112.75,0.0,Florestal,448.0,Intencional,0,1,0,0,18.57
DM3101262,12190.0,2010,8,3,2010-08-03,21:25:00,2010-08-04,22:00:00,2010-08-03,22:00:00,Viana do Castelo,Monção,Merufe,Cernades,160415,42.003889,-8.390556,178661.0,559421.0,dms_recuperado,149.0,3.0,146.0,0.0,Queimada,125.0,Negligente,0,0,0,1,24.58
DM3101260,12188.0,2010,8,3,2010-08-03,21:08:00,2010-08-05,21:40:00,2010-08-03,21:20:00,Viana do Castelo,Viana do Castelo,Vila Franca,VILA FRANCA,160935,41.684167,-8.733889,149960.0,524044.0,dms_recuperado,144.0,144.0,0.0,0.0,Florestal,448.0,Intencional,0,1,0,0,48.53
DM3101216,12088.0,2010,8,3,2010-08-03,01:34:00,2010-08-03,08:28:00,2010-08-03,01:40:00,Viana do Castelo,Paredes de Coura,Insalde,BOALHOSA (Boulhosa),160511,41.9625,-8.512778,168526.0,554850.0,dms_recuperado,127.2,106.4,20.8,0.0,Florestal,448.0,Intencional,0,1,0,0,6.9
TM210225,11525.0,2010,8,4,2010-08-04,13:44:00,2010-08-10,20:10:00,2010-08-04,13:55:00,Bragança,Carrazeda de Ansiães,Marzagão,Crasta- Marzagão,40309,41.210278,-7.32,268186.0,471561.0,dms_recuperado,1355.63,670.0,615.63,70.0,Florestal,449.0,Intencional,0,1,0,0,150.43
DM4101327,45352.0,2010,8,4,2010-08-04,08:00:00,2010-08-11,21:00:00,2010-08-04,08:20:00,Braga,Terras de Bouro,Rio Caldo,FORMIGUEIRO (RIO CALDO) M3 (Alminhas do Formigueiro),31013,41.681111,-8.228056,192083.0,523546.0,dms_recuperado,749.0,489.0,260.0,0.0,Florestal,449.0,Intencional,0,1,0,0,181.0
BL110961,32590.0,2010,8,4,2010-08-04,14:59:00,2010-08-05,01:45:00,2010-08-04,15:10:00,Viseu,Vila Nova de Paiva,Pendilhe,PENDILHE,182203,40.904722,-7.835833,225033.0,437361.0,dms_recuperado,310.0,10.0,300.0,0.0,Florestal,127.0,Negligente,0,1,0,0,10.77
TM210227,11555.0,2010,8,4,2010-08-04,21:16:00,2010-08-05,21:33:00,2010-08-04,21:40:00,Bragança,Macedo de Cavaleiros,Morais,Rio Azibo- Lagoa/ Amêdo- Morais,40521,41.490556,-6.776667,313267.0,503248.0,dms_recuperado,184.0,14.0,170.0,0.0,Florestal,449.0,Intencional,1,1,0,0,24.28
DM4101362,45572.0,2010,8,4,2010-08-04,22:25:00,2010-08-06,02:06:00,2010-08-05,02:40:00,Braga,Terras de Bouro,Ribeira,LAMELAS (RIBEIRA) M5 (CAMPO DO GERÊS),31012,41.759167,-8.198611,194550.0,532204.0,dms_recuperado,142.0,16.0,126.0,0.0,Florestal,125.0,Negligente,0,1,0,0,27.68
TM110588,14949.0,2010,8,4,2010-08-04,14:12:00,2010-08-05,23:00:00,2010-08-04,14:30:00,Vila Real,Vila Pouca de Aguiar,Tresminas,Vilarelho,171312,41.505,-7.543611,249210.0,504161.0,dms_recuperado,102.0,92.0,8.0,2.0,Florestal,630.0,Desconhecida,1,1,0,0,32.8
TM110599,15008.0,2010,8,5,2010-08-05,01:36:00,2010-08-08,23:00:00,2010-08-05,02:15:00,Vila Real,Ribeira de Pena,Alvadia,Alvadia,170901,41.440556,-7.781111,229398.0,496883.0,dms_recuperado,3380.0,34.5,3345.5,0.0,Florestal,448.0,Intencional,0,1,0,0,93.4
TM210230,11592.0,2010,8,5,2010-08-05,12:33:00,2010-08-06,09:15:00,2010-08-05,12:50:00,Bragança,Mogadouro,Bruçó,Malha do Cadavado- Bruçó,40803,41.398611,-6.617778,326725.0,493275.0,dms_recuperado,880.0,58.5,821.5,0.0,Florestal,125.0,Negligente,1,1,0,0,20.7
DM3101341,12364.0,2010,8,5,2010-08-05,13:00:00,2010-08-08,20:20:00,2010-08-05,13:10:00,Viana do Castelo,Monção,Portela,Regoufe,160423,41.9875,-8.505556,169117.0,557636.0,dms_recuperado,272.0,53.0,219.0,0.0,Florestal,127.0,Negligente,0,1,0,0,79.33
BL3101932,46532.0,2010,8,5,2010-08-05,23:20:00,2010-08-06,04:06:00,2010-08-05,23:40:00,Aveiro,Vale de Cambra,Junqueira,Cha Junqueira,11905,40.891667,-8.395,177928.0,435883.0,dms_recuperado,260.0,260.0,0.0,0.0,Florestal,6.0,Desconhecida,0,1,0,0,4.77
DM3101363,12394.0,2010,8,5,2010-08-05,16:57:00,2010-08-12,00:54:00,2010-08-05,17:30:00,Viana do Castelo,Arcos de Valdevez,Rio de Moinhos,CERDEIRA - RIO DE MOINHOS (Cerdeira),160131,41.885,-8.448056,173854.0,546232.0,dms_recuperado,200.0,120.0,80.0,0.0,Florestal,448.0,Intencional,1,1,0,0,151.95
DM3101376,12425.0,2010,8,5,2010-08-05,23:34:00,2010-08-06,05:10:00,2010-08-05,23:40:00,Viana do Castelo,Paredes de Coura,Insalde,VALE ESCURO,160511,41.913333,-8.603333,160972.0,549452.0,dms_recuperado,104.25,28.3,75.95,0.0,Florestal,448.0,Intencional,0,1,0,0,5.6
BL1101033,33009.0,2010,8,6,2010-08-06,11:05:00,2010-08-08,09:10:00,2010-08-06,11:05:00,Viseu,São Pedro do Sul,São Cristovão De Lafões,PONTE TEIXEIRA/GRALHEIRA (Ponte),181611,40.758889,-8.054167,206662.0,421120.0,dms_recuperado,5066.0,2500.0,2566.0,0.0,Florestal,449.0,Intencional,0,1,0,0,46.08
BL1101044,33047.0,2010,8,6,2010-08-06,13:56:00,2010-08-06,22:00:00,2010-08-06,14:05:00,Viseu,Tabuaço,Santa Leocádia,STA.LEOCADIA (VALENÇA DO DOURO),181912,41.157778,-7.553889,248597.0,465565.0,dms_recuperado,1547.7,539.99,1007.71,0.0,Florestal,448.0,Intencional,0,1,0,0,8.07
DM4101426,45964.0,2010,8,6,2010-08-06,11:25:00,2010-08-08,03:00:00,2010-08-06,11:26:00,Braga,Fafe,Várzea Cova,BASTELO(VARZEA COVA) M4 (Bastelo),30734,41.530278,-8.072222,205083.0,506788.0,dms_recuperado,695.0,139.0,556.0,0.0,Florestal,31.0,Intencional,0,1,0,0,39.58
BL3101952,46604.0,2010,8,6,2010-08-06,09:41:00,2010-08-06,19:19:00,,,Aveiro,Castelo de Paiva,Pedorido,Gaido,10604,41.021667,-8.376944,179484.0,450334.0,dms_recuperado,521.91,365.34,156.57,0.0,Florestal,630.0,Desconhecida,0,1,0,0,9.63
DM4101448,46069.0,2010,8,6,2010-08-06,16:14:00,2010-08-08,23:00:00,2010-08-06,16:25:00,Braga,Fafe,Serafão,VILARELHO(SERAFAO) M7 (Vilarelho),30732,41.533056,-8.191111,195147.0,507100.0,dms_recuperado,264.0,129.0,135.0,0.0,Florestal,630.0,Desconhecida,0,1,0,0,54.77
TM110637,15241.0,2010,8,6,2010-08-06,23:35:00,2010-08-08,06:40:00,2010-08-06,23:50:00,Vila Real,Ribeira de Pena,Cerva,Adoria,170903,41.463056,-7.867222,222205.0,499353.0,dms_recuperado,263.0,3.0,260.0,0.0,Florestal,448.0,Intencional,0,1,0,0,31.08
DM2103692,99241.0,2010,8,6,2010-08-06,22:34:00,2010-08-08,00:00:00,2010-08-06,22:48:00,Porto,Baião,Grilo,LG. VILA COVA (OVIL),130207,41.180833,-8.013611,210008.0,467983.0,dms_recuperado,227.0,9.5,215.5,2.0,Florestal,6.0,Desconhecida,0,1,0,0,25.43
BL3101938,46552.0,2010,8,6,2010-08-06,04:10:00,2010-08-06,05:45:00,2010-08-06,04:30:00,Aveiro,Vale de Cambra,Macieira de Cambra,Porto Novo,11906,40.875,-8.348889,181793.0,434037.0,dms_recuperado,154.0,94.0,60.0,0.0,Florestal,6.0,Desconhecida,0,1,0,0,1.58
BL3102019,46840.0,2010,8,6,2010-08-06,22:52:00,2010-08-08,23:00:00,2010-08-06,23:15:00,Aveiro,Arouca,Urrô,Merujal,10419,40.874444,-8.298889,186006.0,433961.0,dms_recuperado,145.6444,12.0,133.6444,0.0,Florestal,6.0,Desconhecida,0,1,0,0,48.13
DM4101451,46082.0,2010,8,6,2010-08-06,17:36:00,2010-08-07,06:05:00,2010-08-06,18:00:00,Braga,Fafe,Queimadela,AMEIXEDA (QUEIMADELA)M3 (Ameixedo),30721,41.5125,-8.142222,199226.0,504806.0,dms_recuperado,124.0,12.0,112.0,0.0,Florestal,31.0,Intencional,0,1,0,0,12.48
DM2103669,99127.0,2010,8,6,2010-08-06,18:16:00,2010-08-09,05:00:00,2010-08-06,18:25:00,Porto,Trofa,Covelas,ALTO COELHAS (Alto Catorze),131806,41.245,-8.502778,168999.0,475166.0,dms_recuperado,107.89,102.5,5.39,0.0,Florestal,6.0,Desconhecida,0,1,0,0,58.73
BL1101034,33011.0,2010,8,6,2010-08-06,11:18:00,2010-08-06,23:23:00,2010-08-06,11:27:00,Viseu,Moimenta da Beira,Sever,Ratoeira,180719,41.000556,-7.706111,235921.0,448036.0,dms_recuperado,101.0,0.0,101.0,0.0,Florestal,449.0,Intencional,0,1,0,0,12.08
DM4101510,46348.0,2010,8,7,2010-08-07,15:48:00,2010-08-14,01:00:00,2010-08-07,15:58:00,Braga,Terras de Bouro,Campo do Gerês,VILARINHO FURNAS(CAMPO DO GERES)PNPG-M1 (Vilarinho),31003,41.670278,-8.245556,190629.0,522328.0,dms_recuperado,2316.0,0.0,2316.0,0.0,Florestal,151.0,Negligente,0,1,0,0,153.2
BL1101088,33235.0,2010,8,7,2010-08-07,10:52:00,2010-08-08,21:30:00,2010-08-07,11:00:00,Viseu,Cinfães,Nespereira,RIEIRO (Raposeiro),180409,41.078056,-8.139167,199475.0,456565.0,dms_recuperado,521.0,15.0,506.0,0.0,Florestal,125.0,Negligente,0,1,0,0,34.63
BL410409,33278.0,2010,8,7,2010-08-07,14:00:00,2010-08-09,01:01:00,2010-08-07,14:07:00,Leiria,Pombal,Abiul,Lagoa das Ceiras,101501,39.900556,-8.514167,167392.0,325874.0,dms_recuperado,438.92,142.57,296.35,0.0,Florestal,448.0,Intencional,0,1,0,0,35.02
TM210251,11756.0,2010,8,7,2010-08-07,14:16:00,2010-08-08,02:00:00,2010-08-07,14:27:00,Bragança,Macedo de Cavaleiros,Lagoa,Rio Azibo- Lagoa/ Amêdo- Morais,40516,41.450833,-6.804444,311009.0,498809.0,dms_recuperado,426.23,77.0,334.23,15.0,Florestal,449.0,Intencional,0,1,0,0,11.73
DM3101456,12592.0,2010,8,7,2010-08-07,14:30:00,2010-08-08,20:20:00,2010-08-07,14:35:00,Viana do Castelo,Valença,Sanfins,QUEBRADA,160810,42.031389,-8.582222,162808.0,562536.0,dms_recuperado,405.0,90.0,315.0,0.0,Florestal,125.0,Negligente,0,1,0,0,29.83
DM2103780,99609.0,2010,8,7,2010-08-07,13:31:00,2010-08-09,18:00:00,2010-08-07,13:49:00,Porto,Penafiel,Abragão,Tapada,131101,41.159722,-8.2,194267.0,465805.0,dms_recuperado,264.0,0.0,264.0,0.0,Florestal,11.0,Negligente,0,1,0,0,52.48
BL3102022,46865.0,2010,8,7,2010-08-07,00:35:00,2010-08-09,08:00:00,,,Aveiro,Oliveira de Azeméis,Pindelo,Pinhão,11312,40.861111,-8.438333,174258.0,432513.0,dms_recuperado,111.1264,111.1264,0.0,0.0,Florestal,6.0,Desconhecida,0,1,0,0,55.42
DM3101480,12643.0,2010,8,7,2010-08-07,22:23:00,2010-08-09,16:25:00,2010-08-07,22:57:00,Viana do Castelo,Arcos de Valdevez,Soajo,AGUIEIRA P.N.P.G - SOAJO (Alto da Aguieira),160146,41.864167,-8.263611,189145.0,543894.0,dms_recuperado,109.0,35.0,74.0,0.0,Florestal,448.0,Intencional,0,1,0,0,42.03
DM4101543,46501.0,2010,8,8,2010-08-08,02:00:00,2010-08-10,10:40:00,2010-08-08,08:15:00,Braga,Terras de Bouro,Covide,CALCEDONIA (COVIDE) PNPG - M1 (CAMPO DO GERÊS),31008,41.759167,-8.198611,194550.0,532204.0,dms_recuperado,282.0,0.0,282.0,0.0,Florestal,125.0,Negligente,0,1,0,0,56.67
TM110704,15461.0,2010,8,8,2010-08-08,15:15:00,2010-08-12,17:23:00,2010-08-08,15:25:00,Vila Real,Montalegre,Salto,Borralha,170626,41.656667,-7.9775,212961.0,520852.0,dms_recuperado,260.0,218.0,42.0,0.0,Florestal,610.0,Desconhecida,0,1,0,0,98.13
DM3101508,12702.0,2010,8,8,2010-08-08,12:18:00,2010-08-10,10:00:00,2010-08-08,12:30:00,Viana do Castelo,Ponte de Lima,Vilar do Monte,CHAO DE FORA- VILAR DO MONTE (Chão de Fento),160749,41.82,-8.561944,164373.0,539042.0,dms_recuperado,118.7,45.0,73.7,0.0,Florestal,448.0,Intencional,0,1,0,0,45.7
AT210219,18377.0,2010,8,8,2010-08-08,11:41:00,2010-08-09,00:22:00,2010-08-08,11:58:00,Portalegre,Campo Maior,São João Baptista,MONTE DA QUINTA - ENXARA (Fonte do Monte Branco),120403,39.054167,-7.076389,291460.0,232367.0,dms_recuperado,111.6851,32.9273,0.0,78.7578,Florestal,610.0,Desconhecida,0,1,0,0,12.68
TM110702,15457.0,2010,8,8,2010-08-08,14:55:00,2010-08-09,03:35:00,2010-08-08,15:00:00,Vila Real,Vila Pouca de Aguiar,Afonsim,CASTANHEIRA - CABANES,171301,41.522778,-7.673333,238373.0,506050.0,dms_recuperado,103.0,100.0,3.0,0.0,Florestal,125.0,Negligente,0,1,0,0,12.67
DM3101509,12703.0,2010,8,8,2010-08-08,12:33:00,2010-08-09,03:39:00,2010-08-08,12:53:00,Viana do Castelo,Arcos de Valdevez,Cendufe,SOUTELO - CENDUFE (SOUTELO),160108,41.819167,-8.500556,169466.0,538932.0,dms_recuperado,100.0,20.0,80.0,0.0,Florestal,448.0,Intencional,0,1,0,0,15.1
DM3101578,12848.0,2010,8,9,2010-08-09,18:54:00,2010-08-11,11:50:00,2010-08-09,18:55:00,Viana do Castelo,Viana do Castelo,Montaria,SRA DO MINHO-MONTARIA (São Lourenço da Montaria),160920,41.789722,-8.729167,150456.0,535790.0,dms_recuperado,572.63,0.0,572.63,0.0,Florestal,125.0,Negligente,0,1,0,0,40.93
TM110739,15620.0,2010,8,9,2010-08-09,18:09:00,2010-08-11,00:45:00,2010-08-09,18:35:00,Vila Real,Alijó,Santa Eugénia,Sta Eugénia (SANTA EUGÉNIA),170113,41.348333,-7.410278,260476.0,486822.0,dms_recuperado,200.0,155.0,34.0,11.0,Florestal,231.0,Negligente,0,1,0,0,30.6
DM3101571,12834.0,2010,8,9,2010-08-09,16:14:00,2010-08-10,00:50:00,2010-08-09,16:20:00,Viana do Castelo,Valença,Verdoejo,VERDOEJO,160816,42.043333,-8.591389,162045.0,563873.0,dms_recuperado,198.0,100.0,98.0,0.0,Florestal,236.0,Negligente,1,1,0,0,8.6
TM210265,11918.0,2010,8,9,2010-08-09,16:40:00,2010-08-10,23:55:00,2010-08-09,17:00:00,Bragança,Vimioso,Algoso,Muro- Algoso,41101,41.464167,-6.5775,329958.0,500618.0,dms_recuperado,130.0,29.0,99.0,2.0,Florestal,125.0,Negligente,0,1,0,0,31.25
DM2104146,101036.0,2010,8,9,2010-08-09,15:17:00,2010-08-10,20:30:00,2010-08-09,15:20:00,Porto,Baião,Gestaçô,VOLTA GRANDE,130205,41.168889,-7.921111,217776.0,466675.0,dms_recuperado,104.5,71.0,33.5,0.0,Florestal,4.0,Intencional,0,1,0,0,29.22
BI110396,14357.0,2010,8,10,2010-08-10,16:36:00,2010-08-16,21:25:00,2010-08-10,16:40:00,Guarda,Seia,Paranhos,Carvalhal da Loiça - Bairro Vila Rosa,91208,40.496389,-7.808889,227468.0,392028.0,dms_recuperado,4346.0,4204.0,0.0,142.0,Florestal,235.0,Negligente,0,1,0,0,148.82
BI110398,14365.0,2010,8,10,2010-08-10,17:27:00,2010-08-14,13:00:00,2010-08-10,17:40:00,Guarda,Gouveia,Vila Franca da Serra,ALTO DA PONTE NOVA,90620,40.576111,-7.561111,248421.0,400971.0,dms_recuperado,3298.0,260.0,2964.0,74.0,Florestal,448.0,Intencional,1,1,0,0,91.55
DM3101596,12901.0,2010,8,10,2010-08-10,11:44:00,2010-08-20,12:30:00,2010-08-10,11:59:00,Viana do Castelo,Arcos de Valdevez,Cabana Maior,MEZIO /TRAVANCA - P.N.P.G. (Mezio),160105,41.886667,-8.313611,185008.0,546392.0,dms_recuperado,1900.0,150.0,1750.0,0.0,Florestal,448.0,Intencional,1,1,0,0,240.77
BI110394,14355.0,2010,8,10,2010-08-10,16:24:00,2010-08-14,23:30:00,2010-08-10,16:39:00,Guarda,Trancoso,Aldeia Nova,Quinta da Ribeira da Lavagem,91301,40.724167,-7.426944,259561.0,417665.0,dms_recuperado,1750.0,105.0,1100.0,545.0,Florestal,311.0,Intencional,0,1,0,0,103.1
BI110391,14333.0,2010,8,10,2010-08-10,12:23:00,2010-08-12,19:30:00,2010-08-10,12:45:00,Guarda,Almeida,Porto de Ovelha,Lameirinhas,90223,40.53,-6.959722,299324.0,396524.0,dms_recuperado,1486.0,599.0,87.0,800.0,Florestal,4.0,Intencional,0,1,0,0,55.12
DM4101668,47183.0,2010,8,10,2010-08-10,13:15:00,2010-08-16,23:40:00,2010-08-10,13:29:00,Braga,Terras de Bouro,Rio Caldo,CALCEDONIA(RIO CALDO)PNPG (CAMPO DO GERÊS),31013,41.759167,-8.198611,194550.0,532204.0,dms_recuperado,1184.0,600.0,584.0,0.0,Florestal,3.0,Intencional,1,1,0,0,154.42
BL1101255,33897.0,2010,8,10,2010-08-10,11:06:00,2010-08-13,02:10:00,2010-08-10,11:20:00,Viseu,Mangualde,Chãs de Tavares,Santo Amaro de Tavares,180603,40.551389,-7.918333,218185.0,398102.0,dms_recuperado,971.0,106.0,865.0,0.0,Florestal,448.0,Intencional,0,1,0,0,63.07
TM110775,15775.0,2010,8,10,2010-08-10,21:46:00,2010-08-11,03:45:00,2010-08-10,23:00:00,Vila Real,Montalegre,Cabril,CANDAL -Lapela,170601,41.748056,-7.994167,211559.0,530988.0,dms_recuperado,950.0,0.0,950.0,0.0,Florestal,125.0,Negligente,0,1,0,0,5.98
DM3101606,12917.0,2010,8,10,2010-08-10,13:35:00,2010-08-13,20:45:00,2010-08-10,13:40:00,Viana do Castelo,Viana do Castelo,Outeiro,ROCHA - OUTEIRO (Avenida Rocha Paris),160925,41.695833,-8.826944,142230.0,525422.0,dms_recuperado,631.24,321.24,310.0,0.0,Florestal,630.0,Desconhecida,1,1,0,0,79.17
BI110399,14382.0,2010,8,10,2010-08-10,21:34:00,2010-08-12,16:13:00,2010-08-10,22:00:00,Guarda,Figueira de Castelo Rodrigo,Colmeal,Quinta da Moreirola,90405,40.835,-7.092778,287649.0,430254.0,dms_recuperado,494.0,40.0,50.0,404.0,Florestal,125.0,Negligente,0,1,0,0,42.65
DM4101667,47185.0,2010,8,10,2010-08-10,13:10:00,2010-08-10,18:10:00,2010-08-10,13:18:00,Braga,Póvoa de Lanhoso,Lanhoso,R. DO PREGAL - (LANHOSO)M2 (Ribeiro do Pregal),30915,41.571667,-8.279167,187808.0,511397.0,dms_recuperado,374.0,296.0,78.0,0.0,Florestal,3.0,Intencional,1,1,0,0,5.0
DM3101627,12955.0,2010,8,10,2010-08-10,21:47:00,2010-08-11,08:30:00,2010-08-10,22:10:00,Viana do Castelo,Arcos de Valdevez,Soajo,ADRAO - SOAJO- PNPG (GAVIEIRA),160146,41.957778,-8.251944,190133.0,554292.0,dms_recuperado,318.0,0.0,318.0,0.0,Florestal,448.0,Intencional,1,1,0,0,10.72
BL1101279,34005.0,2010,8,10,2010-08-10,21:50:00,2010-08-11,17:53:00,2010-08-10,21:53:00,Viseu,Cinfães,Oliveira Do Douro,Ruivais,180410,41.063333,-8.051667,206827.0,454944.0,dms_recuperado,261.0,25.0,236.0,0.0,Florestal,448.0,Intencional,0,1,0,0,20.05
DM3101603,12913.0,2010,8,10,2010-08-10,13:07:00,2010-08-11,05:25:00,2010-08-10,13:10:00,Viana do Castelo,Vila Nova de Cerveira,Loivo,MATA VELHA-LOIVO (Mata),161007,41.92,-8.775556,146687.0,550269.0,dms_recuperado,234.0,12.02,221.98,0.0,Florestal,448.0,Intencional,0,1,0,0,16.3
TM210273,11983.0,2010,8,10,2010-08-10,14:34:00,2010-08-12,20:00:00,2010-08-10,14:56:00,Bragança,Vinhais,Quirás,Vilarinho/ Gestosa,41218,41.883333,-7.150278,281560.0,546453.0,dms_recuperado,211.25,1.0,200.25,10.0,Florestal,448.0,Intencional,0,1,0,0,53.43
DM3101617,12934.0,2010,8,10,2010-08-10,16:36:00,2010-08-12,17:50:00,2010-08-10,16:39:00,Viana do Castelo,Viana do Castelo,Mujães,CHASQUEIRA-MUJÃES (Chasqueira),160922,41.646667,-8.723611,150795.0,519880.0,dms_recuperado,190.63,190.63,0.0,0.0,Florestal,630.0,Desconhecida,1,1,0,0,49.23
BL1101269,33962.0,2010,8,10,2010-08-10,16:37:00,2010-08-11,02:54:00,2010-08-10,16:51:00,Viseu,Tarouca,Vila Chã da Beira,VILA CHA DA BEIRA (Vila Chã da Beira),182010,41.028611,-7.686667,237534.0,451159.0,dms_recuperado,173.86,2.57,171.29,0.0,Florestal,448.0,Intencional,0,1,0,0,10.28
DM2104280,101625.0,2010,8,10,2010-08-10,13:53:00,2010-08-11,10:55:00,2010-08-10,15:51:00,Porto,Gondomar,Lomba,MONTE MEDA (Baguim do Monte),130405,41.192222,-8.540833,165777.0,469318.0,dms_recuperado,160.0,160.0,0.0,0.0,Florestal,60.0,Desconhecida,0,1,0,0,21.03
BL1101263,33945.0,2010,8,10,2010-08-10,15:14:00,2010-08-11,04:00:00,2010-08-10,15:20:00,Viseu,Castro Daire,Ermida,Codeçais,180306,40.854444,-7.848611,223989.0,431768.0,dms_recuperado,136.0,0.0,136.0,0.0,Florestal,630.0,Desconhecida,0,1,0,0,12.77
BI110401,14389.0,2010,8,11,2010-08-11,01:35:00,2010-08-17,00:51:00,2010-08-11,01:50:00,Guarda,Seia,Seia,ALDEIA DA SERRA-PNSE (Aldeia da Serra),91220,40.417778,-7.684722,238036.0,383337.0,dms_recuperado,4483.0,914.0,3569.0,0.0,Florestal,448.0,Intencional,0,1,0,0,143.27
BI110403,14409.0,2010,8,11,2010-08-11,11:45:00,2010-08-12,19:25:00,2010-08-11,12:10:00,Guarda,Pinhel,Pinhel,ER221 (ER221) Km 149 (QTA; DA CHINCHELA),91017,40.815,-7.043889,291800.0,428083.0,dms_recuperado,2598.0,215.0,1724.5,658.5,Florestal,152.0,Negligente,0,1,0,0,31.67
BL1101320,34155.0,2010,8,11,2010-08-11,15:16:00,2010-08-13,23:50:00,2010-08-11,16:10:00,Viseu,Moimenta da Beira,Alvite,Lameiras de Carapito,180702,40.949444,-7.699722,236479.0,442363.0,dms_recuperado,1275.0,191.0,1084.0,0.0,Florestal,449.0,Intencional,0,1,0,0,56.57
DM3101659,13032.0,2010,8,11,2010-08-11,17:26:00,2010-08-12,11:37:00,2010-08-11,18:12:00,Viana do Castelo,Arcos de Valdevez,Soajo,SOAJO-PNPG (SOAJO),160146,41.874444,-8.262778,189229.0,545028.0,dms_recuperado,1122.07,82.0,1040.07,0.0,Florestal,448.0,Intencional,0,1,0,0,18.18
TM110789,15835.0,2010,8,11,2010-08-11,12:33:00,2010-08-12,11:01:00,2010-08-11,12:48:00,Vila Real,Montalegre,Cervos,LAJAS DO PINDO - Arcos,170603,41.760278,-7.673056,238259.0,532441.0,dms_recuperado,1020.0,6.0,1014.0,0.0,Florestal,125.0,Negligente,0,1,0,0,22.47
DM4101715,47459.0,2010,8,11,2010-08-11,13:08:00,2010-08-12,08:00:00,2010-08-11,13:20:00,Braga,Vila Verde,Pedregais,L.PEDREIRAS(PEDREGAIS)M3 (ABOIM DA NOBREGA),31333,41.750556,-8.392222,178433.0,531280.0,dms_recuperado,419.58,135.5,284.08,0.0,Florestal,126.0,Negligente,0,1,0,0,18.87
BI210322,32288.0,2010,8,11,2010-08-11,14:17:00,2010-08-12,19:30:00,2010-08-11,14:35:00,Castelo Branco,Fundão,Capinha,Quinta de Santo António,50411,40.217778,-7.357222,266033.0,361318.0,dms_recuperado,340.0,32.0,272.5,35.5,Florestal,630.0,Desconhecida,0,1,0,0,29.22
BI110410,14455.0,2010,8,11,2010-08-11,22:40:00,2010-08-12,22:05:00,2010-08-11,23:00:00,Guarda,Mêda,Fonte Longa,Quinta do Facho,90906,41.032778,-7.203056,278098.0,452144.0,dms_recuperado,272.0,4.0,268.0,0.0,Florestal,125.0,Negligente,0,1,0,0,23.42
TM110797,15869.0,2010,8,11,2010-08-11,17:12:00,2010-08-13,14:49:00,2010-08-11,17:37:00,Vila Real,Vila Real,Pena,LUGAR DOS CAMBÕES SIRARELHOS,171421,41.317778,-7.811667,226895.0,483238.0,dms_recuperado,225.0,30.0,195.0,0.0,Florestal,,,1,1,0,0,45.62
BI110405,14417.0,2010,8,11,2010-08-11,13:47:00,2010-08-12,23:30:00,2010-08-11,14:35:00,Guarda,Seia,Sandomil,SANDOMIL,91212,40.357778,-7.781667,229854.0,376646.0,dms_recuperado,223.0,220.0,0.0,3.0,Florestal,630.0,Desconhecida,1,1,0,0,33.72
BL1101323,34160.0,2010,8,11,2010-08-11,16:14:00,2010-08-12,23:51:00,2010-08-11,16:25:00,Viseu,Nelas,Senhorim,POVOA CIMA (Pedras Cimalhas),180905,40.483056,-7.901944,219579.0,390526.0,dms_recuperado,208.0,0.0,208.0,0.0,Florestal,235.0,Negligente,1,1,0,0,31.62
AT110334,18733.0,2010,8,11,2010-08-11,16:45:00,2010-08-12,20:50:00,2010-08-11,17:00:00,Évora,Viana do Alentejo,Alcáçovas,VALE DE NOGUEIRA,71301,38.3625,-8.17,196670.0,155213.0,dms_recuperado,207.93,56.85,109.21,41.87,Florestal,449.0,Intencional,0,1,0,0,28.08
DM3101656,13025.0,2010,8,11,2010-08-11,16:15:00,2010-08-12,15:05:00,2010-08-11,16:25:00,Viana do Castelo,Arcos de Valdevez,Vale,PAREDES - VALE (Paredes),160149,41.883611,-8.420278,176153.0,546084.0,dms_recuperado,165.0,0.0,165.0,0.0,Florestal,448.0,Intencional,1,1,0,0,22.83
BI210318,32272.0,2010,8,11,2010-08-11,12:36:00,2010-08-12,22:20:00,2010-08-11,12:46:00,Castelo Branco,Covilhã,Orjais,Barroca da Eireira - Orjais,50312,40.34,-7.406389,261730.0,374858.0,dms_recuperado,148.0,2.0,146.0,0.0,Florestal,630.0,Desconhecida,0,1,0,0,33.73
TM110784,15823.0,2010,8,11,2010-08-11,10:47:00,2010-08-12,01:00:00,2010-08-11,11:15:00,Vila Real,Boticas,São Salvador de Viveiro,Bostofrio,170214,41.659444,-7.796111,228069.0,521178.0,dms_recuperado,133.0,67.0,66.0,0.0,Florestal,125.0,Negligente,0,1,0,0,14.22
DM3101641,12987.0,2010,8,11,2010-08-11,08:47:00,2010-08-12,13:00:00,2010-08-11,09:30:00,Viana do Castelo,Arcos de Valdevez,Miranda,IGREJA - MIRANDA (Igreja),160121,41.810833,-8.505,169079.0,538018.0,dms_recuperado,128.0,45.0,83.0,0.0,Florestal,448.0,Intencional,0,1,0,0,28.22
BL3102336,48125.0,2010,8,11,2010-08-11,12:10:00,2010-08-12,19:10:00,2010-08-11,12:15:00,Aveiro,Oliveira de Azeméis,Macieira de Sarnes,Pedra Branca,11305,40.897778,-8.470278,171570.0,436606.0,dms_recuperado,104.554,104.554,0.0,0.0,Florestal,6.0,Desconhecida,0,1,0,0,31.0
TM110776,15786.0,2010,8,11,2010-08-11,02:13:00,2010-08-13,01:26:00,2010-08-11,02:35:00,Vila Real,Vila Real,Mondrões,Bisalhões,171416,41.285278,-7.787222,228867.0,479802.0,dms_recuperado,101.0,58.5,40.5,2.0,Florestal,448.0,Intencional,0,1,0,0,47.22
TM110843,16016.0,2010,8,12,2010-08-12,22:50:00,2010-08-13,12:56:00,2010-08-12,23:05:00,Vila Real,Chaves,Vilarelho da Raia,MORICO - CAMBEDO,170345,41.856111,-7.491111,253190.0,543367.0,dms_recuperado,106.7,96.7,10.0,0.0,Florestal,449.0,Intencional,0,1,0,0,14.1
DM3101716,13182.0,2010,8,13,2010-08-13,08:46:00,2010-08-23,15:20:00,2010-08-13,09:40:00,Viana do Castelo,Ponte da Barca,Lindoso,CABRIL - LINDOSO PNPG (Mata do Cabril),160612,41.8325,-8.179167,196160.0,540348.0,dms_recuperado,3059.0,60.0,2999.0,0.0,Florestal,151.0,Negligente,1,1,0,0,246.57
BL3102491,48643.0,2010,8,13,2010-08-13,16:31:00,2010-08-13,20:20:00,2010-08-13,16:42:00,Aveiro,Vale de Cambra,Arões,Agualva,11901,40.829167,-8.242222,190786.0,428914.0,dms_recuperado,1429.0,714.0,715.0,0.0,Florestal,630.0,Desconhecida,0,1,0,0,3.82
BL1101410,34534.0,2010,8,13,2010-08-13,13:15:00,2010-08-16,20:00:00,2010-08-13,13:37:00,Viseu,Mangualde,Abrunhosa-a-Velha,ABRUNHOSA A VELHA,180601,40.551389,-7.918333,218185.0,398102.0,dms_recuperado,1104.6,34.0,1070.6,0.0,Florestal,448.0,Intencional,0,1,0,0,78.75
TM110872,16120.0,2010,8,13,2010-08-13,21:52:00,2010-08-16,00:53:00,2010-08-13,22:30:00,Vila Real,Boticas,Dornelas,Gestosa,170210,41.663611,-7.835278,224788.0,521654.0,dms_recuperado,209.5,0.0,209.5,0.0,Florestal,125.0,Negligente,0,1,0,0,51.02
DM3101744,13240.0,2010,8,13,2010-08-13,20:24:00,2010-08-14,16:45:00,2010-08-13,21:20:00,Viana do Castelo,Ponte de Lima,Refóios do Lima,VACARIÇA - REFOIOS DE LIMA (Vacariça),160737,41.825,-8.531389,166896.0,539614.0,dms_recuperado,162.8,12.8,150.0,0.0,Florestal,125.0,Negligente,0,1,0,0,20.35
TM110856,16062.0,2010,8,13,2010-08-13,11:39:00,2010-08-15,20:00:00,2010-08-13,11:57:00,Vila Real,Alijó,Amieiro,CHÃS E CHÃO DA CUNHA,170102,41.278056,-7.394722,261745.0,479212.0,dms_recuperado,139.0,98.0,41.0,0.0,Florestal,448.0,Intencional,0,1,0,0,56.35
DM2104697,103420.0,2010,8,13,2010-08-13,17:31:00,2010-08-15,04:30:00,2010-08-13,17:36:00,Porto,Trofa,Covelas,Igreja,131806,41.257222,-8.495833,169587.0,476521.0,dms_recuperado,132.84,132.84,0.0,0.0,Florestal,60.0,Desconhecida,0,1,0,0,34.98
TM210293,12233.0,2010,8,13,2010-08-13,15:53:00,2010-08-14,23:30:00,2010-08-13,16:13:00,Bragança,Torre de Moncorvo,Felgueiras,Serra do Reboredo- Felgueiras,40908,41.153611,-7.012778,294028.0,465554.0,dms_recuperado,132.7,21.8,107.9,3.0,Florestal,448.0,Intencional,0,1,0,0,31.62
DM3101709,13167.0,2010,8,13,2010-08-13,01:31:00,2010-08-13,17:20:00,2010-08-13,01:44:00,Viana do Castelo,Valença,Sanfins,EIRAS - SANFINS (Barreiras),160810,42.044722,-8.581111,162899.0,564031.0,dms_recuperado,100.1,33.0,67.1,0.0,Florestal,125.0,Negligente,0,1,0,0,15.82
DM4101869,48339.0,2010,8,14,2010-08-14,19:10:00,2010-08-16,00:35:00,2010-08-14,19:25:00,Braga,Fafe,Serafão,LIJÓ (SERAFÃO) (Alijó),30732,41.455278,-8.231944,191734.0,498460.0,dms_recuperado,114.0,24.0,90.0,0.0,Florestal,630.0,Desconhecida,0,1,0,0,29.42
DM3101778,13307.0,2010,8,14,2010-08-14,13:58:00,2010-08-15,02:00:00,2010-08-14,14:00:00,Viana do Castelo,Valença,Fontoura,OUTEIRO - FONTOURA (Outeiro),160805,42.016667,-8.654167,156829.0,560953.0,dms_recuperado,100.5,60.0,40.5,0.0,Florestal,236.0,Negligente,1,1,0,0,12.03
DM3101773,13294.0,2010,8,14,2010-08-14,11:51:00,2010-08-14,18:22:00,2010-08-14,12:00:00,Viana do Castelo,Arcos de Valdevez,Miranda,IGREJA - MIRANDA (Igreja),160121,41.810833,-8.505,169079.0,538018.0,dms_recuperado,100.0,22.0,78.0,0.0,Florestal,448.0,Intencional,1,1,0,0,6.52
BL1101519,35045.0,2010,8,15,2010-08-15,17:51:00,2010-08-19,19:00:00,2010-08-15,18:05:00,Viseu,Castro Daire,Moledo,MOLEDO,180313,40.829167,-7.870833,222107.0,428941.0,dms_recuperado,1390.0,790.0,600.0,0.0,Florestal,448.0,Intencional,0,1,0,0,97.15
DM3101847,13456.0,2010,8,15,2010-08-15,22:31:00,2010-08-19,02:18:00,2010-08-16,01:40:00,Viana do Castelo,Ponte de Lima,Estorãos,CERQUIDO - ESTORÃOS (Cerquido),160717,41.806389,-8.676667,154830.0,537602.0,dms_recuperado,1359.325,1159.325,200.0,0.0,Florestal,448.0,Intencional,0,1,0,0,75.78
DM3101831,13424.0,2010,8,15,2010-08-15,16:47:00,2010-08-15,19:38:00,2009-08-24,15:25:00,Viana do Castelo,Arcos de Valdevez,Carralcova,CARRALCOVA,160107,41.892222,-8.359722,181187.0,547020.0,dms_recuperado,482.0,0.0,482.0,0.0,Florestal,125.0,Negligente,0,1,0,0,2.85
DM3101827,13419.0,2010,8,15,2010-08-15,16:21:00,2010-08-17,14:42:00,2010-08-15,16:35:00,Viana do Castelo,Viana do Castelo,Outeiro,PONTE SAIM - OUTEIRO (Azenha da Ponte),160925,41.615,-8.778056,146246.0,516404.0,dms_recuperado,481.416,481.416,0.0,0.0,Florestal,448.0,Intencional,0,1,0,0,46.35
DM2105112,104988.0,2010,8,16,2010-08-16,06:55:00,2010-08-18,00:47:00,2010-08-16,07:45:00,Porto,Santo Tirso,Agrela,LG DA PEDRADA (SANTO TIRSO),131401,41.345833,-8.475,171365.0,486364.0,dms_recuperado,521.0,451.0,70.0,0.0,Florestal,610.0,Desconhecida,0,1,0,0,41.87
TM110946,16404.0,2010,8,16,2010-08-16,17:49:00,2010-08-17,02:45:00,2010-08-16,17:57:00,Vila Real,Vila Pouca de Aguiar,Telões,Tourencinho,171311,41.423056,-7.675556,238248.0,494984.0,dms_recuperado,445.0,27.0,418.0,0.0,Florestal,610.0,Desconhecida,1,1,0,0,8.93
TM110950,16417.0,2010,8,16,2010-08-16,20:53:00,2010-08-18,19:55:00,2010-08-16,21:15:00,Vila Real,Valpaços,Sonim,SONIM,171225,41.726944,-7.211389,276686.0,529025.0,dms_recuperado,270.0,80.0,190.0,0.0,Florestal,125.0,Negligente,0,1,0,0,47.03
BI110466,14771.0,2010,8,16,2010-08-16,01:47:00,2010-08-18,09:35:00,2010-08-16,01:55:00,Guarda,Gouveia,Nabais,Pai Moço,90611,40.509167,-7.550278,249290.0,393724.0,dms_recuperado,260.0,80.0,180.0,0.0,Florestal,125.0,Negligente,0,1,0,0,55.8
DM4101973,48824.0,2010,8,16,2010-08-16,12:03:00,2010-08-16,23:05:00,2010-08-16,12:18:00,Braga,Fafe,Moreira do Rei,BARBOSA (MOREIRA DO REI)M7 (Barbosa),30718,41.476111,-8.100833,202679.0,500758.0,dms_recuperado,187.724,2.0,185.724,0.0,Florestal,630.0,Desconhecida,0,1,0,0,11.03
DM4101977,48835.0,2010,8,16,2010-08-16,12:39:00,2010-08-17,04:30:00,2010-08-16,13:00:00,Braga,Fafe,Fareja,S. MARTINHO (FAREJA)M1 (São Martinho),30710,41.416111,-8.156667,198010.0,494096.0,dms_recuperado,143.0,128.4,14.6,0.0,Florestal,630.0,Desconhecida,0,1,0,0,15.85
DM4101967,48785.0,2010,8,16,2010-08-16,09:40:00,2010-08-17,03:55:00,2010-08-16,09:55:00,Braga,Celorico de Basto,Rego,VILA BOA (REGO)M5 (Vila Boa),30517,41.423611,-8.087778,203780.0,494942.0,dms_recuperado,120.0,120.0,0.0,0.0,Florestal,630.0,Desconhecida,0,1,0,0,18.25
BL1101536,35199.0,2010,8,16,2010-08-16,12:45:00,2010-08-17,00:30:00,2010-08-16,12:55:00,Viseu,Lamego,Magueija,Vila Lobos,180512,41.055556,-7.881111,221171.0,454088.0,dms_recuperado,118.0,0.0,118.0,0.0,Queimada,125.0,Negligente,0,0,0,1,11.75
DM3101890,13558.0,2010,8,16,2010-08-16,22:39:00,2010-08-17,11:04:00,2010-08-16,22:50:00,Viana do Castelo,Arcos de Valdevez,Rio Frio,GONDIÃO - RIO FRIO (Gondião),160130,41.87,-8.4725,171814.0,544584.0,dms_recuperado,105.0,0.0,105.0,0.0,Florestal,448.0,Intencional,1,1,0,0,12.42
BI110489,15065.0,2010,8,19,2010-08-19,15:48:00,2010-08-19,23:50:00,2010-08-19,15:57:00,Guarda,Figueira de Castelo Rodrigo,Figueira de Castelo Rodrigo,Alto de Cabecinho,90408,40.921944,-6.979722,297058.0,440029.0,dms_recuperado,1576.0,23.5,464.0,1088.5,Florestal,4.0,Intencional,0,1,0,0,8.03
DM4102106,49536.0,2010,8,19,2010-08-19,09:22:00,2010-08-19,12:00:00,2010-08-19,09:40:00,Braga,Terras de Bouro,Vilar da Veiga,L. CONHO (VILAR DA VEIGA) PNPG-M2 (CAMPO DO GERÊS),31017,41.759167,-8.198611,194550.0,532204.0,dms_recuperado,671.0,22.0,649.0,0.0,Florestal,4.0,Intencional,0,1,0,0,2.63
TM1101011,16695.0,2010,8,19,2010-08-19,12:28:00,2010-08-20,20:37:00,2010-08-19,12:47:00,Vila Real,Alijó,Vila Verde,freixo,170117,41.363889,-7.550278,248757.0,488456.0,dms_recuperado,207.0,1.0,205.5,0.5,Florestal,448.0,Intencional,0,1,0,0,32.15
DM3102061,14050.0,2010,8,22,2010-08-22,06:11:00,2010-08-22,10:40:00,2010-08-22,06:40:00,Viana do Castelo,Arcos de Valdevez,Padroso,FONTE DA QUEIMADA,160125,41.957778,-8.251944,190133.0,554292.0,dms_recuperado,146.0,10.0,136.0,0.0,Florestal,448.0,Intencional,1,1,0,0,4.48
DM3102066,14080.0,2010,8,22,2010-08-22,13:22:00,2010-08-22,17:15:00,2010-08-22,13:24:00,Viana do Castelo,Arcos de Valdevez,Padroso,COSTA DA QUEBRADA,160125,41.938056,-8.496667,169840.0,552150.0,dms_recuperado,134.0,0.0,134.0,0.0,Florestal,448.0,Intencional,1,1,0,0,3.88
BI110546,15605.0,2010,8,26,2010-08-26,14:24:00,2010-08-30,15:09:00,2010-08-26,14:38:00,Guarda,Guarda,Marmeleiro,Moinho do Fontes,90724,40.461944,-7.078889,289316.0,388870.0,dms_recuperado,4457.0,775.0,2646.0,1036.0,Florestal,125.0,Negligente,0,1,0,0,96.75
BI110550,15619.0,2010,8,26,2010-08-26,18:09:00,2010-08-27,04:10:00,2010-08-26,18:15:00,Guarda,Almeida,Malpartida,Pinhal do Machado,90214,40.769444,-6.849167,308296.0,423273.0,dms_recuperado,135.0,106.0,5.0,24.0,Florestal,311.0,Intencional,0,1,0,0,10.02
BI110571,15779.0,2010,8,28,2010-08-28,16:33:00,2010-08-31,00:20:00,2010-08-28,16:41:00,Guarda,Guarda,Benespera,Quinta do Rebolal,90709,40.441111,-7.2575,274189.0,386387.0,dms_recuperado,954.5,6.97,943.53,4.0,Florestal,448.0,Intencional,1,1,0,0,55.78
TM1101162,17584.0,2010,8,28,2010-08-28,19:00:00,2010-08-30,03:00:00,2010-08-28,19:17:00,Vila Real,Chaves,Seara Velha,SEARA VELHA,170335,41.765278,-7.560278,247633.0,533046.0,dms_recuperado,722.7,109.0,613.7,0.0,Florestal,448.0,Intencional,0,1,0,0,32.0
DM3102127,14519.0,2010,8,28,2010-08-28,15:30:00,2010-08-31,02:14:00,2010-08-28,15:44:00,Viana do Castelo,Monção,Podame,GIESTEIRA,160422,42.027778,-8.377222,179764.0,562063.0,dms_recuperado,510.5,440.5,70.0,0.0,Florestal,236.0,Negligente,1,1,0,0,58.73
BI210428,34765.0,2010,8,28,2010-08-28,16:40:00,2010-08-29,22:45:00,2010-08-28,16:48:00,Castelo Branco,Penamacor,Penamacor,VRecat do José Mendes - EN233,50710,40.283889,-7.119444,286193.0,368863.0,dms_recuperado,136.8901,40.1826,92.728,3.9795,Florestal,449.0,Intencional,0,1,0,0,30.08
TM1101167,17600.0,2010,8,29,2010-08-29,03:16:00,2010-08-30,11:00:00,2010-08-29,03:30:00,Vila Real,Sabrosa,São Lourenço de Ribapinhão,"SENHORA DA SAÚDE, GARGANTA, SÃO MARTINHO DE ANTA",171011,41.310833,-7.579444,246364.0,482563.0,dms_recuperado,897.0,184.0,713.0,0.0,Florestal,,,0,1,0,0,31.73
BL410580,37010.0,2010,8,29,2010-08-29,15:02:00,2010-02-09,16:50:00,2010-08-29,15:13:00,Leiria,Alvaiázere,Almoster,Ponte Nova,100201,39.823056,-8.470278,171127.0,317246.0,dms_recuperado,630.625,192.0,438.625,0.0,Florestal,448.0,Intencional,0,1,0,0,
TM1101180,17634.0,2010,8,29,2010-08-29,15:52:00,2010-01-09,17:30:00,2010-08-29,16:02:00,Vila Real,Vila Pouca de Aguiar,Capeludos,USSEIRAS - FREIXEDA,171305,41.611944,-7.619444,242798.0,515986.0,dms_recuperado,268.0,268.0,0.0,0.0,Florestal,448.0,Intencional,0,1,0,0,
TM1101189,17657.0,2010,8,29,2010-08-29,21:10:00,2010-08-30,08:25:00,2010-08-29,21:20:00,Vila Real,Chaves,Vilela Seca,LAMA GRANDE,170348,41.826111,-7.47,255083.0,539845.0,dms_recuperado,176.3,78.5,95.8,2.0,Florestal,121.0,Negligente,0,1,0,0,11.25
BL210784,32270.0,2010,8,29,2010-08-29,16:18:00,2010-08-31,09:30:00,2010-08-29,16:25:00,Coimbra,Penela,Penela (são Miguel),Chainça,61406,40.0425,-8.419444,175558.0,341607.0,dms_recuperado,125.0,22.0,98.0,5.0,Florestal,448.0,Intencional,0,1,0,0,41.2
BI110577,15814.0,2010,8,29,2010-08-29,04:31:00,2010-08-30,21:48:00,2010-08-29,04:50:00,Guarda,Sabugal,Sortelha,Quarta Feira,91133,40.357778,-7.189722,280123.0,377006.0,dms_recuperado,110.0,25.0,10.0,75.0,Florestal,4.0,Intencional,0,1,0,0,41.28
TM1101225,17766.0,2010,8,30,2010-08-30,23:14:00,2010-08-31,17:56:00,2010-08-30,23:30:00,Vila Real,Ribeira de Pena,Canedo,PRESA DOS FERRANCHOS - ALIJÓ,170902,41.621389,-7.732222,233407.0,516975.0,dms_recuperado,4269.0,3350.0,669.0,250.0,Florestal,448.0,Intencional,0,1,0,0,18.7
DM2106025,112178.0,2010,8,30,2010-08-30,23:23:00,2010-01-09,08:40:00,2010-08-30,23:33:00,Porto,Baião,Campelo,Tapada,130202,41.173611,-7.966111,214004.0,467180.0,dms_recuperado,639.0,28.0,611.0,0.0,Florestal,6.0,Desconhecida,0,1,0,0,
DM2105979,111960.0,2010,8,30,2010-08-30,15:26:00,2010-08-31,03:24:00,2010-08-30,15:40:00,Porto,Amarante,Canadelo,SABUGUEIRO E VOLTAS EM CAMPANHÓ,130106,41.301111,-8.030833,208559.0,481347.0,dms_recuperado,441.0,65.0,376.0,0.0,Florestal,125.0,Negligente,0,1,0,0,11.97
DM2105974,111930.0,2010,8,30,2010-08-30,14:30:00,2010-01-09,20:32:00,2010-08-30,14:35:00,Porto,Valongo,Alfena,Lombelho,131501,41.234722,-8.519167,167622.0,474028.0,dms_recuperado,342.24,125.41,216.83,0.0,Florestal,610.0,Desconhecida,0,1,0,0,
TM1101197,17673.0,2010,8,30,2010-08-30,02:25:00,2010-08-31,01:50:00,2010-08-30,02:45:00,Vila Real,Vila Pouca de Aguiar,Vreia de Jales,FONTE FRIA - QUINTÃ,171316,41.418889,-7.593889,245064.0,494544.0,dms_recuperado,200.0,0.0,200.0,0.0,Florestal,630.0,Desconhecida,1,1,0,0,23.42
BL1101964,38018.0,2010,8,31,2010-08-31,17:09:00,2010-09-01,23:35:00,2010-08-31,18:15:00,Viseu,Cinfães,Ramires,RAMIRES,180411,41.051667,-8.006389,210646.0,453634.0,dms_recuperado,723.0,7.0,716.0,0.0,Florestal,51.0,Natural,0,1,0,0,30.43
TM1101228,17774.0,2010,8,31,2010-08-31,04:04:00,2010-01-09,19:00:00,2010-08-31,05:00:00,Vila Real,Mondim de Basto,Ermelo,FISGAS,170504,41.378333,-7.868889,222101.0,489938.0,dms_recuperado,303.37,303.37,0.0,0.0,Florestal,125.0,Negligente,1,1,0,0,
BL3103193,52621.0,2010,8,31,2010-08-31,15:23:00,2010-02-09,01:50:00,2010-08-31,16:00:00,Aveiro,Arouca,Covelo de Paivó,Drave,10408,40.861111,-8.116944,201350.0,432458.0,dms_recuperado,260.0,0.0,260.0,0.0,Florestal,51.0,Natural,0,1,0,0,
BL1101933,37866.0,2010,8,31,2010-08-31,03:38:00,2010-08-31,11:50:00,2010-08-31,04:10:00,Viseu,Lamego,Magueija,Moita,180512,41.044722,-7.876944,221520.0,452882.0,dms_recuperado,114.0,30.5,83.5,0.0,Florestal,448.0,Intencional,0,1,0,0,8.2
TM1101296,18128.0,2010,9,4,2010-09-04,13:15:00,2010-09-05,19:00:00,2010-09-04,13:40:00,Vila Real,Valpaços,Santiago Da Ribeira De Alhariz,POULO GRANDE - VILA NOVA,171221,41.613056,-7.400556,260951.0,516411.0,dms_recuperado,262.0,55.0,207.0,0.0,Florestal,125.0,Negligente,0,1,0,0,29.75
BI110663,16789.0,2010,9,12,2010-09-12,11:37:00,2010-09-12,17:31:00,2010-09-12,11:47:00,Guarda,Figueira de Castelo Rodrigo,Vilar de Amargo,Pontinha - Ribeira de Lumbrales,90416,40.9525,-6.981389,296862.0,443442.0,dms_recuperado,467.0,48.0,300.0,119.0,Florestal,125.0,Negligente,0,1,0,0,5.9
BI110664,16792.0,2010,9,12,2010-09-12,12:47:00,2010-09-12,14:52:00,2009-08-24,23:55:00,Guarda,Figueira de Castelo Rodrigo,Vilar de Amargo,Retorta - Ribª de Aguiar,90416,40.957222,-6.983611,296677.0,443970.0,dms_recuperado,197.0,20.0,100.0,77.0,Florestal,125.0,Negligente,1,1,0,0,2.08
BL1102144,39860.0,2010,9,12,2010-09-12,19:47:00,2010-09-14,01:45:00,2010-09-12,20:08:00,Viseu,Vouzela,Alcofra,Couto,182401,40.644444,-8.161667,197564.0,408421.0,dms_recuperado,127.0,6.0,121.0,0.0,Florestal,125.0,Negligente,0,1,0,0,29.97
BL1102149,39885.0,2010,9,12,2010-09-12,22:38:00,2010-09-13,19:40:00,2010-09-12,22:50:00,Viseu,Tondela,Silvares,Suburbios de Silvares,182121,40.624722,-8.093611,203331.0,406207.0,dms_recuperado,119.26,3.3,115.96,0.0,Florestal,449.0,Intencional,0,1,0,0,21.03
TM1101366,18716.0,2010,9,12,2010-09-12,21:17:00,2010-09-14,20:00:00,2010-09-12,21:30:00,Vila Real,Vila Real,Lamares,RIBEIRINHO - Gache,171412,41.316111,-7.643333,240995.0,483123.0,dms_recuperado,112.0,62.0,50.0,0.0,Florestal,125.0,Negligente,0,1,0,0,46.72
TM1101383,18835.0,2010,9,14,2010-09-14,12:15:00,2010-09-15,05:00:00,2010-09-14,12:29:00,Vila Real,Montalegre,Santo André,CORGO LONO,170627,41.849722,-7.704444,235584.0,542360.0,dms_recuperado,108.0,0.0,108.0,0.0,Florestal,125.0,Negligente,0,1,0,0,16.75
BL1102474,42863.0,2010,10,1,2010-10-01,13:12:00,2010-10-02,02:48:00,2010-10-01,13:23:00,Viseu,Castro Daire,Ermida,Codeçais,180306,40.854444,-7.848611,223989.0,431768.0,dms_recuperado,110.0,0.0,110.0,0.0,Florestal,125.0,Negligente,0,1,0,0,13.6
BL1102503,43053.0,2010,10,2,2010-10-02,14:29:00,2010-10-03,04:20:00,2010-10-02,15:00:00,Viseu,Castro Daire,Mezio,MEZIO (GOSENDE),180311,41.008333,-7.906111,219079.0,448833.0,dms_recuperado,300.0,0.0,300.0,0.0,Florestal,125.0,Negligente,0,1,0,0,13.85
BL1102499,43044.0,2010,10,2,2010-10-02,13:31:00,2010-10-03,03:25:00,2010-10-02,13:40:00,Viseu,Castro Daire,São Joaninho,Rio Mau,180322,40.915278,-7.84,224575.0,438717.0,dms_recuperado,230.0,20.0,210.0,0.0,Florestal,125.0,Negligente,0,1,0,0,13.9
BI110817,18555.0,2010,10,7,2010-10-07,23:18:00,2010-10-08,07:24:00,2010-10-07,23:40:00,Guarda,Pinhel,Vascoveiro,Bofeira,91027,40.715833,-7.035278,292647.0,417110.0,dms_recuperado,123.0,0.0,100.0,23.0,Florestal,125.0,Negligente,0,1,0,0,8.1
BI110977,19805.0,2010,10,27,2010-10-27,12:34:00,2010-10-28,23:55:00,2010-10-27,12:54:00,Guarda,Sabugal,Bendada,Tapada Cerdeira,91110,40.399722,-7.245,275296.0,381775.0,dms_recuperado,284.0,5.35,40.0,238.65,Florestal,125.0,Negligente,0,1,0,0,35.35
BI110988,19836.0,2010,10,27,2010-10-27,16:00:00,2010-10-28,01:50:00,2010-10-27,16:20:00,Guarda,Celorico da Beira,Rapa,Moita Boieira,90313,40.5725,-7.349444,266252.0,400895.0,dms_recuperado,105.0,12.0,93.0,0.0,Florestal,124.0,Negligente,0,1,0,0,9.83
BI1101045,19957.0,2010,10,28,2010-10-28,20:08:00,2010-10-29,10:18:00,2010-10-28,20:15:00,Guarda,Celorico da Beira,Cadafaz,Lenteiro Furado,90303,40.5775,-7.391944,262633.0,401410.0,dms_recuperado,380.0,13.5,366.5,0.0,Florestal,311.0,Intencional,0,1,0,0,14.17
BI1101042,19953.0,2010,10,28,2010-10-28,19:30:00,2010-10-29,11:10:00,2010-10-28,19:30:00,Guarda,Gouveia,Aldeias,DUAS PONTES(pnse) (Duas Pontes),90601,40.449722,-7.586111,246381.0,386928.0,dms_recuperado,105.0,15.0,90.0,0.0,Florestal,630.0,Desconhecida,0,1,0,0,15.67
BL1112,2495.0,2011,1,22,2011-01-22,08:55:00,2011-01-22,17:00:00,2011-01-22,09:15:00,Viseu,São Pedro do Sul,Covas do Rio,S.MACÁRIO (SÃO MACÁRIO),181605,40.875556,-8.060556,206102.0,434064.0,dms_recuperado,140.0,5.0,135.0,0.0,Florestal,630.0,Desconhecida,0,1,0,0,8.08
DM3117,1227.0,2011,1,24,2011-01-24,14:27:00,2011-01-24,21:00:00,2011-01-24,14:27:00,Viana do Castelo,Melgaço,Gave,Covelo,160308,42.045,-8.295,186586.0,563982.0,dms_recuperado,181.6,0.0,181.6,0.0,Queimada,125.0,Negligente,0,0,0,1,6.55
BI11126,2011.0,2011,2,6,2011-02-06,10:08:00,2011-02-07,19:59:00,2011-02-06,10:25:00,Guarda,Gouveia,Gouveia (são Pedro),Casal da Esbogalhada,90618,40.463056,-7.529722,251076.0,388604.0,dms_recuperado,314.0,0.0,314.0,0.0,Florestal,630.0,Desconhecida,0,1,0,0,33.85
DM411276,13433.0,2011,3,10,2011-03-10,21:53:00,2011-03-10,23:45:00,2011-03-10,22:15:00,Braga,Cabeceiras De Basto,Cabeceiras De Basto,BUSTELIBERNE (CABECEIRAS) (Busteliberne),30406,41.581667,-7.996667,211364.0,512501.0,dms_recuperado,119.0,1.0,118.0,0.0,Florestal,311.0,Intencional,0,1,0,0,1.87
DM211363,32552.0,2011,3,21,2011-03-21,07:50:00,2011-03-21,18:00:00,2011-03-21,09:30:00,Porto,Baião,Teixeira,CHORIDA,130216,41.233611,-7.911389,218577.0,473848.0,dms_recuperado,139.0,3.0,136.0,0.0,Florestal,125.0,Negligente,0,1,0,0,10.17
DM311325,5043.0,2011,4,6,2011-04-06,14:47:00,2011-04-07,00:43:00,2011-04-06,14:49:00,Viana Do Castelo,Melgaço,Castro Laboreiro,BARREIRO - P.N.P.G (Barreiro),160302,42.01,-8.171667,196808.0,560082.0,dms_recuperado,233.49,0.0,233.49,0.0,Queimada,125.0,Negligente,0,0,0,1,9.93
BL411116,13177.0,2011,4,6,2011-04-06,15:24:00,2011-04-07,22:30:00,2011-04-06,15:30:00,Leiria,Figueiró Dos Vinhos,Campelo,"EN 347 Km 65,850 - ALGE",100803,40.021389,-8.261111,189057.0,339226.0,dms_recuperado,168.75,84.5,84.25,0.0,Florestal,610.0,Desconhecida,0,1,0,0,31.1
DM311344,5133.0,2011,4,7,2011-04-07,23:42:00,2011-04-08,03:25:00,2011-04-08,00:00:00,Viana Do Castelo,Melgaço,Lamas De Mouro,PORTAS DE LAMAS -P.N.P.G (Portas de Paradela),160309,42.140278,-8.198333,194608.0,574532.0,dms_recuperado,143.21,0.0,143.21,0.0,Queimada,125.0,Negligente,0,0,0,1,3.72
TM111398,6267.0,2011,4,14,2011-04-14,15:50:00,2011-04-14,20:40:00,2011-04-14,16:40:00,Vila Real,Vila Pouca De Aguiar,Telões,PARIDEIROS - Tourencinho,171311,41.423056,-7.675556,238248.0,494984.0,dms_recuperado,108.0,4.0,104.0,0.0,Florestal,126.0,Negligente,0,1,0,0,4.83
BI111211,6325.0,2011,4,18,2011-04-18,12:30:00,2011-04-19,03:20:00,2011-04-18,12:30:00,Guarda,Gouveia,Folgosinho,Quinta do Pedriqueiro,90605,40.474167,-7.4975,253800.0,389857.0,dms_recuperado,235.0,124.0,111.0,0.0,Florestal,125.0,Negligente,0,1,0,0,14.83
TM111571,10336.0,2011,6,21,2011-06-21,10:56:00,2011-06-24,19:25:00,2011-06-21,11:03:00,Vila Real,Boticas,Dornelas,LAPA / Casal,170210,41.635,-7.887222,220486.0,518438.0,dms_recuperado,227.0,217.0,10.0,0.0,Florestal,449.0,Intencional,0,1,0,0,80.48
TM211159,8311.0,2011,6,21,2011-06-21,13:13:00,2011-06-22,01:55:00,2011-06-21,13:27:00,Bragança,Torre de Moncorvo,Peredo dos Castelhanos,PEREDO DOS CASTELHANOS,40914,41.108611,-7.075278,288846.0,460484.0,dms_recuperado,114.0,4.2,109.8,0.0,Florestal,121.0,Negligente,0,1,0,0,12.7
DM3111091,9607.0,2011,6,28,2011-06-28,22:51:00,2011-06-30,01:19:00,2011-06-28,23:05:00,Viana do Castelo,Valença,Fontoura,AZEVINHEIRA,160805,42.043333,-8.591389,162045.0,563873.0,dms_recuperado,107.0,82.0,25.0,0.0,Florestal,630.0,Desconhecida,1,1,0,0,26.47
DM3111096,9613.0,2011,6,28,2011-06-28,23:57:00,2011-06-29,18:00:00,2011-06-29,00:16:00,Viana do Castelo,Valença,Taião,Felgueira,160814,42.043333,-8.591389,162045.0,563873.0,dms_recuperado,105.0,4.0,101.0,0.0,Florestal,448.0,Intencional,0,1,0,0,18.05
DM3111073,9576.0,2011,6,28,2011-06-28,16:32:00,2011-06-29,23:30:00,2011-06-28,16:45:00,Viana do Castelo,Paredes de Coura,Cossourado,COSTA - COSSOURADO (Costa),160504,41.906389,-8.546944,165648.0,548633.0,dms_recuperado,104.0,100.0,4.0,0.0,Florestal,444.0,Intencional,1,1,0,0,30.97
BL111698,24026.0,2011,7,15,2011-07-15,13:36:00,2011-07-16,02:00:00,2011-07-15,13:45:00,Viseu,Resende,Barrô,Seara,181302,41.111111,-7.881111,222290.0,461801.0,divergente_>1km,108.0,0.0,108.0,0.0,Florestal,448.0,Intencional,0,1,0,0,12.4
BI211159,26501.0,2011,7,19,2011-07-19,13:41:00,2011-07-21,10:20:00,2011-07-19,13:53:00,Castelo Branco,Idanha-a-Nova,Oledo,Fontanheira,50509,39.969722,-7.298889,271256.0,333829.0,dms_recuperado,1968.7916,462.8488,1105.1981,400.7447,Florestal,224.0,Negligente,0,1,0,0,44.65
BI211160,26514.0,2011,7,19,2011-07-19,15:22:00,2011-07-21,03:00:00,2011-07-19,15:34:00,Castelo Branco,Castelo Branco,Salgueiro do Campo,Barrova do Inferno - Palvarinho,50220,39.8725,-7.572778,247931.0,322844.0,dms_recuperado,541.0,335.0,155.0,51.0,Florestal,222.0,Negligente,0,1,0,0,35.63
DM3111443,11020.0,2011,7,23,2011-07-23,10:07:00,2011-07-28,21:45:00,2011-07-23,10:20:00,Viana do Castelo,Monção,Pias,Alderiz,160420,42.027778,-8.515833,168294.0,562112.0,dms_recuperado,334.0,299.0,35.0,0.0,Florestal,630.0,Desconhecida,1,1,0,0,131.63
DM3111482,11104.0,2011,7,24,2011-07-24,11:54:00,2011-07-27,03:55:00,2011-07-24,12:00:00,Viana do Castelo,Monção,Merufe,Cernadas,160415,42.005278,-8.392222,178515.0,559565.0,dms_recuperado,130.0,4.0,126.0,0.0,Florestal,125.0,Negligente,0,1,0,0,64.02
DM4111791,40325.0,2011,7,25,2011-07-25,18:54:00,2011-02-08,17:15:00,2011-07-25,19:10:00,Braga,Braga,Pedralva,CODEÇAL (PEDRALVA) M1 (Codeçosa),30334,41.556111,-8.321111,184306.0,509679.0,dms_recuperado,316.3,135.0,177.3,4.0,Florestal,449.0,Intencional,0,1,0,0,
BI211202,27266.0,2011,7,25,2011-07-25,15:10:00,2011-07-27,23:28:00,2011-07-25,15:18:00,Castelo Branco,Oleiros,Isna,Tojais,50605,39.842222,-7.860556,223325.0,319355.0,dms_recuperado,269.855,254.855,15.0,0.0,Florestal,211.0,Negligente,0,1,0,0,56.3
TM211295,10492.0,2011,7,26,2011-07-26,12:00:00,2011-07-29,23:30:00,2011-07-26,12:13:00,Bragança,Torre de Moncorvo,Carviçais,Quinta da Nogueirinha,40905,41.168333,-6.944722,299727.0,467284.0,dms_recuperado,1476.45,12.2,1464.25,0.0,Florestal,125.0,Negligente,0,1,0,0,83.5
DM4111828,40583.0,2011,7,26,2011-07-26,21:32:00,2011-07-30,02:55:00,2011-07-26,21:40:00,Braga,Vieira do Minho,Ruivães,FRADES (RUIVÃES) M5 (Frades),31114,41.694722,-8.036111,208058.0,525066.0,dms_recuperado,633.6,160.0,465.6,8.0,Florestal,125.0,Negligente,0,1,0,0,77.38
BL111885,25751.0,2011,7,27,2011-07-27,12:39:00,2011-07-29,08:40:00,2011-07-27,12:50:00,Viseu,Sernancelhe,Sarzeda,SARZEDA,181815,40.9075,-7.460833,256634.0,437827.0,dms_recuperado,609.79,363.59,246.2,0.0,Florestal,448.0,Intencional,0,1,0,0,44.02
DM4111852,40679.0,2011,7,27,2011-07-27,12:13:00,2011-04-08,00:45:00,2011-07-27,12:30:00,Braga,Celorico de Basto,Fervença,PARADELA (FERVENÇA)M3 (Paradela),30510,41.3375,-8.084722,204045.0,485381.0,dms_recuperado,132.8,126.8,4.5,1.5,Florestal,38.0,Intencional,1,1,0,0,
DM4111850,40668.0,2011,7,27,2011-07-27,11:15:00,2011-07-29,14:25:00,2011-07-27,11:19:00,Braga,Guimarães,Brito,RUA JOÃO PAULO II (BRITO) M3 (CASTELÕES),30807,41.554167,-8.2025,194201.0,509450.0,dms_recuperado,127.0,87.0,40.0,0.0,Florestal,449.0,Intencional,0,1,0,0,51.17
DM4111896,40763.0,2011,7,27,2011-07-27,18:15:00,2011-01-08,16:15:00,2011-07-27,18:22:00,Braga,Braga,Morreira,EN 101 (MORREIRA) M6 (EN 101),30326,41.536389,-8.423333,175774.0,507503.0,dms_recuperado,125.0,118.0,6.0,1.0,Florestal,334.0,Intencional,0,1,0,0,
BL111906,25859.0,2011,7,28,2011-07-28,07:41:00,2011-07-31,20:35:00,2011-07-28,07:56:00,Viseu,Nelas,Senhorim,SAO JOAO DO MONTE (SÃO JOÃO DO MONTE),180905,40.523056,-7.793056,228794.0,394988.0,dms_recuperado,868.0,113.0,755.0,0.0,Florestal,448.0,Intencional,0,1,0,0,84.9
BI111496,12528.0,2011,7,30,2011-07-30,17:07:00,2011-08-31,23:50:00,2011-07-30,17:25:00,Guarda,Trancoso,Cogula,Serra do Coito,91304,40.801667,-7.292778,270799.0,426381.0,dms_recuperado,133.0,30.0,88.0,15.0,Florestal,311.0,Intencional,0,1,0,0,774.72
TM211358,11495.0,2011,8,9,2011-08-09,13:40:00,2011-08-13,20:30:00,2011-08-09,13:40:00,Bragança,Vila FLor,Carvalho de Egas,CARVALHO DE EGAS (Pinheiro),41004,41.280278,-7.198889,278247.0,479432.0,dms_recuperado,184.0,0.0,180.0,4.0,Florestal,448.0,Intencional,0,1,0,0,102.83
BL1111146,28081.0,2011,8,11,2011-08-11,03:55:00,2011-08-13,20:30:00,2011-08-11,04:20:00,Viseu,Mangualde,Abrunhosa-a-Velha,ABRUNHOSA-A-VELHA (Moreira),180601,40.551389,-7.918333,218185.0,398102.0,dms_recuperado,702.0,8.0,694.0,0.0,Florestal,448.0,Intencional,0,1,0,0,64.58
DM2116328,94244.0,2011,8,11,2011-08-11,18:23:00,2011-08-13,20:15:00,2011-08-11,18:35:00,Porto,Baião,Ovil,Outoreça,130211,41.173611,-8.010833,210240.0,467186.0,dms_recuperado,240.0,0.0,240.0,0.0,Florestal,448.0,Intencional,0,1,0,0,49.87
BI111559,13357.0,2011,8,11,2011-08-11,21:01:00,2011-08-13,00:48:00,2011-08-11,21:20:00,Guarda,Figueira de Castelo Rodrigo,Almofala,Rangela - PNDI,90402,40.875,-6.816389,310883.0,435016.0,dms_recuperado,155.0,10.0,129.0,16.0,Florestal,125.0,Negligente,0,1,0,0,27.78
DM2116311,94187.0,2011,8,11,2011-08-11,15:50:00,2011-08-12,20:00:00,2011-08-11,17:10:00,Porto,Baião,Santa Marinha do Zêzere,Casal,130215,41.145278,-7.949444,215398.0,464032.0,dms_recuperado,155.0,6.0,149.0,0.0,Florestal,448.0,Intencional,0,1,0,0,28.17
DM2116250,94043.0,2011,8,11,2011-08-11,11:58:00,2011-08-12,08:20:00,2011-08-11,12:05:00,Porto,Marco de Canaveses,Ariz,ARADOS (Arado),130702,41.106389,-8.23,191844.0,459729.0,dms_recuperado,116.5,101.25,14.5,0.75,Florestal,610.0,Desconhecida,0,1,0,0,20.37
BI111572,13439.0,2011,8,12,2011-08-12,21:03:00,2011-08-14,19:30:00,2011-08-12,21:35:00,Guarda,Figueira de Castelo Rodrigo,Escalhão,Lage do Pinoco,90406,40.975833,-6.918056,302170.0,446084.0,dms_recuperado,427.0,64.1,354.9,8.0,Florestal,125.0,Negligente,0,1,0,0,46.45
TM211383,11697.0,2011,8,12,2011-08-12,02:49:00,2011-08-13,00:05:00,2011-08-12,03:15:00,Bragança,Mirandela,Freixeda,Carvalhal- FRECHAS,40717,41.416111,-7.108611,285653.0,494620.0,dms_recuperado,419.8,231.7,22.0,166.1,Florestal,448.0,Intencional,0,1,0,0,21.27
TM211388,11754.0,2011,8,12,2011-08-12,15:28:00,2011-08-14,21:00:00,2011-08-12,15:45:00,Bragança,Bragança,Gostei,Formil,40218,41.795556,-6.835,307881.0,537061.0,dms_recuperado,228.99,38.1,190.89,0.0,Florestal,60.0,Desconhecida,0,1,0,0,53.53
TM111930,14345.0,2011,8,12,2011-08-12,18:21:00,2011-08-13,21:05:00,2011-08-12,18:40:00,Vila Real,Chaves,Vilarelho da Raia,PICOTOS - Cambedo,170345,41.857778,-7.4925,253190.0,543367.0,dms_recuperado,216.0,0.0,216.0,0.0,Florestal,125.0,Negligente,0,1,0,0,26.73
BI211277,29645.0,2011,8,12,2011-08-12,13:39:00,2011-08-13,22:55:00,2011-08-12,13:48:00,Castelo Branco,Covilhã,Orjais,Soito Redondo,50312,40.34,-7.406389,261730.0,374858.0,dms_recuperado,115.751,0.0,115.751,0.0,Florestal,630.0,Desconhecida,0,1,0,0,33.27
BL1111263,28550.0,2011,8,13,2011-08-13,14:37:00,2011-08-14,01:15:00,2011-08-13,14:55:00,Viseu,Lamego,Lazarim,Antas,180511,41.005,-7.854167,223344.0,448677.0,dms_recuperado,125.0,7.4,117.6,0.0,Florestal,448.0,Intencional,0,1,0,0,10.63
AT111336,16146.0,2011,8,13,2011-08-13,15:04:00,2011-08-14,23:57:00,2011-08-13,15:25:00,Évora,Viana do Alentejo,Alcáçovas,Cova das Minas,71301,38.414444,-8.218611,192426.0,160997.0,dms_recuperado,101.64,101.64,0.0,0.0,Florestal,60.0,Desconhecida,0,1,0,0,32.88
TM211417,12006.0,2011,8,15,2011-08-15,14:55:00,2011-08-18,19:50:00,2011-08-15,15:07:00,Bragança,Torre de Moncorvo,Cabeça Boa,Cabanas de Cima,40903,41.202222,-7.121944,284807.0,470848.0,dms_recuperado,1283.99,0.0,1283.99,0.0,Florestal,125.0,Negligente,0,1,0,0,76.92
TM111980,14650.0,2011,8,15,2011-08-15,20:58:00,2011-08-16,06:00:00,2011-08-15,21:15:00,Vila Real,Valpaços,Santa Maria de Emeres,CABEÇA DO SEIXO - Rendufe,171219,41.534722,-7.399167,261151.0,507733.0,dms_recuperado,292.0,130.0,162.0,0.0,Florestal,125.0,Negligente,0,1,0,0,9.03
TM111995,14721.0,2011,8,16,2011-08-16,10:42:00,2011-08-18,09:55:00,2011-08-16,10:50:00,Vila Real,Valpaços,Santa Maria de Emeres,Rendufe,171219,41.536389,-7.400278,261151.0,507733.0,dms_recuperado,400.0,0.0,400.0,0.0,Florestal,630.0,Desconhecida,0,1,0,0,47.22
BI111614,13848.0,2011,8,17,2011-08-17,23:12:00,2011-08-20,21:15:00,2011-08-17,23:30:00,Guarda,Sabugal,Bendada,Quinta das Galinhas,91110,40.383056,-7.234444,276211.0,379933.0,dms_recuperado,1727.0,103.0,1617.0,7.0,Florestal,125.0,Negligente,0,1,0,0,70.05
BI111609,13837.0,2011,8,17,2011-08-17,21:00:00,2011-08-18,20:48:00,2011-08-17,21:30:00,Guarda,Pinhel,Cidadelhe,Vale da Fogaça,91007,40.936944,-7.123889,284877.0,441551.0,dms_recuperado,260.0,10.0,247.0,3.0,Florestal,125.0,Negligente,0,1,0,0,23.8
BL1111385,29430.0,2011,8,18,2011-08-18,11:29:00,2011-08-21,19:49:00,2011-08-18,11:40:00,Viseu,Moimenta da Beira,Cabaços,CABAÇOS,180706,41.013889,-7.576111,246855.0,449579.0,dms_recuperado,572.0,572.0,0.0,0.0,Florestal,610.0,Desconhecida,0,1,0,0,80.33
TM1111045,15020.0,2011,8,19,2011-08-19,10:25:00,2011-08-21,07:57:00,2011-08-19,10:38:00,Vila Real,Chaves,Calvão,PEDREIRA - CASTELÕES,170306,41.803611,-7.542778,248950.0,537507.0,dms_recuperado,1559.0,27.0,1532.0,0.0,Florestal,311.0,Intencional,0,1,0,0,45.53
TM211462,12378.0,2011,8,19,2011-08-19,12:51:00,2011-08-21,15:10:00,2011-08-19,13:00:00,Bragança,Vila FLor,Vilas Boas,ROIOS,41019,41.346944,-7.195556,278465.0,486860.0,dms_recuperado,415.0,0.0,415.0,0.0,Florestal,312.0,Negligente,0,1,0,0,50.32
BI111620,13939.0,2011,8,19,2011-08-19,10:47:00,2011-08-21,15:03:00,2011-08-19,11:00:00,Guarda,Trancoso,Castanheira,Vale dos Lobos,91303,40.826667,-7.363889,264772.0,429115.0,dms_recuperado,330.0,23.0,294.0,13.0,Florestal,311.0,Intencional,0,1,0,0,52.27
TM211460,12360.0,2011,8,19,2011-08-19,10:02:00,2011-08-19,17:43:00,2011-08-19,10:04:00,Bragança,Vila FLor,Vilas Boas,ROIOS,41019,41.358056,-7.168333,280732.0,488121.0,dms_recuperado,150.0,0.0,150.0,0.0,Florestal,312.0,Negligente,0,1,0,0,7.68
TM211464,12383.0,2011,8,19,2011-08-19,13:40:00,2011-08-21,00:00:00,2011-08-19,13:55:00,Bragança,Torre de Moncorvo,Peredo dos Castelhanos,PEREDO DOS CASTELHANOS,40914,41.108611,-7.075278,288846.0,460484.0,dms_recuperado,110.0,0.0,110.0,0.0,Florestal,448.0,Intencional,1,1,0,0,34.33
BI111643,14065.0,2011,8,20,2011-08-20,23:18:00,2011-08-21,22:00:00,2011-08-20,23:23:00,Guarda,Gouveia,Nabais,Vale da Moira,90611,40.504167,-7.546667,249608.0,393160.0,dms_recuperado,512.0,35.0,441.0,36.0,Florestal,125.0,Negligente,0,1,0,0,22.7
DM2116916,98197.0,2011,8,20,2011-08-20,08:50:00,2011-08-22,19:50:00,2011-08-20,09:00:00,Porto,Penafiel,Lagares,ALTO DAS LAMEIRAS (Alto),131116,41.226667,-8.203611,194073.0,473065.0,dms_recuperado,368.0,0.0,368.0,0.0,Florestal,145.0,Negligente,0,1,0,0,59.0
BL1111469,29878.0,2011,8,20,2011-08-20,21:33:00,2011-08-21,21:28:00,2011-08-20,21:45:00,Viseu,São João da Pesqueira,Paredes da Beira,PAREDES DA BEIRA,181505,41.065278,-7.476111,255215.0,455341.0,dms_recuperado,276.01,16.32,259.69,0.0,Florestal,125.0,Negligente,0,1,0,0,23.92
DM2116921,98269.0,2011,8,20,2011-08-20,11:13:00,2011-08-22,20:25:00,2011-08-20,11:22:00,Porto,Gondomar,Melres,Sobrido,130407,41.073611,-8.422778,175653.0,456108.0,dms_recuperado,225.4,225.4,0.0,0.0,Florestal,610.0,Desconhecida,0,1,0,0,57.2
DM4112409,45626.0,2011,8,20,2011-08-20,01:40:00,2011-08-20,20:00:00,2011-08-20,01:50:00,Braga,Fafe,Moreira do Rei,VILELA (MOREIRA DE REI) M3 (Vilela),30718,41.490278,-8.096389,203046.0,502350.0,dms_recuperado,110.0,1.5,108.5,0.0,Florestal,125.0,Negligente,0,1,0,0,18.33
TM1111087,15211.0,2011,8,21,2011-08-21,11:10:00,2011-08-22,00:30:00,2011-08-21,11:24:00,Vila Real,Valpaços,Nozelos,NOZELOS,171214,41.754167,-7.287778,270286.0,532001.0,dms_recuperado,110.7,20.0,90.7,0.0,Florestal,125.0,Negligente,0,1,0,0,13.33
AT111380,17225.0,2011,8,28,2011-08-28,17:14:00,2011-08-29,21:36:00,2011-08-28,17:35:00,Évora,Portel,Alqueva,MONTE VALE DAS CABRAS (Vale do Ar),70901,38.235556,-7.569444,249246.0,141271.0,dms_recuperado,278.53,278.53,0.0,0.0,Florestal,60.0,Desconhecida,0,1,0,0,28.37
TM1111164,15880.0,2011,8,30,2011-08-30,16:52:00,2011-08-31,13:55:00,2011-08-30,17:04:00,Vila Real,Valpaços,Alvarelhos,Lama de Ouriço,171202,41.701944,-7.339722,266034.0,526144.0,dms_recuperado,180.0,30.0,150.0,0.0,Florestal,125.0,Negligente,0,1,0,0,21.05
TM211527,13136.0,2011,8,30,2011-08-30,18:51:00,2011-08-31,02:50:00,2011-08-30,18:59:00,Bragança,Vimioso,Santulhão,SANTULHÃO (Castelico),41110,41.565,-6.621667,326074.0,511756.0,dms_recuperado,145.2,13.0,130.7,1.5,Florestal,610.0,Desconhecida,0,1,0,0,7.98
TM1111161,15857.0,2011,8,30,2011-08-30,12:59:00,2011-08-30,23:48:00,2011-08-30,13:10:00,Vila Real,Boticas,Boticas,SERRA DO LEIRANCO,170205,41.699722,-7.69,236880.0,525703.0,dms_recuperado,101.0,19.5,81.5,0.0,Florestal,311.0,Intencional,0,1,0,0,10.82
TM1111208,16524.0,2011,9,9,2011-09-09,13:11:00,2011-09-10,22:35:00,2011-09-09,13:20:00,Vila Real,Vila Real,Lamares,RIBEIRINHO - Lamares,171412,41.336667,-7.633611,241799.0,485405.0,dms_recuperado,577.9,268.75,309.15,0.0,Florestal,125.0,Negligente,0,1,0,0,33.4
TM1111206,16520.0,2011,9,9,2011-09-09,12:33:00,2011-09-10,05:00:00,2011-09-09,12:47:00,Vila Real,Vila Pouca de Aguiar,Vreia de Jales,BATOCA - QUINTÃ,171316,41.479444,-7.55,248698.0,501308.0,dms_recuperado,532.0,52.56,479.44,0.0,Florestal,448.0,Intencional,0,1,0,0,16.45
TM211570,13719.0,2011,9,9,2011-09-09,21:41:00,2011-09-10,19:45:00,2011-09-09,22:00:00,Bragança,Alfândega da Fé,Parada,Sardão (Qtª de S. Gonçalo),40108,41.289444,-6.892778,303895.0,480769.0,dms_recuperado,110.1,0.0,110.1,0.0,Florestal,125.0,Negligente,0,1,0,0,22.07
TM211585,13810.0,2011,9,11,2011-09-11,13:41:00,2011-09-12,23:55:00,2011-09-11,13:50:00,Bragança,Vimioso,Algoso,Xaqueda,41101,41.628056,-6.586389,328884.0,518811.0,dms_recuperado,115.44,63.44,52.0,0.0,Florestal,125.0,Negligente,0,1,0,0,34.23
BI111816,15695.0,2011,9,14,2011-09-14,07:55:00,2011-09-15,17:15:00,2011-09-14,08:05:00,Guarda,Fornos de Algodres,Vila Ruiva,Quinta dos Eivados,90515,40.573056,-7.530556,250921.0,400834.0,dms_recuperado,211.5,0.5,211.0,0.0,Florestal,125.0,Negligente,0,1,0,0,33.33
TM211609,14060.0,2011,9,15,2011-09-15,13:08:00,2011-09-16,23:30:00,2011-09-15,13:20:00,Bragança,Freixo de Espada à Cinta,Fornos,FORNOS- PNDI (Arribas do Douro),40401,41.186944,-6.753056,315778.0,469571.0,dms_recuperado,137.0,0.0,137.0,0.0,Florestal,125.0,Negligente,0,1,0,0,34.37
BI111860,16038.0,2011,9,18,2011-09-18,20:36:00,2011-09-19,20:43:00,2011-09-18,21:15:00,Guarda,Trancoso,Sebadelhe da Serra,Quinta da Baralhada,91319,40.861389,-7.389444,262581.0,432958.0,dms_recuperado,143.0,8.0,120.0,15.0,Florestal,125.0,Negligente,0,1,0,0,24.12
TM1111337,17182.0,2011,9,18,2011-09-18,01:05:00,2011-09-19,02:40:00,2011-09-18,01:07:00,Vila Real,Valpaços,Santa Valha,Pardelinha,171220,41.710556,-7.270556,271772.0,527158.0,dms_recuperado,135.0,27.0,108.0,0.0,Florestal,125.0,Negligente,0,1,0,0,25.58
BL1111793,33954.0,2011,9,21,2011-09-21,15:25:00,2011-09-23,02:40:00,2011-09-21,15:32:00,Viseu,Sernancelhe,Sernancelhe,Mosteiro,181816,40.875556,-7.512222,252335.0,434266.0,dms_recuperado,270.0,24.0,246.0,0.0,Florestal,448.0,Intencional,0,1,0,0,35.25
BI111953,16619.0,2011,9,26,2011-09-26,12:40:00,2011-09-27,22:30:00,2011-09-26,13:00:00,Guarda,Guarda,Castanheira,SERRO,90712,40.566111,-7.051389,291508.0,400435.0,dms_recuperado,670.0,11.0,300.0,359.0,Florestal,125.0,Negligente,0,1,0,0,33.83
BI111954,16627.0,2011,9,26,2011-09-26,14:44:00,2011-09-27,03:22:00,2011-09-26,15:05:00,Guarda,Pinhel,Bogalhal,Quinta das Hortinhas,91004,40.804444,-7.11,286217.0,426872.0,dms_recuperado,125.0,86.0,24.0,15.0,Florestal,125.0,Negligente,0,1,0,0,12.63
BI111969,16707.0,2011,9,27,2011-09-27,12:29:00,2011-09-30,00:00:00,2011-09-27,12:40:00,Guarda,Gouveia,Gouveia (São Pedro),Quinta das Mimosas,90618,40.468056,-7.515833,252250.0,389167.0,dms_recuperado,390.0,24.0,366.0,0.0,Florestal,335.0,Intencional,0,1,0,0,59.52
TM1111569,18292.0,2011,10,1,2011-10-01,15:29:00,2011-10-02,05:40:00,2011-10-01,15:55:00,Vila Real,Chaves,Calvão,CALVÃO,170306,41.789444,-7.544722,248902.0,535740.0,dms_recuperado,350.0,5.0,345.0,0.0,Florestal,,,0,1,0,0,14.18
TM211751,15104.0,2011,10,1,2011-10-01,10:44:00,2011-10-03,04:00:00,2011-10-01,13:20:00,Bragança,Vinhais,Edral,EDRAL (Ribeira do Amanso),41206,41.84,-7.158611,280940.0,541634.0,dms_recuperado,341.0,50.0,291.0,0.0,Florestal,114.0,Negligente,0,1,0,0,41.27
BI1111017,17019.0,2011,10,1,2011-10-01,13:30:00,2011-10-02,21:15:00,2011-10-01,13:42:00,Guarda,Trancoso,Carnicães,Lameirinhas,91302,40.736944,-7.3125,269217.0,419168.0,dms_recuperado,335.0,63.0,220.0,52.0,Florestal,630.0,Desconhecida,0,1,0,0,31.75
RO111858,41905.0,2011,10,1,2011-10-01,13:49:00,2011-10-02,21:10:00,2011-10-01,14:00:00,Santarém,Santarém,Alcanede,Varzea (Várzea),141604,39.430556,-8.850556,138219.0,273857.0,dms_recuperado,115.591,46.0,66.591,3.0,Florestal,448.0,Intencional,0,1,0,0,31.35
BL411969,38016.0,2011,10,2,2011-10-02,13:09:00,2011-10-04,23:50:00,2011-10-02,13:15:00,Leiria,Pombal,Abiul,Casais Novos - Póvoa,101501,39.870556,-8.657222,155136.0,322620.0,dms_recuperado,382.5,302.0,80.5,0.0,Florestal,448.0,Intencional,0,1,0,0,58.68
TM211774,15220.0,2011,10,3,2011-10-03,16:25:00,2011-10-05,07:01:00,2011-10-03,17:15:00,Bragança,Vinhais,Pinheiro Novo,PINHEIRO VELHO-PNM (Vale de Cavalo Branco),41217,41.826389,-7.016667,292735.0,540291.0,dms_recuperado,1087.0,145.0,942.0,0.0,Florestal,60.0,Desconhecida,0,1,0,0,38.6
TM1111612,18423.0,2011,10,3,2011-10-03,09:24:00,2011-10-05,16:20:00,2011-10-03,10:00:00,Vila Real,Valpaços,Alvarelhos,Lama de Ouriço,171202,41.643889,-7.36,264411.0,519699.0,dms_recuperado,943.0,31.0,912.0,0.0,Florestal,125.0,Negligente,0,1,0,0,54.93
TM1111638,18509.0,2011,10,4,2011-10-04,07:35:00,2011-10-05,03:40:00,2011-10-04,07:43:00,Vila Real,Montalegre,Mourilhe,MOURILHE,170617,41.837778,-7.842222,224153.0,540983.0,dms_recuperado,568.0,0.0,568.0,0.0,Florestal,125.0,Negligente,0,1,0,0,20.08
TM211784,15262.0,2011,10,4,2011-10-04,10:00:00,2011-10-04,23:20:00,2011-10-04,10:16:00,Bragança,Bragança,São Julião de Palácios,SÃO JULIÃO de PALACIOS-PNM (Vale da Trave),40243,41.821389,-6.603333,327086.0,540258.0,dms_recuperado,209.09,0.0,184.14,24.95,Florestal,60.0,Desconhecida,0,1,0,0,13.33
TM1111684,18680.0,2011,10,5,2011-10-05,20:35:00,2011-10-13,23:50:00,2011-10-05,21:10:00,Vila Real,Valpaços,Fiães,FIÃES,171210,41.738333,-7.264722,272226.0,530270.0,dms_recuperado,786.4,41.0,745.4,0.0,Florestal,125.0,Negligente,0,1,0,0,195.25
BL4111005,38431.0,2011,10,5,2011-10-05,13:30:00,2011-10-08,21:10:00,2011-10-05,13:40:00,Leiria,Castanheira de Pêra,Castanheira de Pêra,Sarnadas,100701,40.054722,-8.187222,195373.0,342917.0,dms_recuperado,501.42,299.92,201.5,0.0,Florestal,610.0,Desconhecida,0,1,0,0,79.67
TM1111660,18603.0,2011,10,5,2011-10-05,01:25:00,2011-10-07,23:14:00,2011-10-05,01:45:00,Vila Real,Montalegre,Gralhas,SOLVEIRA- SOLVEIRA,170612,41.849722,-7.704444,235584.0,542360.0,dms_recuperado,406.0,8.0,398.0,0.0,Florestal,125.0,Negligente,1,1,0,0,69.82
DM4112911,54164.0,2011,10,5,2011-10-05,20:32:00,2011-10-06,19:55:00,2011-10-05,20:50:00,Braga,Guimarães,Gonça,PEDREIRA(GONÇA)M.6 M.7 (Pedreira),30820,41.405556,-8.241667,190907.0,492929.0,dms_recuperado,128.0,50.0,78.0,0.0,Florestal,630.0,Desconhecida,0,1,0,0,23.38
DM4112894,54090.0,2011,10,5,2011-10-05,14:29:00,2011-10-05,23:30:00,2011-10-05,14:46:00,Braga,Fafe,Quinchães,L. ASSENTO (QUINCHÃES) M7 E M1 (ABOIM),30722,41.541944,-8.085278,203971.0,508088.0,dms_recuperado,120.0,3.0,117.0,0.0,Florestal,449.0,Intencional,0,1,0,0,9.02
TM1111688,18688.0,2011,10,5,2011-10-05,21:58:00,2011-10-06,05:00:00,2011-10-05,22:25:00,Vila Real,Chaves,Sanfins,Parada,170327,41.784167,-7.219167,275958.0,535387.0,dms_recuperado,113.0,0.5,112.5,0.0,Florestal,125.0,Negligente,0,1,0,0,7.03
TM1111695,18706.0,2011,10,6,2011-10-06,09:02:00,2011-10-07,08:05:00,2011-10-06,09:17:00,Vila Real,Montalegre,Reigoso,Ladrugães,170625,41.721389,-7.919722,217756.0,528026.0,dms_recuperado,580.0,290.0,290.0,0.0,Florestal,630.0,Desconhecida,0,1,0,0,23.05
BI1111073,17352.0,2011,10,6,2011-10-06,19:07:00,2011-10-07,22:40:00,2011-10-06,20:15:00,Guarda,Pinhel,Azevo,Alto da Cotovia,91003,40.8375,-7.099167,287107.0,430525.0,dms_recuperado,334.0,85.5,246.5,2.0,Florestal,125.0,Negligente,0,1,0,0,27.55
BL3113540,57164.0,2011,10,6,2011-10-06,01:40:00,2011-10-06,08:10:00,2011-10-06,02:16:00,Aveiro,Santa Maria da Feira,Canedo,Ponte da Inha (Azenha da Ponte),10903,40.9,-8.541667,165566.0,436866.0,dms_recuperado,270.0,189.0,81.0,0.0,Florestal,6.0,Desconhecida,0,1,0,0,6.5
TM211819,15434.0,2011,10,6,2011-10-06,21:02:00,2011-10-07,15:03:00,2011-10-06,21:07:00,Bragança,Torre de Moncorvo,Larinho,Ribeirão- Felgar,40910,41.194167,-7.018056,293533.0,470043.0,dms_recuperado,246.97,0.0,246.97,0.0,Florestal,125.0,Negligente,0,1,0,0,18.02
TM211811,15411.0,2011,10,6,2011-10-06,15:54:00,2011-10-08,21:20:00,2011-10-06,16:15:00,Bragança,Mirandela,São Pedro Velho,VILAR DOURO (Lajedo),40727,41.633889,-7.1325,283375.0,518778.0,dms_recuperado,176.3264,0.0,176.3264,0.0,Florestal,60.0,Desconhecida,0,1,0,0,53.43
BI1111082,17367.0,2011,10,6,2011-10-06,22:33:00,2011-10-08,19:00:00,2011-10-06,23:00:00,Guarda,Pinhel,Azevo,Fraquiça - Ribeira do Porquinho,91003,40.838333,-7.151944,282648.0,430570.0,dms_recuperado,129.0,32.0,94.0,3.0,Florestal,125.0,Negligente,0,1,0,0,44.45
BI1111096,17425.0,2011,10,7,2011-10-07,19:24:00,2011-10-09,00:25:00,2011-10-07,19:56:00,Guarda,Almeida,Cabreira,Guincho,90206,40.558333,-7.025,293753.0,399599.0,dms_recuperado,522.0,59.0,360.0,103.0,Florestal,125.0,Negligente,0,1,0,0,29.02
DM3112366,15800.0,2011,10,7,2011-10-07,09:01:00,2011-10-09,20:25:00,2011-10-07,09:20:00,Viana do Castelo,Melgaço,Penso,POMAR,160313,42.076389,-8.3325,183485.0,567452.0,dms_recuperado,371.4,221.4,150.0,0.0,Florestal,448.0,Intencional,0,1,0,0,59.4
BI1111191,17405.0,2011,10,7,2011-10-07,13:22:00,2011-10-08,10:27:00,2011-10-07,13:57:00,Guarda,Mêda,Carvalhal,Ribeira do Aldeão,90903,40.886389,-7.295833,270459.0,435803.0,dms_recuperado,286.0,28.0,230.0,28.0,Florestal,125.0,Negligente,0,1,0,0,21.08
BL1112083,36189.0,2011,10,7,2011-10-07,15:10:00,2011-10-08,01:25:00,2011-10-07,15:21:00,Viseu,Sernancelhe,Arnas,ARNAS,181801,40.86,-7.438889,258523.0,432591.0,dms_recuperado,196.0,9.08,186.92,0.0,Florestal,125.0,Negligente,0,1,0,0,10.25
DM3112550,15862.0,2011,10,7,2011-10-07,22:35:00,2011-10-10,03:00:00,2011-10-07,22:40:00,Viana do Castelo,Monção,Podame,SRA DA VISTA,160422,42.027778,-8.377222,179764.0,562063.0,dms_recuperado,121.0,119.0,2.0,0.0,Florestal,448.0,Intencional,0,1,0,0,52.42
DM4112990,54621.0,2011,10,7,2011-10-07,17:58:00,2011-10-08,10:35:00,2011-10-07,18:05:00,Braga,Fafe,Várzea Cova,CONFURCO (VARZEA COVA)-M2 (Cruz do Confurco),30734,41.497778,-8.075833,204772.0,503173.0,dms_recuperado,115.8,0.0,115.8,0.0,Florestal,630.0,Desconhecida,0,1,0,0,16.62
BL4111070,38919.0,2011,10,8,2011-10-08,21:43:00,2011-10-10,20:13:00,2011-10-08,22:00:00,Leiria,Porto de Mós,São Bento,CABEÇO DAS POMBAS,101610,39.484167,-8.7975,142822.0,279796.0,dms_recuperado,473.0,0.0,473.0,0.0,Florestal,610.0,Desconhecida,0,1,0,0,46.5
BI1111107,17461.0,2011,10,8,2011-10-08,13:07:00,2011-10-09,00:00:00,2011-10-08,14:00:00,Guarda,Pinhel,Atalaia,Cabeço Curvo,91002,40.683333,-7.007222,295082.0,413500.0,dms_recuperado,308.0,35.0,131.0,142.0,Florestal,125.0,Negligente,0,1,0,0,10.88
TM211852,15558.0,2011,10,8,2011-10-08,16:00:00,2011-10-09,03:15:00,2011-10-08,16:15:00,Bragança,Torre De Moncorvo,Urrós,URROS (Vale Mingulho),40917,41.083611,-7.024444,293144.0,457771.0,dms_recuperado,251.72,3.4,248.32,0.0,Florestal,125.0,Negligente,0,1,0,0,11.25
BL1112143,36423.0,2011,10,9,2011-10-09,02:54:00,2011-10-10,04:17:00,2011-10-09,03:15:00,Viseu,Vila Nova de Paiva,Fráguas,Fraga da Agulha,182202,40.904444,-7.810278,227199.0,437335.0,dms_recuperado,104.0,98.5,5.5,0.0,Florestal,448.0,Intencional,0,1,0,0,25.38
TM1111879,19056.0,2011,10,10,2011-10-10,09:12:00,2011-10-10,11:10:00,2011-10-10,09:30:00,Vila Real,Montalegre,Tourém,LUGAR DOS ROÇADINHOS,170632,41.906111,-7.897222,219575.0,548562.0,dms_recuperado,143.0,0.0,143.0,0.0,Florestal,125.0,Negligente,0,1,0,0,1.97
TM1111900,19256.0,2011,10,12,2011-10-12,12:43:00,2011-10-14,05:15:00,2011-10-12,13:05:00,Vila Real,Alijó,Vilar de Maçada,FIÃES,170118,41.326667,-7.5625,247765.0,484329.0,dms_recuperado,180.5,55.5,125.0,0.0,Florestal,125.0,Negligente,0,1,0,0,40.53
BL3113892,58925.0,2011,10,13,2011-10-13,19:05:00,2011-10-22,07:00:00,2011-10-13,19:40:00,Aveiro,Vale de Cambra,São Pedro de Castelões,Felgueira,11902,40.794444,-8.423889,175453.0,425095.0,dms_recuperado,748.4,748.4,0.0,0.0,Florestal,6.0,Desconhecida,0,1,0,0,203.92
DM3112561,16271.0,2011,10,13,2011-10-13,18:25:00,2011-10-15,00:45:00,2011-10-13,19:15:00,Viana do Castelo,Viana do Castelo,Montaria,PEDRULHOS - MONTARIA (Pedrulhos),160920,41.814722,-8.755556,148277.0,538579.0,dms_recuperado,215.047,170.0,45.047,0.0,Florestal,630.0,Desconhecida,1,1,0,0,30.33
TM1111992,19460.0,2011,10,14,2011-10-14,12:13:00,2011-10-15,05:15:00,2011-10-14,13:00:00,Vila Real,Vila Pouca de Aguiar,Pensalvos,RIBEIRO SECO - SOUTELO DE MATOS,171308,41.449444,-7.688889,237117.0,497910.0,dms_recuperado,615.0,206.62,408.38,0.0,Florestal,125.0,Negligente,0,1,0,0,17.03
TM1112366,19496.0,2011,10,14,2011-10-14,18:30:00,2011-10-15,04:51:00,2011-10-14,18:55:00,Vila Real,Montalegre,Viade de Baixo,OUTEIRO DE ARADAS,170634,41.761389,-7.889444,220261.0,532486.0,dms_recuperado,250.0,20.0,230.0,0.0,Florestal,125.0,Negligente,0,1,0,0,10.35
BI211518,37656.0,2011,10,14,2011-10-14,16:36:00,2011-10-16,22:15:00,2011-10-14,16:44:00,Castelo Branco,Oleiros,Oleiros,Fernão Porco,50608,39.879722,-7.928611,217471.0,323503.0,dms_recuperado,240.611,105.0,131.611,4.0,Florestal,60.0,Desconhecida,0,1,0,0,53.65
BI1111219,17909.0,2011,10,15,2011-10-15,09:36:00,2011-10-15,23:01:00,2011-10-15,09:46:00,Guarda,Gouveia,Vila Cortês da Serra,Quinta do Vale do Nevão,90619,40.561667,-7.545556,249660.0,399546.0,dms_recuperado,153.0,43.0,110.0,0.0,Florestal,448.0,Intencional,0,1,0,0,13.42
TM1112105,19753.0,2011,10,17,2011-10-17,09:45:00,2011-10-17,11:50:00,2011-10-17,10:00:00,Vila Real,Vila Pouca de Aguiar,Vila Pouca de Aguiar,CAVADAS - GUILHADO,171314,41.503056,-7.618889,242922.0,503883.0,dms_recuperado,106.0,2.5,103.5,0.0,Florestal,610.0,Desconhecida,0,1,0,0,2.08
DM4113603,57219.0,2011,10,18,2011-10-18,09:31:00,2011-10-19,00:25:00,2011-10-18,09:35:00,Braga,Vieira do Minho,Ruivães,L. ZEBRAL (RUIVAES) M3 (RUIVÃIS),31114,41.679444,-8.05,206915.0,523348.0,dms_recuperado,128.0,2.0,126.0,0.0,Florestal,125.0,Negligente,0,1,0,0,14.9
BI1111296,18204.0,2011,10,19,2011-10-19,12:55:00,2011-10-20,23:00:00,2011-10-19,13:10:00,Guarda,Mêda,Marialva,SANGRIMBIAL,90908,40.921111,-7.24,275133.0,439680.0,dms_recuperado,451.0,80.0,341.0,30.0,Florestal,125.0,Negligente,0,1,0,0,34.08
DM2119233,123815.0,2011,10,20,2011-10-20,22:10:00,2011-10-21,23:39:00,2011-10-20,22:15:00,Porto,Penafiel,Milhundos,BRENHA RANDE (Brenha),131119,41.190278,-8.255,189769.0,469032.0,dms_recuperado,132.76,132.76,0.0,0.0,Florestal,145.0,Negligente,0,1,0,0,25.48
BI1111346,18389.0,2011,10,21,2011-10-21,21:01:00,2011-10-22,03:20:00,2011-10-21,21:25:00,Guarda,Pinhel,Lamegal,Estorninho-Freixinho,91012,40.667222,-7.094722,287705.0,411620.0,dms_recuperado,109.5,20.0,40.0,49.5,Florestal,125.0,Negligente,0,1,0,0,6.32
BI1111365,18452.0,2011,10,22,2011-10-22,16:58:00,2011-10-23,11:25:00,2011-10-22,17:05:00,Guarda,Pinhel,Pinhel,Cabeço da Serpe - Quinta Nova,91017,40.798889,-7.061389,290346.0,426276.0,dms_recuperado,232.5,13.0,100.0,119.5,Florestal,125.0,Negligente,0,1,0,0,18.45
BI1111412,18450.0,2011,10,22,2011-10-22,16:15:00,2011-10-23,05:00:00,2011-10-22,16:15:00,Guarda,Guarda,Vila Franca do Deão,Lameira Velha,90752,40.677778,-7.263889,273389.0,412637.0,dms_recuperado,154.0,4.0,150.0,0.0,Florestal,125.0,Negligente,0,1,0,0,12.75
BI1111376,18483.0,2011,10,22,2011-10-22,21:26:00,2011-10-23,03:20:00,2011-10-22,21:48:00,Guarda,Pinhel,Valbom,Ribeira de Pala,91025,40.786667,-7.146944,283140.0,424834.0,dms_recuperado,145.0,13.0,55.0,77.0,Florestal,125.0,Negligente,0,1,0,0,5.9
BI1111367,18458.0,2011,10,22,2011-10-22,18:10:00,2011-10-24,04:30:00,2011-10-22,23:00:00,Guarda,Vila Nova De Foz Côa,Muxagata,Quinta das Olgas,91410,41.026389,-7.145,282997.0,451467.0,dms_recuperado,126.0,5.0,98.0,23.0,Florestal,125.0,Negligente,0,1,0,0,34.33
TM11294,2012170002464.0,2012,2,12,2012-02-12,12:41:00,2012-02-12,17:53:00,2012-02-12,12:55:00,Vila Real,Ribeira De Pena,Ribeira de Pena (Salvador),Póvoa,170905,41.493333,-7.791667,228513.0,502750.0,dms_recuperado,137.0,4.5,132.5,0.0,Florestal,125.0,Negligente,0,1,0,0,5.2
BL112273,2012180006061.0,2012,2,16,2012-02-16,14:25:00,2012-02-17,06:32:00,2012-02-16,15:00:00,Viseu,Vouzela,Ventosa,Penoita,182411,40.6925,-8.127778,200451.0,413736.0,dms_recuperado,161.0,0.0,161.0,0.0,Florestal,311.0,Intencional,0,1,0,0,16.12
DM412234,2012030009675.0,2012,2,18,2012-02-18,19:31:00,2012-02-18,20:05:00,2012-02-18,19:45:00,Braga,Cabeceiras de Basto,Rio Douro,TEIXUGUEIRAS - M6 (Teixugueiras),30415,41.568611,-7.962222,214256.0,511070.0,dms_recuperado,235.0,0.0,235.0,0.0,Florestal,448.0,Intencional,0,1,0,0,0.57
DM412292,2012030010254.0,2012,2,21,2012-02-21,06:54:00,2012-02-21,08:45:00,2012-02-21,07:10:00,Braga,Terras de Bouro,Cibões,L. GILBARBEDO (M3) (CAMPO DO GERÊS),31007,41.759167,-8.198611,194550.0,532204.0,dms_recuperado,135.0,4.0,131.0,0.0,Florestal,125.0,Negligente,0,1,0,0,1.85
TM212160,2012040002521.0,2012,2,22,2012-02-22,13:40:00,2012-02-22,19:57:00,2012-02-22,13:58:00,Bragança,Macedo de Cavaleiros,Podence,EDROSO,40525,41.5925,-6.927222,300537.0,514388.0,dms_recuperado,179.6,0.0,179.6,0.0,Florestal,127.0,Negligente,0,1,0,0,6.28
BI112292,2012090003268.0,2012,2,22,2012-02-22,17:38:00,2012-02-23,02:02:00,2012-02-22,17:53:00,Guarda,Sabugal,Seixo do Côa,Cabeço da Fonte Lamarta,91132,40.450833,-7.066111,290515.0,387457.0,dms_recuperado,134.0,14.0,120.0,0.0,Florestal,125.0,Negligente,0,1,0,0,8.4
BI112312,2012090003325.0,2012,2,23,2012-02-23,14:08:00,2012-02-24,19:11:00,2012-02-23,14:20:00,Guarda,Manteigas,Vale de Amoreira,Vale de Amoreira,90804,40.415833,-7.44,258709.0,383424.0,dms_recuperado,310.0,175.0,135.0,0.0,Florestal,121.0,Negligente,0,1,0,0,29.05
TM212184,2012040002601.0,2012,2,23,2012-02-23,13:30:00,2012-02-23,21:26:00,2012-02-23,13:45:00,Bragança,Vimioso,Vale de Frades,São Joanico- Quadros,41112,41.608889,-6.469167,338683.0,516862.0,dms_recuperado,226.96,10.0,216.96,0.0,Florestal,610.0,Desconhecida,0,1,0,0,7.93
TM212180,2012040002630.0,2012,2,23,2012-02-23,17:20:00,2012-02-23,19:34:00,2012-02-23,17:50:00,Bragança,Bragança,Serapicos,Carcãozinho,40247,41.640278,-6.759722,314423.0,519929.0,dms_recuperado,113.0,113.0,0.0,0.0,Florestal,124.0,Negligente,0,1,0,0,2.23
BL112587,2012180007473.0,2012,2,24,2012-02-24,14:06:00,2012-02-25,01:46:00,2012-02-24,14:15:00,Viseu,Lamego,Penajóia,VILA CHA (Vila Chã),180516,41.143611,-7.864444,222542.0,463877.0,dms_recuperado,175.88,11.85,164.03,0.0,Florestal,122.0,Negligente,0,1,0,0,11.67
BL112600,2012180007661.0,2012,2,25,2012-02-25,11:46:00,2012-02-26,06:41:00,2012-02-25,12:05:00,Viseu,Vouzela,Paços de Vilharigues,Covas,182408,40.669444,-8.096667,203076.0,411197.0,dms_recuperado,286.7,8.0,278.7,0.0,Florestal,311.0,Intencional,0,1,0,0,18.92
TM112428,2012170003661.0,2012,2,25,2012-02-25,12:15:00,2012-02-26,02:00:00,2012-02-25,12:45:00,Vila Real,Alijó,Vila Verde,Perafita,170117,41.388333,-7.5425,249379.0,491191.0,dms_recuperado,225.0,13.0,212.0,0.0,Florestal,448.0,Intencional,0,1,0,0,13.75
RO112199,2012140008810.0,2012,2,25,2012-02-25,15:05:00,2012-02-26,00:09:00,2012-02-25,15:17:00,Santarém,Mação,Aboboreira,ABOBOREIRA,141301,39.585556,-8.056111,206600.0,290834.0,dms_recuperado,135.0,116.0,15.0,4.0,Florestal,124.0,Negligente,0,1,0,0,9.07
DM412445,2012030011382.0,2012,2,25,2012-02-25,15:23:00,2012-02-25,17:50:00,2012-02-25,16:10:00,Braga,Fafe,Monte,LUILHAS M-3 (Fojo de Luilhas),30717,41.544722,-8.121389,200961.0,508386.0,dms_recuperado,122.0,67.0,55.0,0.0,Florestal,630.0,Desconhecida,0,1,0,0,2.45
BI112415,2012090003560.0,2012,2,26,2012-02-26,01:55:00,2012-02-26,05:00:00,2012-02-26,02:10:00,Guarda,Mêda,Carvalhal,Aldeão,90903,40.873889,-7.289167,271027.0,434411.0,dms_recuperado,105.0,6.0,99.0,0.0,Florestal,125.0,Negligente,0,1,0,0,3.08
TM212271,2012040002913.0,2012,2,27,2012-02-27,14:39:00,2012-02-28,01:38:00,2012-02-27,15:00:00,Bragança,Bragança,França,LAMA GRANDE-PNM (Lameiros da Serra),40215,41.868889,-6.741667,315513.0,545340.0,dms_recuperado,829.75,0.0,829.75,0.0,Florestal,60.0,Desconhecida,0,1,0,0,10.98
DM412492,2012030011850.0,2012,2,27,2012-02-27,16:48:00,2012-02-29,17:46:00,2012-02-27,16:55:00,Braga,Terras de Bouro,Vilar da Veiga,SOALHEIRA M-1(PNPG) (Fonte Soalheira),31017,41.697222,-8.225556,192303.0,525348.0,dms_recuperado,300.0,295.0,5.0,0.0,Florestal,711.0,Reacendimento,1,1,0,0,48.97
TM112495,2012170003928.0,2012,2,27,2012-02-27,15:26:00,2012-02-27,19:55:00,2012-02-27,16:00:00,Vila Real,Mondim de Basto,Ermelo,RIBEIRA DAS FISGAS DA FERVENÇA,170504,41.365278,-7.839444,224560.0,488501.0,dms_recuperado,122.0,122.0,0.0,0.0,Florestal,125.0,Negligente,0,1,0,0,4.48
TM112506,2012170003990.0,2012,2,28,2012-02-28,08:08:00,2012-02-28,19:54:00,2012-02-28,08:30:00,Vila Real,Mondim de Basto,Ermelo,RIBEIRA DAS FISGAS DA FERVENÇA,170504,41.458611,-7.926111,217274.0,498858.0,dms_recuperado,321.75,1.0,320.75,0.0,Florestal,711.0,Reacendimento,1,1,0,0,11.77
DM412511,2012030012009.0,2012,2,28,2012-02-28,13:10:00,2012-02-28,16:53:00,2012-02-28,13:20:00,Braga,Cabeceiras de Basto,Bucos,L. SOUTO MOURO - M1 (GONDIÃES),30405,41.591667,-7.844722,224048.0,513636.0,dms_recuperado,224.0,10.0,214.0,0.0,Florestal,448.0,Intencional,0,1,0,0,3.72
TM112577,2012170004187.0,2012,3,1,2012-03-01,08:59:00,2012-03-01,17:38:00,2012-03-01,09:30:00,Vila Real,Mondim de Basto,Ermelo,ENCOSTA DO BOUÇA (FERVENÇA),170504,41.365278,-7.839444,224560.0,488501.0,dms_recuperado,140.0,35.0,105.0,0.0,Florestal,125.0,Negligente,0,1,0,0,8.65
BI212111,2012050004868.0,2012,3,9,2012-03-09,04:27:00,2012-03-09,12:20:00,2012-03-09,05:05:00,Castelo Branco,Covilhã,Cortes do Meio,Piçarra do Moço,50308,40.256389,-7.578889,247129.0,365476.0,dms_recuperado,137.085,105.365,31.72,0.0,Florestal,630.0,Desconhecida,0,1,0,0,7.88
DM312589,2012160003923.0,2012,3,10,2012-03-10,13:01:00,2012-03-12,17:51:00,2012-03-10,13:10:00,Viana do Castelo,Arcos de Valdevez,Soajo,VARZEA - SOAJO - P.N.P.G. (GAVIEIRA),160146,41.957778,-8.251944,190133.0,554292.0,dms_recuperado,328.7,28.0,300.7,0.0,Florestal,125.0,Negligente,0,1,0,0,52.83
DM212914,2012130029233.0,2012,3,10,2012-03-10,06:35:00,2012-03-11,07:40:00,2012-03-10,06:50:00,Porto,Baião,Teixeira,SACOES (Sacota),130216,41.130278,-7.985,212438.0,462384.0,dms_recuperado,135.855,28.0,107.855,0.0,Florestal,620.0,Desconhecida,0,1,0,0,25.08
TM212390,2012040003663.0,2012,3,11,2012-03-11,09:29:00,2012-03-12,03:39:00,2012-03-11,10:00:00,Bragança,Vinhais,Mofreita,MOFREITA-PNM (Lombo do Seixo),41210,41.918889,-6.913333,301184.0,550664.0,dms_recuperado,472.0,92.0,380.0,0.0,Florestal,60.0,Desconhecida,0,1,0,0,18.17
BL112906,2012180010006.0,2012,3,11,2012-03-11,15:19:00,2012-03-11,19:56:00,2012-03-11,15:40:00,Viseu,Vouzela,Alcofra,Abelheira,182401,40.64,-8.158889,197797.0,407932.0,dms_recuperado,241.8,13.0,228.8,0.0,Florestal,125.0,Negligente,0,1,0,0,4.62
DM412652,2012030014511.0,2012,3,11,2012-03-11,14:08:00,2012-03-11,23:26:00,2012-03-11,14:20:00,Braga,Cabeceiras de Basto,Bucos,BUCOS,30405,41.570833,-8.04,207665.0,511461.0,dms_recuperado,188.0,118.0,70.0,0.0,Florestal,122.0,Negligente,0,1,0,0,9.3
TM212392,2012040003654.0,2012,3,11,2012-03-11,05:42:00,2012-03-11,17:32:00,2012-03-11,06:15:00,Bragança,Vinhais,Vila Verde,Prada (Castrelhão),41230,41.854167,-6.964444,297035.0,543412.0,dms_recuperado,162.57,160.57,2.0,0.0,Florestal,60.0,Desconhecida,0,1,0,0,11.83
TM212401,2012040003682.0,2012,3,11,2012-03-11,16:18:00,2012-03-11,21:36:00,2012-03-11,17:00:00,Bragança,Vinhais,Agrochão,Agrochão (Urreta do Grilo),41201,41.905278,-6.560278,330509.0,549646.0,dms_recuperado,117.51,0.0,117.51,0.0,Florestal,124.0,Negligente,0,1,0,0,5.3
BL112935,2012180010131.0,2012,3,12,2012-03-12,15:12:00,2012-03-12,19:29:00,2012-03-12,16:00:00,Viseu,Resende,São Martinho de Mouros,Vila Verde,181314,41.111111,-7.881111,221154.0,460267.0,dms_recuperado,223.0,3.0,220.0,0.0,Florestal,125.0,Negligente,0,1,0,0,4.28
DM412781,2012030015178.0,2012,3,14,2012-03-14,16:25:00,2012-03-14,18:52:00,2012-03-14,16:46:00,Braga,Vieira do Minho,Anjos,BOCA DA RIBEIRA(M6) (Boca da Ribeira),31102,41.620278,-8.055,206490.0,516772.0,dms_recuperado,179.0,9.0,170.0,0.0,Florestal,711.0,Reacendimento,1,1,0,0,2.45
TM112745,2012170005145.0,2012,3,15,2012-03-15,11:14:00,2012-03-15,20:24:00,2012-03-15,11:25:00,Vila Real,Montalegre,Chã,FAFIEIRA - MEDEIRAS,170604,41.778611,-7.806111,227077.0,534607.0,dms_recuperado,115.0,115.0,0.0,0.0,Florestal,124.0,Negligente,0,1,0,0,9.17
TM112747,2012170005129.0,2012,3,15,2012-03-15,01:45:00,2012-03-15,07:05:00,2012-03-15,02:15:00,Vila Real,Vila Real,Vila Cova,VILA BOA,171428,41.316111,-7.856389,223153.0,483046.0,dms_recuperado,106.0,6.0,100.0,0.0,Florestal,125.0,Negligente,0,1,0,0,5.33
DM412902,2012030016765.0,2012,3,23,2012-03-23,12:35:00,2012-03-24,05:07:00,2012-03-23,12:45:00,Braga,Barcelos,Tamel (São Pedro Fins),SOUTO (M2) (Rio de Souto),30276,41.439167,-8.636111,157949.0,496786.0,dms_recuperado,175.0,175.0,0.0,0.0,Florestal,711.0,Reacendimento,1,1,0,0,16.53
BL312741,2012010017214.0,2012,3,23,2012-03-23,21:25:00,2012-03-23,23:31:00,2012-03-23,21:40:00,Aveiro,Oliveira de Azeméis,Palmaz,Nespereira de Baixo,11311,40.792778,-8.451111,173140.0,424937.0,dms_recuperado,108.4,108.4,0.0,0.0,Florestal,6.0,Desconhecida,0,1,0,0,2.1
TM112921,2012170005917.0,2012,3,26,2012-03-26,11:30:00,2012-03-26,20:36:00,2012-03-26,11:50:00,Vila Real,Boticas,Dornelas,MÓ-Lousas,170210,41.620278,-7.840556,224377.0,516834.0,dms_recuperado,543.0,503.0,40.0,0.0,Florestal,448.0,Intencional,0,1,0,0,9.1
TM212551,2012040004485.0,2012,3,26,2012-03-26,16:40:00,2012-03-27,01:54:00,2012-03-26,17:15:00,Bragança,Macedo de Cavaleiros,Soutelo Mourisco,Cabanas,40529,41.504722,-6.698056,319801.0,504928.0,dms_recuperado,190.0,24.0,166.0,0.0,Florestal,125.0,Negligente,1,1,0,0,9.23
DM4121058,2012030017650.0,2012,3,27,2012-03-27,15:08:00,2012-03-29,02:03:00,2012-03-27,15:20:00,Braga,Barcelos,Quintiães,LUGAR MONTE (M7) (Lugar da Estrada),30262,41.467222,-8.591111,161722.0,499883.0,dms_recuperado,1710.5,1210.5,500.0,0.0,Florestal,711.0,Reacendimento,1,1,0,0,34.92
DM2121473,2012130036208.0,2012,3,27,2012-03-27,12:25:00,2012-03-28,02:38:00,2012-03-27,12:43:00,Porto,Penafiel,Galegos,Fafiães,131113,41.153611,-8.323333,184016.0,464958.0,dms_recuperado,151.215,151.215,0.0,0.0,Florestal,145.0,Negligente,0,1,0,0,14.22
BL312821,2012010017978.0,2012,3,27,2012-03-27,15:01:00,2012-03-28,00:25:00,2012-03-27,15:10:00,Aveiro,Oliveira de Azeméis,Carregosa,Currais,11301,40.907778,-8.400833,177435.0,437683.0,dms_recuperado,150.0,150.0,0.0,0.0,Florestal,122.0,Negligente,0,1,0,0,9.4
DM4121086,2012030017658.0,2012,3,27,2012-03-27,15:26:00,2012-03-28,17:43:00,2012-03-27,15:50:00,Braga,Terras de Bouro,Campo do Gerês,BOUÇA MÓ (M5) PNPG (Bouça da Mó),31003,41.778333,-8.171667,196795.0,534344.0,dms_recuperado,100.0,10.0,90.0,0.0,Florestal,44.0,Intencional,0,1,0,0,26.28
BL212374,2012060010638.0,2012,3,28,2012-03-28,12:30:00,2012-03-29,06:42:00,2012-03-28,12:45:00,Coimbra,Penela,Espinhal,SÃO JOÃO DO DESERTO,61402,39.993056,-8.325556,183563.0,336100.0,dms_recuperado,972.0,902.0,70.0,0.0,Florestal,630.0,Desconhecida,0,1,0,0,18.2
BL1121172,2012180012108.0,2012,3,28,2012-03-28,11:41:00,2012-04-03,10:15:00,2012-03-28,12:00:00,Viseu,Castro Daire,Mões,Granja,180312,40.957222,-7.803333,227745.0,443195.0,dms_recuperado,420.0,310.0,110.0,0.0,Florestal,630.0,Desconhecida,0,1,0,0,142.57
DM4121095,2012030017816.0,2012,3,28,2012-03-28,11:45:00,2012-03-29,03:57:00,2012-03-28,12:00:00,Braga,Vieira Do Minho,Vilar do Chão,VEIGAS (M3) (Veigas),31121,41.612778,-8.101667,202618.0,515939.0,dms_recuperado,250.0,170.0,80.0,0.0,Florestal,711.0,Reacendimento,1,1,0,0,16.2
TM212577,2012040004605.0,2012,3,28,2012-03-28,13:35:00,2012-03-29,01:50:00,2012-03-28,13:55:00,Bragança,Vinhais,Sobreiró de Baixo,Malhadinha,41223,41.850278,-7.085278,287011.0,542863.0,dms_recuperado,206.64,2.55,204.09,0.0,Florestal,60.0,Desconhecida,0,1,0,0,12.25
BL1121178,2012180012137.0,2012,3,28,2012-03-28,14:27:00,2012-03-29,09:58:00,2012-03-28,15:00:00,Viseu,São Pedro do Sul,São Martinho das Moitas,Covelinhas,181613,40.892778,-8.017222,209761.0,436007.0,dms_recuperado,153.0,75.0,78.0,0.0,Florestal,448.0,Intencional,0,1,0,0,19.52
BL212392,2012060010751.0,2012,3,29,2012-03-29,10:57:00,2012-03-30,01:22:00,2012-03-29,11:00:00,Coimbra,Penela,Penela (São Miguel),Tola,61406,40.031111,-8.351944,181315.0,340336.0,dms_recuperado,909.8,829.8,80.0,0.0,Florestal,711.0,Reacendimento,1,1,0,0,14.42
BL1121212,2012180012278.0,2012,3,29,2012-03-29,15:03:00,2012-03-30,10:54:00,2012-03-29,15:20:00,Viseu,São Pedro do Sul,Santa Cruz da Trapa,JANARDO (Janarde),181610,40.764167,-8.158333,197852.0,421719.0,dms_recuperado,445.0,345.0,100.0,0.0,Florestal,449.0,Intencional,0,1,0,0,19.85
BL1121227,2012180012287.0,2012,3,29,2012-03-29,15:47:00,2012-03-30,14:56:00,2012-03-29,16:17:00,Viseu,Castro Daire,Moledo,Moita,180313,40.836667,-7.895833,219994.0,429786.0,dms_recuperado,363.0,350.0,13.0,0.0,Florestal,124.0,Negligente,0,1,0,0,23.15
TM212593,2012040004668.0,2012,3,29,2012-03-29,16:05:00,2012-03-30,20:16:00,2012-03-29,16:30:00,Bragança,Bragança,Failde,FAILDE (Violante),40214,41.724167,-6.753056,314825.0,529255.0,dms_recuperado,299.2,83.9,215.3,0.0,Florestal,122.0,Negligente,0,1,0,0,28.18
DM2121600,2012130036988.0,2012,3,29,2012-03-29,05:29:00,2012-03-29,08:05:00,2012-03-29,05:40:00,Porto,Penafiel,Lagares,Ordins,131116,41.135278,-8.35,181790.0,462945.0,dms_recuperado,219.0,150.0,69.0,0.0,Florestal,145.0,Negligente,1,1,0,0,2.6
TM212584,2012040004669.0,2012,3,29,2012-03-29,16:12:00,2012-03-30,16:46:00,2012-03-29,16:33:00,Bragança,Vinhais,Curopos,Vale de Janeiro,41205,41.801667,-7.093889,286354.0,537445.0,dms_recuperado,197.6,94.2,103.4,0.0,Florestal,125.0,Negligente,0,1,0,0,24.57
DM4121157,2012030018071.0,2012,3,29,2012-03-29,15:26:00,2012-03-29,22:33:00,2012-03-29,16:00:00,Braga,Vieira do Minho,Anjos,L. CARUDE (M1) (RUIVÃIS),31102,41.679444,-8.05,206915.0,523348.0,dms_recuperado,163.0,83.0,80.0,0.0,Florestal,126.0,Negligente,0,1,0,0,7.12
DM4121165,2012030018091.0,2012,3,29,2012-03-29,17:10:00,2012-03-29,23:36:00,2012-03-29,17:28:00,Braga,Póvoa de Lanhoso,Oliveira,L. PORTO DE BOIS (M6) (FRIANDE),30920,41.645,-8.279722,187786.0,519555.0,dms_recuperado,149.0,77.0,72.0,0.0,Florestal,630.0,Desconhecida,0,1,0,0,6.43
DM4121171,2012030018084.0,2012,3,29,2012-03-29,16:49:00,2012-03-30,02:51:00,2012-03-29,17:00:00,Braga,Amares,Paranhos,L. STª CRUZ (M5) (Santa Marta),30114,41.656944,-8.291111,186841.0,520879.0,dms_recuperado,139.0,61.0,78.0,0.0,Florestal,122.0,Negligente,0,1,0,0,10.03
DM4121196,2012030018116.0,2012,3,29,2012-03-29,20:10:00,2012-03-29,23:31:00,2012-03-29,20:22:00,Braga,Póvoa de Lanhoso,Garfe,L. PENA (M3) (FRIANDE),30913,41.645,-8.279722,187786.0,519555.0,dms_recuperado,130.0,65.0,65.0,0.0,Florestal,122.0,Negligente,0,1,0,0,3.35
TM212595,2012040004716.0,2012,3,30,2012-03-30,11:25:00,2012-03-30,23:02:00,2012-03-30,11:40:00,Bragança,Bragança,Rio de onor,Curiscos e Vale Soeiro,40238,41.813056,-6.699444,319122.0,539185.0,dms_recuperado,234.74,0.0,234.74,0.0,Florestal,60.0,Desconhecida,0,1,0,0,11.62
DM4121231,2012030018246.0,2012,3,30,2012-03-30,12:32:00,2012-03-30,20:02:00,2012-03-30,12:38:00,Braga,Vieira do Minho,Vieira do Minho,SANGUINHEDO(M6) (Sanguinhedo),31120,41.6225,-8.157778,197933.0,517029.0,dms_recuperado,109.0,65.0,44.0,0.0,Florestal,122.0,Negligente,0,1,0,0,7.5
BI212184,2012050009342.0,2012,5,14,2012-05-14,14:14:00,2012-05-15,00:34:00,2012-05-14,14:26:00,Castelo Branco,Vila Velha De Ródão,Sarnadas de Ródão,Ponte das Ferrarias - Carapetosa,51103,39.76111,-7.62889,243207.0,310430.0,dms_recuperado,305.12,267.0,34.12,4.0,Florestal,630.0,Desconhecida,0,1,0,0,10.33
BI212247,2012050012369.0,2012,6,26,2012-06-26,16:35:00,2012-06-27,16:14:00,2012-06-26,16:52:00,Castelo Branco,Fundão,Soalheira,Quinta da Serra,50425,40.054868,-7.492308,254677.0,343122.0,dms_recuperado,267.0,30.6,225.4,11.0,Florestal,222.0,Negligente,0,1,0,0,23.65
AT312259,2012020014902.0,2012,6,27,2012-06-27,16:30:00,2012-06-27,18:46:00,2012-06-27,16:50:00,Beja,Cuba,Cuba,Monte dos Assentes,20701,38.180528,-7.939139,216890.0,135030.0,dms_recuperado,127.07,0.0,0.0,127.07,Agrícola,222.0,Negligente,0,0,1,0,2.27
BL412683,2012100024827.0,2012,7,1,2012-07-01,18:45:00,2012-07-02,03:50:00,2012-07-01,18:56:00,Leiria,Figueiró dos Vinhos,Figueiró dos Vinhos,CASAL SÃO SIMÃO,100804,39.91056,-8.29,186585.0,326915.0,dms_recuperado,107.0,96.0,11.0,0.0,Florestal,610.0,Desconhecida,0,1,0,0,9.08
RO312502,2012150042293.0,2012,7,1,2012-07-01,13:18:00,2012-07-01,20:52:00,2012-07-01,13:41:00,Setúbal,Sines,Sines,BRR NOVO DA PROVENÇA,151301,37.923466,-8.772479,143780.0,106499.0,dms_recuperado,103.6926,91.5151,12.1775,0.0,Florestal,711.0,Reacendimento,0,1,0,0,7.57
TM212742,2012040009786.0,2012,7,13,2012-07-13,15:31:00,2012-07-13,23:12:00,2012-07-13,15:39:00,Bragança,Mogadouro,Mogadouro,Figueira,40810,41.313518,-6.733339,317214.0,483641.0,derivado_xy,121.4,40.0,81.4,0.0,Florestal,125.0,Negligente,0,1,0,0,7.68
TM212748,2012040009900.0,2012,7,15,2012-07-15,21:27:00,2012-07-16,07:48:00,2012-07-15,22:00:00,Bragança,Macedo de Cavaleiros,Lagoa,LAGOA,40516,41.443194,-6.766646,314198.0,497999.0,dms_recuperado,465.99,123.29,284.99,57.71,Florestal,449.0,Intencional,0,1,0,0,10.35
BI112967,2012090011702.0,2012,7,16,2012-07-16,16:44:00,2012-07-17,00:12:00,2012-07-16,16:56:00,Guarda,Trancoso,Vila Garcia,Tapadinhas - Freixial,91328,40.802222,-7.2325,275899.0,426500.0,dms_recuperado,197.0,74.0,100.8,22.2,Florestal,448.0,Intencional,0,1,0,0,7.47
BI112960,2012090011694.0,2012,7,16,2012-07-16,14:38:00,2012-07-17,09:13:00,2012-07-16,14:46:00,Guarda,Guarda,Porto da Carne,Porto da Carne\Poça do Barro,90732,40.60639,-7.28667,271639.0,404512.0,dms_recuperado,195.0,101.0,93.0,1.0,Florestal,133.0,Negligente,0,1,0,0,18.58
TM212750,2012040009930.0,2012,7,16,2012-07-16,11:36:00,2012-07-17,01:12:00,2012-07-16,11:48:00,Bragança,Macedo de Cavaleiros,Peredo,Peredo,40524,41.513889,-6.695556,320000.0,505957.0,dms_recuperado,100.0,0.0,100.0,0.0,Florestal,449.0,Intencional,1,1,0,0,13.6
RO112760,2012140030912.0,2012,7,17,2012-07-17,14:06:00,2012-07-18,10:45:00,2012-07-17,14:12:00,Santarém,Ourém,Formigais,Quebrada de Baixo,142107,39.736308,-8.436412,174000.0,307599.0,dms_recuperado,213.0,15.0,193.0,5.0,Florestal,448.0,Intencional,0,1,0,0,20.65
BL212770,2012060023628.0,2012,7,17,2012-07-17,16:05:00,2012-07-18,00:20:00,2012-07-17,16:11:00,Coimbra,Cantanhede,Vilamar,Corticeiro,60217,40.401345,-8.673945,154087.0,381540.0,dms_recuperado,139.63,122.88,16.75,0.0,Florestal,60.0,Desconhecida,0,1,0,0,8.25
AG112485,2012080021067.0,2012,7,18,2012-07-18,14:10:00,2012-07-20,22:26:00,2012-07-18,14:20:00,Faro,São Brás de Alportel,São Brás de Alportel,Catraia (Panela),81201,37.199465,-7.912403,219590.0,25972.0,dms_recuperado,24843.0,5790.0,15647.0,3406.0,Florestal,215.0,Negligente,0,1,0,0,56.27
RO112795,2012140031104.0,2012,7,18,2012-07-18,13:15:00,2012-07-19,20:00:00,2012-07-18,13:29:00,Santarém,Tomar,Casais,SABACHEIRA / Monchite,141805,39.641763,-8.357002,180780.0,297082.0,dms_recuperado,1212.0,650.0,362.0,200.0,Florestal,448.0,Intencional,0,1,0,0,30.75
AT212264,2012120010126.0,2012,7,18,2012-07-18,18:08:00,2012-07-19,14:25:00,2012-07-18,18:44:00,Portalegre,Ponte de Sor,Ponte de Sor,Tramaga,121303,39.216893,-8.029158,208976.0,249892.0,dms_recuperado,934.97,934.97,0.0,0.0,Florestal,448.0,Intencional,0,1,0,0,20.28
TM212760,2012040010108.0,2012,7,18,2012-07-18,14:43:00,2012-07-19,08:02:00,2012-07-18,14:56:00,Bragança,Torre de Moncorvo,Castedo,VILARINHO DA CASTANHEIRA,40906,41.214158,-7.164263,281252.0,472114.0,dms_recuperado,845.64,36.2,809.44,0.0,Florestal,125.0,Negligente,0,1,0,0,17.32
BI112981,2012090011835.0,2012,7,18,2012-07-18,15:07:00,2012-07-18,22:57:00,2012-07-18,15:14:00,Guarda,Figueira de Castelo Rodrigo,Colmeal,N221 - Entroncamento do Bizarril,90405,40.8425,-6.998611,295562.0,431195.0,dms_recuperado,425.0,100.0,245.0,80.0,Florestal,630.0,Desconhecida,0,1,0,0,7.83
RO112785,2012140031144.0,2012,7,18,2012-07-18,16:42:00,2012-07-19,02:11:00,2012-07-18,16:55:00,Santarém,Tomar,Paialvo,CURVACEIRAS / Charneca da Peralva,141809,39.536335,-8.446006,173099.0,285400.0,dms_recuperado,160.0,75.0,45.0,40.0,Florestal,222.0,Negligente,0,1,0,0,9.48
BL1121616,2012180026021.0,2012,7,18,2012-07-18,14:24:00,2012-07-19,04:18:00,2012-07-18,14:32:00,Viseu,Viseu,Fragosela,QTA DA FONTINHA,182315,40.632044,-7.854362,223583.0,407054.0,dms_recuperado,124.0,48.0,76.0,0.0,Florestal,630.0,Desconhecida,0,1,0,0,13.9
AG112493,2012080021184.0,2012,7,19,2012-07-19,13:49:00,2012-07-20,06:54:00,2012-07-19,14:15:00,Faro,Castro Marim,Azinhal,Azinhal,80401,37.311535,-7.459623,259699.0,38599.0,dms_recuperado,418.566,418.566,0.0,0.0,Florestal,610.0,Desconhecida,0,1,0,0,17.08
TM212773,2012040010187.0,2012,7,19,2012-07-19,17:07:00,2012-07-20,22:10:00,2012-07-19,17:27:00,Bragança,Torre de Moncorvo,Adeganha,Quinta do Zimbro- Junqueira,40902,41.270017,-7.080538,288199.0,478399.0,dms_recuperado,356.69,0.0,356.69,0.0,Florestal,125.0,Negligente,0,1,0,0,29.05
BL1121636,2012180026176.0,2012,7,19,2012-07-19,13:12:00,2012-07-20,00:32:00,2012-07-19,13:21:00,Viseu,Mangualde,Fornos de Maceira Dão,Vila Garcia,180607,40.396389,-8.133056,199899.0,381040.0,dms_recuperado,301.98,103.6,180.38,18.0,Florestal,711.0,Reacendimento,1,1,0,0,11.33
BL1121653,2012180026305.0,2012,7,20,2012-07-20,10:04:00,2012-07-21,04:00:00,2012-07-20,10:15:00,Viseu,Sernancelhe,Carregal,Forca,181802,40.899757,-7.568234,247599.0,436899.0,dms_recuperado,342.0,13.8,328.2,0.0,Florestal,448.0,Intencional,0,1,0,0,17.93
AT112317,2012070013765.0,2012,7,20,2012-07-20,15:09:00,2012-07-20,19:30:00,2012-07-20,15:20:00,Évora,Arraiolos,Arraiolos,ADUA,70201,38.764167,-8.041944,207819.0,199805.0,dms_recuperado,184.82,184.82,0.0,0.0,Florestal,142.0,Negligente,0,1,0,0,4.35
BI212331,2012050014148.0,2012,7,21,2012-07-21,18:35:00,2012-07-22,08:36:00,2012-07-21,18:47:00,Castelo Branco,Oleiros,Cambas,Foz da Ribeira da Póvoa de Cambas - Cambas,50603,40.005833,-7.844444,224532.0,337729.0,dms_recuperado,380.785,357.785,11.0,12.0,Florestal,222.0,Negligente,0,1,0,0,14.02
RO2121574,2012110101103.0,2012,7,22,2012-07-22,12:54:00,2012-07-22,20:07:00,2012-07-22,13:06:00,Lisboa,Azambuja,Aveiras de Baixo,Quinta do Barão - Casais das Comeias,110302,39.122778,-8.874722,135760.0,239876.0,dms_recuperado,130.2,115.0,5.2,10.0,Florestal,124.0,Negligente,0,1,0,0,7.22
TM212801,2012040010547.0,2012,7,24,2012-07-24,15:55:00,2012-07-25,00:13:00,2012-07-24,15:55:00,Bragança,Freixo de Espada à Cinta,Poiares,Muro das Gralhas- PNDI,40406,41.076708,-6.884262,304954.0,457148.0,dms_recuperado,567.16,5.84,550.32,11.0,Florestal,125.0,Negligente,0,1,0,0,8.3
BL212932,2012060026502.0,2012,8,7,2012-08-07,17:01:00,2012-08-08,04:00:00,2012-08-07,17:11:00,Coimbra,Oliveira do Hospital,Vila Pouca da Beira,Digueifel,61120,40.293124,-7.939064,216500.0,369400.0,dms_recuperado,192.0,79.0,113.0,0.0,Florestal,152.0,Negligente,0,1,0,0,10.98
TM212842,2012040011588.0,2012,8,8,2012-08-08,13:28:00,2012-08-09,11:14:00,2012-08-08,13:40:00,Bragança,Vimioso,Campo de Víboras,ALGOSO (Reta Garcia),41106,41.513065,-6.535562,333368.0,506090.0,dms_recuperado,1924.9582,512.0,1366.9582,46.0,Florestal,125.0,Negligente,0,1,0,0,21.77
BL212941,2012060026612.0,2012,8,8,2012-08-08,15:06:00,2012-08-08,22:49:00,2012-08-08,15:20:00,Coimbra,Lousã,Foz de Arouce,Póvoa de Serpins,60702,40.176263,-8.249817,190059.0,356412.0,dms_recuperado,222.0,200.0,22.0,0.0,Florestal,44.0,Intencional,0,1,0,0,7.72
TM212849,2012040011663.0,2012,8,9,2012-08-09,12:47:00,2012-08-10,00:22:00,2012-08-09,13:10:00,Bragança,Vimioso,Matela,Avinhó,41108,41.517812,-6.614144,326798.0,506500.0,dms_recuperado,280.7955,20.0,260.7955,0.0,Florestal,610.0,Desconhecida,0,1,0,0,11.58
BL4121040,2012100030526.0,2012,8,9,2012-08-09,15:00:00,2012-08-10,12:27:00,2012-08-09,15:06:00,Leiria,Figueiró dos Vinhos,Figueiró dos Vinhos,Ponte S. Simão,100804,39.901111,-8.274722,187771.0,326050.0,dms_recuperado,225.0,163.0,62.0,0.0,Florestal,449.0,Intencional,0,1,0,0,21.45
TM1121411,2012170014914.0,2012,8,11,2012-08-11,13:47:00,2012-08-12,07:46:00,2012-08-11,13:54:00,Vila Real,Chaves,Vilarinho das Paranheiras,QUINTA DO CALVÁRIO,170346,41.663339,-7.576033,246399.0,521700.0,dms_recuperado,560.47,290.0,140.47,130.0,Florestal,449.0,Intencional,0,1,0,0,17.98
TM212876,2012040012078.0,2012,8,14,2012-08-14,13:26:00,2012-08-14,19:34:00,2012-08-14,13:35:00,Bragança,Vila FLor,Freixiel,Vieiro,41005,41.341763,-7.262175,272899.0,486199.0,dms_recuperado,151.83,5.41,130.91,15.51,Florestal,60.0,Desconhecida,0,1,0,0,6.13
BI1121192,2012090014664.0,2012,8,30,2012-08-30,21:18:00,2012-08-31,01:10:00,,,Guarda,Vila Nova De Foz Côa,Santa Comba,TOMADIAS / CHÃS,91412,40.960603,-7.140682,283550.0,443977.0,dms_recuperado,205.0,12.0,174.0,19.0,Florestal,125.0,Negligente,0,1,0,0,3.87
BL1122035,2012180032566.0,2012,8,31,2012-08-31,10:34:00,2012-09-01,18:13:00,2012-08-31,10:40:00,Viseu,Sernancelhe,Sarzeda,SARZEDA,181815,40.9075,-7.460833,256634.0,437827.0,dms_recuperado,1136.0,52.14,1083.86,0.0,Florestal,448.0,Intencional,0,1,0,0,31.65
TM1121590,2012170016717.0,2012,8,31,2012-08-31,21:55:00,2012-09-01,08:30:00,2012-08-31,22:05:00,Vila Real,Chaves,Águas Frias,águas santas,170301,41.766653,-7.358993,264373.0,533314.0,dms_recuperado,116.0,0.0,116.0,0.0,Florestal,449.0,Intencional,0,1,0,0,10.58
BL2121094,2012060029799.0,2012,8,31,2012-08-31,20:02:00,2012-09-01,04:31:00,2012-08-31,20:15:00,Coimbra,Pampilhosa da Serra,Pampilhosa da Serra,SOEIRINHO,61206,40.093263,-7.985362,212600.0,347200.0,dms_recuperado,111.0,3.6,107.4,0.0,Florestal,449.0,Intencional,0,1,0,0,8.48
BL4121202,2012100034142.0,2012,9,1,2012-09-01,14:20:00,2012-09-02,02:14:00,2012-09-01,14:35:00,Leiria,Óbidos,Olho Marinho,Cabeço da Grotas - Planalto das Cezaredas,101203,39.32083,-9.24917,103755.0,262021.0,dms_recuperado,518.0,518.0,0.0,0.0,Florestal,448.0,Intencional,0,1,0,0,11.9
BL4121181,2012100034131.0,2012,9,1,2012-09-01,13:30:00,2012-09-01,21:05:00,2012-09-01,13:45:00,Leiria,Caldas da Rainha,Vidais,VIDAIS,100615,39.370782,-9.054463,120602.0,267378.0,dms_recuperado,102.0,102.0,0.0,0.0,Florestal,448.0,Intencional,0,1,0,0,7.58
RO1121098,2012100034283.0,2012,9,2,2012-09-02,12:20:00,2012-09-04,08:30:00,2012-09-02,12:30:00,Santarém,Ourém,Ribeira do Farrio,MATA,142118,39.785495,-8.523253,166579.0,313090.0,dms_recuperado,6379.0,3130.0,1000.0,2249.0,Florestal,448.0,Intencional,0,1,0,0,44.17
BI1121221,2012090014863.0,2012,9,2,2012-09-02,21:10:00,2012-09-06,10:12:00,2012-09-02,21:22:00,Guarda,Seia,Torrozelo,Cova do Sapo- Etar de S.Romão,91222,40.385833,-7.766111,231060.0,379921.0,dms_recuperado,2530.0,2280.0,200.0,50.0,Florestal,448.0,Intencional,0,1,0,0,85.03
RO1121103,2012140038446.0,2012,9,2,2012-09-02,20:14:00,2012-09-04,22:00:00,2012-09-02,20:30:00,Santarém,Tomar,São Pedro de Tomar,SERRA / Amoreira,141813,39.536657,-8.35018,181338.0,285411.0,dms_recuperado,1954.0,670.0,1084.0,200.0,Florestal,448.0,Intencional,0,1,0,0,49.77
BL3122331,2012010048616.0,2012,9,2,2012-09-02,12:20:00,2012-09-05,01:45:00,2012-09-02,12:32:00,Aveiro,Águeda,Valongo do Vouga,Salgueiro,10119,40.624722,-8.298889,185969.0,406248.0,dms_recuperado,977.0,967.0,10.0,0.0,Florestal,6.0,Desconhecida,0,1,0,0,61.42
BL3122361,2012010048655.0,2012,9,2,2012-09-02,14:44:00,2012-09-03,02:18:00,2012-09-02,14:47:00,Aveiro,Albergaria-a-Velha,Albergaria-a-Velha,Assilho,10201,40.684483,-8.483271,170400.0,412900.0,dms_recuperado,370.0,360.0,10.0,0.0,Florestal,6.0,Desconhecida,0,1,0,0,11.57
BL1122021,2012180032909.0,2012,9,2,2012-09-02,14:02:00,2012-09-04,05:18:00,2012-09-02,14:07:00,Viseu,Mangualde,Mangualde,São Cosmado,180610,40.612451,-7.783354,229599.0,404900.0,derivado_xy,324.3,35.2,289.1,0.0,Florestal,448.0,Intencional,0,1,0,0,39.27
DM4121965,2012030045556.0,2012,9,2,2012-09-02,00:39:00,2012-09-02,02:55:00,2012-09-02,00:50:00,Braga,Cabeceiras de Basto,Rio Douro,ASNELA (M3),30415,41.557427,-7.940727,216051.0,509805.0,dms_recuperado,303.0,3.0,300.0,0.0,Florestal,711.0,Reacendimento,1,1,0,0,2.27
BL2121090,2012060030027.0,2012,9,2,2012-09-02,15:23:00,2012-09-02,22:18:00,2012-09-02,15:35:00,Coimbra,Figueira da Foz,Santana,Santana,60516,40.194012,-8.718455,150156.0,358541.0,dms_recuperado,260.0,255.0,5.0,0.0,Florestal,448.0,Intencional,0,1,0,0,6.92
BL1122061,2012180032907.0,2012,9,2,2012-09-02,13:46:00,2012-09-04,05:18:00,2012-09-02,13:55:00,Viseu,Mangualde,Mangualde,Darei (Moreira),180610,40.551389,-7.918333,218185.0,398102.0,dms_recuperado,257.26,152.69,104.57,0.0,Florestal,448.0,Intencional,0,1,0,0,39.53
BL4121185,2012100034306.0,2012,9,2,2012-09-02,13:57:00,2012-09-02,19:36:00,2012-09-02,14:05:00,Leiria,Bombarral,Bombarral,BARREIRAS,100501,39.245883,-9.15015,112200.0,253599.0,dms_recuperado,101.6,68.3,33.3,0.0,Florestal,630.0,Desconhecida,0,1,0,0,5.65
BL1122099,2012180033027.0,2012,9,3,2012-09-03,12:48:00,2012-09-05,14:24:00,2012-09-03,12:55:00,Viseu,Viseu,Cepões,QTA.SOBREIRA (Quinta da Sobreira),182308,40.743333,-7.877778,221561.0,419435.0,dms_recuperado,3074.0,1603.8,1470.2,0.0,Florestal,211.0,Negligente,0,1,0,0,49.6
BL1122101,2012180033109.0,2012,9,3,2012-09-03,22:05:00,2012-09-06,03:21:00,2012-09-03,22:20:00,Viseu,Carregal do Sal,Oliveira do Conde,Azenha,180204,40.432222,-7.956944,214836.0,385034.0,dms_recuperado,1670.0,1560.0,110.0,0.0,Florestal,448.0,Intencional,0,1,0,0,53.27
AT312428,2012020020455.0,2012,9,3,2012-09-03,02:30:00,2012-09-03,03:07:00,2012-09-03,02:52:00,Beja,Vidigueira,Vidigueira,Herdade do Gago,21403,38.2325,-7.734167,234813.0,140884.0,dms_recuperado,697.61,661.0,36.61,0.0,Florestal,449.0,Intencional,0,1,0,0,0.62
BL4121226,2012100034499.0,2012,9,3,2012-09-03,15:05:00,2012-09-05,01:53:00,2012-09-03,15:15:00,Leiria,Alvaiázere,Maçãs de Dona Maria,Charneca,100204,39.865,-8.325833,183384.0,322059.0,dms_recuperado,506.0,350.0,156.0,0.0,Florestal,449.0,Intencional,0,1,0,0,34.8
BL1122059,2012180033023.0,2012,9,3,2012-09-03,11:47:00,2012-09-04,16:40:00,2012-09-03,12:00:00,Viseu,Oliveira de Frades,Sejães,SEJÃES,181010,40.744431,-8.199429,194399.0,419500.0,dms_recuperado,474.0,460.3,13.7,0.0,Florestal,448.0,Intencional,0,1,0,0,28.88
BL2121080,2012060030091.0,2012,9,3,2012-09-03,05:06:00,2012-09-03,16:19:00,2012-09-03,05:15:00,Coimbra,Tábua,Carapinha,CARAPINHA,61603,40.282498,-8.097647,203016.0,368202.0,dms_recuperado,384.0,345.0,39.0,0.0,Florestal,448.0,Intencional,0,1,0,0,11.22
BI212454,2012050017388.0,2012,9,3,2012-09-03,12:37:00,2012-09-04,11:27:00,2012-09-03,12:53:00,Castelo Branco,Castelo Branco,Almaceda,Enchavosa,50202,40.002693,-7.673177,239274.0,337233.0,dms_recuperado,238.02,205.35,32.67,0.0,Florestal,630.0,Desconhecida,0,1,0,0,22.83
RO2122445,2012110121002.0,2012,9,3,2012-09-03,14:59:00,2012-09-04,00:22:00,2012-09-03,15:10:00,Lisboa,Torres Vedras,Ramalhal,Abrunheira / Casal da Malfarta,111311,39.128954,-9.206648,107062.0,240849.0,dms_recuperado,172.0,109.0,63.0,0.0,Florestal,630.0,Desconhecida,0,1,0,0,9.38
BI1121235,2012090014926.0,2012,9,3,2012-09-03,16:48:00,2012-09-04,10:36:00,2012-09-03,17:00:00,Guarda,Guarda,Avelãs de Ambom,Quinta da Barreira Branca,90707,40.621111,-7.234167,275954.0,406388.0,dms_recuperado,165.0,42.0,123.0,0.0,Florestal,225.0,Negligente,0,1,0,0,17.8
BI1121243,2012090014967.0,2012,9,4,2012-09-04,09:51:00,2012-09-05,18:35:00,2012-09-04,09:55:00,Guarda,Gouveia,Ribamondego,Lameirão de Baixo,90614,40.558889,-7.598889,245129.0,399224.0,dms_recuperado,1602.0,1212.0,390.0,0.0,Florestal,448.0,Intencional,0,1,0,0,32.73
BL1122189,2012180033258.0,2012,9,4,2012-09-04,19:17:00,2012-09-05,21:46:00,2012-09-04,19:23:00,Viseu,Mangualde,Santiago de Cassurrães,Contensas de Cima,180615,40.555833,-7.722222,234678.0,398816.0,dms_recuperado,608.92,143.14,465.78,0.0,Florestal,448.0,Intencional,0,1,0,0,26.48
RO2122451,2012110121429.0,2012,9,4,2012-09-04,11:48:00,2012-09-04,23:01:00,2012-09-04,11:52:00,Lisboa,Cadaval,Vilar,Pereiro - Serra Montejunto,110410,39.180493,-9.088798,117420.0,246282.0,dms_recuperado,192.0,102.0,90.0,0.0,Florestal,449.0,Intencional,0,1,0,0,11.22
DM2124033,2012130098639.0,2012,9,4,2012-09-04,04:55:00,2012-09-04,14:18:00,2012-09-04,05:10:00,Porto,Marco de Canaveses,Soalhães,L. VENDA GIESTA,130722,41.164388,-8.095816,203131.0,466136.0,dms_recuperado,148.0,25.0,123.0,0.0,Florestal,448.0,Intencional,0,1,0,0,9.38
TM1121638,2012170017057.0,2012,9,4,2012-09-04,04:38:00,2012-09-04,18:30:00,2012-09-04,04:55:00,Vila Real,Vila Real,Vila Marim,MINAS DA SEARA - MUAS,171429,41.33257,-7.798211,228037.0,484867.0,dms_recuperado,125.0,12.0,113.0,0.0,Florestal,311.0,Intencional,0,1,0,0,13.87
BL1122165,2012180033204.0,2012,9,4,2012-09-04,13:34:00,2012-09-05,09:25:00,2012-09-04,13:42:00,Viseu,Cinfães,Nespereira,CASTELINHO,180409,41.00824,-8.150797,198513.0,448794.0,dms_recuperado,124.0,10.0,114.0,0.0,Florestal,448.0,Intencional,0,1,0,0,19.85
TM212969,2012040013739.0,2012,9,4,2012-09-04,21:28:00,2012-09-05,09:26:00,2012-09-04,21:55:00,Bragança,Macedo de Cavaleiros,Talhas,TALHAS,40530,41.49004,-6.695017,320098.0,503299.0,dms_recuperado,110.0,0.0,110.0,0.0,Florestal,125.0,Negligente,0,1,0,0,11.97
BL2121148,2012060030550.0,2012,9,6,2012-09-06,12:49:00,2012-09-07,04:59:00,2012-09-06,12:52:00,Coimbra,Arganil,Coja,Salgueiral,60108,40.251033,-7.996042,211662.0,364717.0,dms_recuperado,901.99,721.2,180.79,0.0,Florestal,223.0,Negligente,0,1,0,0,16.17
BI1121267,2012090015098.0,2012,9,6,2012-09-06,15:06:00,2012-09-07,17:38:00,2012-09-06,15:26:00,Guarda,Fornos de Algodres,Sobral Pichorro,"Mata (Rua do Ribeiro 10, 6370, Portugal)",90513,40.680278,-7.458056,256956.0,412788.0,dms_recuperado,475.0,74.0,374.0,27.0,Florestal,448.0,Intencional,0,1,0,0,26.53
BL4121252,2012100034970.0,2012,9,6,2012-09-06,14:03:00,2012-09-07,06:44:00,2012-09-06,14:10:00,Leiria,Alvaiázere,Alvaiázere,GAMANHOS,100202,39.840888,-8.395088,177576.0,319200.0,dms_recuperado,175.78,8.0,167.78,0.0,Florestal,449.0,Intencional,0,1,0,0,16.68
BI1121263,2012090015069.0,2012,9,6,2012-09-06,02:21:00,2012-09-07,00:59:00,2012-09-06,02:40:00,Guarda,Gouveia,Aldeias,Encruzilhadas,90601,40.461667,-7.594167,245611.0,388428.0,dms_recuperado,125.0,35.0,90.0,0.0,Florestal,448.0,Intencional,0,1,0,0,22.63
BL1122300,2012180033771.0,2012,9,7,2012-09-07,16:35:00,2012-09-08,03:00:00,2012-09-07,16:45:00,Viseu,Vila Nova de Paiva,Touro,Cerdeira/POVOA (Cerdeira),182205,40.898889,-7.733056,233705.0,436746.0,dms_recuperado,485.0,5.0,480.0,0.0,Florestal,51.0,Natural,0,1,0,0,10.42
TM212976,2012040013888.0,2012,9,7,2012-09-07,00:22:00,2012-09-07,14:36:00,2012-09-07,00:45:00,Bragança,Torre de Moncorvo,Lousa,LOUSA,40911,41.169096,-7.175095,280399.0,467099.0,dms_recuperado,275.05,0.0,275.05,0.0,Florestal,125.0,Negligente,0,1,0,0,14.23
TM1121728,2012170017503.0,2012,9,8,2012-09-08,11:10:00,2012-09-08,12:25:00,2012-09-08,11:25:00,Vila Real,Chaves,Redondelo,LAMA LONGA - Pastoria,170324,41.735958,-7.537452,249557.0,529787.0,dms_recuperado,438.0,254.0,169.0,15.0,Florestal,448.0,Intencional,0,1,0,0,1.25
BL2121176,2012060030857.0,2012,9,8,2012-09-08,12:38:00,2012-09-09,21:01:00,2012-09-08,12:40:00,Coimbra,Arganil,Arganil,Lomba,60102,40.198455,-8.00539,210875.0,358877.0,dms_recuperado,254.86,114.7,140.16,0.0,Florestal,51.0,Natural,0,1,0,0,32.38
BL1122334,2012180033925.0,2012,9,8,2012-09-08,14:14:00,2012-09-08,17:49:00,2012-09-08,14:15:00,Viseu,Sátão,Ferreira de Aves,CARRASQUEIRA,181704,40.808898,-7.663108,239659.0,426762.0,dms_recuperado,159.0,32.0,127.0,0.0,Florestal,711.0,Reacendimento,1,1,0,0,3.58
TM2121013,2012040014403.0,2012,9,14,2012-09-14,16:40:00,2012-09-18,09:35:00,2012-09-14,16:55:00,Bragança,Macedo de Cavaleiros,Bornes,Alvaro Maio,40505,41.458131,-7.012197,293656.0,499364.0,dms_recuperado,530.0,132.0,398.0,0.0,Florestal,60.0,Desconhecida,0,1,0,0,88.92
TM2121034,2012040014446.0,2012,9,15,2012-09-15,14:03:00,2012-09-16,11:13:00,2012-09-15,14:25:00,Bragança,Mogadouro,Meirinhos,MEIRINHOS,40809,41.273013,-6.797052,311948.0,479059.0,dms_recuperado,790.19,179.0,611.19,0.0,Florestal,125.0,Negligente,1,1,0,0,21.17
TM2121032,2012040014455.0,2012,9,15,2012-09-15,16:08:00,2012-09-16,17:28:00,2012-09-15,16:20:00,Bragança,Carrazeda de Ansiães,Marzagão,LINHARES,40309,41.2125,-7.32833,267495.0,471790.0,dms_recuperado,223.02,155.83,14.69,52.5,Florestal,124.0,Negligente,0,1,0,0,25.33
DM2124749,2012130103908.0,2012,9,15,2012-09-15,15:06:00,2012-09-15,22:15:00,2012-09-15,15:15:00,Porto,Maia,Folgosa,FOLGOSA,130603,41.27278,-8.54028,165886.0,478254.0,dms_recuperado,188.22,150.56,37.66,0.0,Florestal,449.0,Intencional,0,1,0,0,7.15
BL2121216,2012060031785.0,2012,9,15,2012-09-15,15:53:00,2012-09-15,23:37:00,2012-09-15,16:00:00,Coimbra,Condeixa-a-Nova,Condeixa-a-Velha,Avenal,60405,40.106998,-8.463165,171859.0,348767.0,dms_recuperado,117.0,100.0,17.0,0.0,Florestal,448.0,Intencional,0,1,0,0,7.73
TM2121042,2012040014530.0,2012,9,16,2012-09-16,21:20:00,2012-09-17,18:11:00,2012-09-16,21:30:00,Bragança,Macedo de Cavaleiros,Lagoa,LAGOA (Moinho do Cubo),40516,41.447865,-6.728853,317348.0,498569.0,dms_recuperado,204.0,0.0,204.0,0.0,Florestal,125.0,Negligente,0,1,0,0,20.85
TM1121856,2012170018129.0,2012,9,16,2012-09-16,11:00:00,2012-09-17,03:16:00,2012-09-16,11:14:00,Vila Real,Peso da Régua,Sedielos,BOCO,170809,41.204228,-7.862048,222737.0,470595.0,dms_recuperado,189.79,0.0,189.79,0.0,Florestal,448.0,Intencional,0,1,0,0,16.27
TM2121070,2012040014680.0,2012,9,18,2012-09-18,20:32:00,2012-09-19,12:32:00,2012-09-18,20:50:00,Bragança,Mogadouro,Bemposta,BEMPOSTA - PNDI,40802,41.312781,-6.500694,336698.0,483900.0,dms_recuperado,408.41,70.0,303.41,35.0,Florestal,121.0,Negligente,0,1,0,0,16.0
BL2121249,2012060032190.0,2012,9,18,2012-09-18,16:26:00,2012-09-19,19:00:00,2012-09-18,16:33:00,Coimbra,Coimbra,Torres do Mondego,Palheiros,60329,40.201667,-8.361667,180536.0,359255.0,dms_recuperado,231.4,159.4,72.0,0.0,Florestal,448.0,Intencional,0,1,0,0,26.57
BL1122597,2012180036148.0,2012,9,22,2012-09-22,14:54:00,2012-09-22,22:49:00,2012-09-22,15:00:00,Viseu,Viseu,Santos Evos,Sernada,182325,40.672929,-7.835078,225199.0,411599.0,dms_recuperado,272.0,182.0,90.0,0.0,Florestal,448.0,Intencional,0,1,0,0,7.92
BI212571,2012050019818.0,2012,10,9,2012-10-09,16:17:00,2012-10-09,23:02:00,2012-10-09,16:18:00,Castelo Branco,Belmonte,Maçainhas,Vale de Somares,50105,40.403833,-7.301188,270622.0,382006.0,dms_recuperado,102.5,5.0,97.0,0.5,Florestal,121.0,Negligente,0,1,0,0,6.75
DM41354,2013030021385.0,2013,4,20,2013-04-20,14:26:00,2013-04-20,17:54:00,2013-04-20,15:00:00,Braga,Fafe,Vila Cova,RUA FORNELO(M3),30735,41.513036,-8.193574,194954.0,504858.0,dms_recuperado,285.0,57.0,228.0,0.0,Florestal,448.0,Intencional,0,1,0,0,3.47
BL313232,2013010029309.0,2013,5,25,2013-05-25,14:10:00,2013-05-26,10:13:00,2013-05-25,14:27:00,Aveiro,Sever do Vouga,Pessegueiro do Vouga,Foz,11704,40.708018,-8.387441,178508.0,415485.0,dms_recuperado,149.2,136.2,13.0,0.0,Florestal,6.0,Desconhecida,0,1,0,0,20.05
RO313172,2013150035401.0,2013,5,31,2013-05-31,15:24:00,2013-06-01,15:26:00,2013-05-31,15:40:00,Setúbal,Grândola,Azinheira Dos Barros e São Mamede do Sádão,MINA DO CANAL CAVEIRA - EUCALIPTOS DA BOIÇA,150501,38.102317,-8.463937,170980.0,126210.0,dms_recuperado,161.25,90.25,71.0,0.0,Florestal,221.0,Negligente,0,1,0,0,24.03
AT11357,2013070010846.0,2013,6,5,2013-06-05,14:49:00,2013-06-05,17:35:00,2013-06-05,15:23:00,Évora,Évora,Torre de Coelheiros,HERDADE DAS ATAFONAS,70513,38.416389,-7.769722,231632.0,161287.0,dms_recuperado,135.76,4.12,0.0,131.64,Agrícola,221.0,Negligente,0,1,0,0,2.77
AT21360,2013120008582.0,2013,6,23,2013-06-23,12:49:00,2013-06-23,17:05:00,2013-06-23,13:18:00,Portalegre,Nisa,Montalvão,"CM 1139 (Estrada Montalvão - Barragem de Cedillo) lado esq, sentido S-N",121205,39.62972,-7.53417,251421.0,295891.0,dms_recuperado,158.6326,81.9474,73.4362,3.249,Florestal,227.0,Negligente,0,1,0,0,4.27
AT313140,2013020013938.0,2013,6,27,2013-06-27,15:59:00,2013-06-27,18:24:00,2013-06-27,16:30:00,Beja,Vidigueira,Selmes,Matosa,21402,38.116389,-7.741389,234247.0,127996.0,dms_recuperado,109.66,0.0,0.0,109.66,Agrícola,222.0,Negligente,0,0,1,0,2.42
BL113283,2013180024016.0,2013,6,29,2013-06-29,02:38:00,2013-06-29,12:19:00,2013-06-29,02:57:00,Viseu,Vouzela,Alcofra,MEÃ,182401,40.60194,-8.17944,196079.0,403675.0,dms_recuperado,114.7,67.2,47.5,0.0,Florestal,448.0,Intencional,0,1,0,0,9.68
DM2131004,2013130075211.0,2013,6,29,2013-06-29,03:30:00,2013-06-29,20:19:00,2013-06-29,03:50:00,Porto,Amarante,Aboadela,L.PENOUÇOS,130101,41.278326,-7.98513,212400.0,478800.0,dms_recuperado,100.38,35.0,65.38,0.0,Florestal,711.0,Reacendimento,1,1,0,0,16.82
BL213216,2013060026507.0,2013,6,30,2013-06-30,15:37:00,2013-07-01,00:18:00,2013-06-30,15:47:00,Coimbra,Cantanhede,Tocha,Palheirão,60214,40.341926,-8.782308,144839.0,375004.0,dms_recuperado,137.092,119.092,18.0,0.0,Florestal,448.0,Intencional,0,1,0,0,8.68
AT313192,2013020014387.0,2013,7,4,2013-07-04,18:30:00,2013-07-05,03:11:00,2013-07-04,18:50:00,Beja,Beja,Santa Vitória,Monte da Lagoa Nova,20512,37.948333,-7.953333,215696.0,109285.0,dms_recuperado,432.09,39.0,0.0,393.09,Agrícola,222.0,Negligente,0,1,0,0,8.68
BL113321,2013180024779.0,2013,7,4,2013-07-04,03:01:00,2013-07-05,06:09:00,2013-07-04,03:11:00,Viseu,Viseu,Silgueiros,Quinta Adaúfa,182317,40.557778,-7.958333,214692.0,398971.0,dms_recuperado,286.0,35.5,250.5,0.0,Florestal,448.0,Intencional,0,1,0,0,27.13
RO113310,2013140032181.0,2013,7,4,2013-07-04,12:17:00,2013-07-05,02:24:00,2013-07-04,12:30:00,Santarém,Coruche,Erra,ERRA,140906,39.008964,-8.478542,170078.0,226860.0,dms_recuperado,165.95,160.95,5.0,0.0,Florestal,211.0,Negligente,0,1,0,0,14.12
BL313528,2013010037699.0,2013,7,5,2013-07-05,02:30:00,2013-07-06,21:46:00,2013-07-05,02:50:00,Aveiro,Sever do Vouga,Talhadas,Entre Doninhas e Macida,11708,40.656891,-8.343205,182233.0,409798.0,dms_recuperado,815.18,723.4,91.78,0.0,Florestal,6.0,Desconhecida,0,1,0,0,43.27
AT313202,2013020014443.0,2013,7,5,2013-07-05,15:14:00,2013-07-05,20:56:00,2013-07-05,15:35:00,Beja,Beja,Cabeça Gorda,Monte do Sardão,20504,37.930833,-7.801111,229083.0,107379.0,dms_recuperado,478.25,0.0,0.0,478.25,Agrícola,610.0,Desconhecida,0,0,1,0,5.7
AT21392,2013120009397.0,2013,7,5,2013-07-05,15:44:00,2013-07-05,18:03:00,2013-07-05,15:56:00,Portalegre,Fronteira,Cabeço de Vide,Marmica de Baixo,120801,39.109502,-7.598955,246199.0,238100.0,dms_recuperado,128.61,52.62,0.0,75.99,Florestal,610.0,Desconhecida,0,1,0,0,2.32
AG113254,2013080021946.0,2013,7,6,2013-07-06,14:31:00,2013-07-07,10:40:00,2013-07-06,14:35:00,Faro,Aljezur,Aljezur,Chabouco,80301,37.240182,-8.83405,137800.0,30700.0,dms_recuperado,452.5,7.0,445.5,0.0,Florestal,129.0,Negligente,0,1,0,0,20.15
AT313216,2013020014516.0,2013,7,6,2013-07-06,14:14:00,2013-07-06,22:53:00,2013-07-06,14:30:00,Beja,Mértola,Espírito Santo,Álamo,20903,37.579444,-7.684167,239549.0,68413.0,dms_recuperado,185.6,1.0,64.6,120.0,Florestal,449.0,Intencional,0,1,0,0,8.65
TM213120,2013040010107.0,2013,7,8,2013-07-08,14:45:00,2013-07-08,21:34:00,2013-07-08,15:00:00,Bragança,Torre de Moncorvo,Carviçais,CILHADES - FELGAR,40905,41.153432,-6.819818,310241.0,465748.0,dms_recuperado,298.21,0.0,298.21,0.0,Florestal,448.0,Intencional,0,1,0,0,6.82
TM213122,2013040010188.0,2013,7,9,2013-07-09,13:47:00,2013-07-11,15:51:00,2013-07-09,14:05:00,Bragança,Alfândega da Fé,Ferradosa,Picões,40105,41.248444,-6.938209,300158.0,476158.0,dms_recuperado,14136.09,1982.77,11723.37,429.95,Florestal,711.0,Reacendimento,1,1,0,0,50.07
AT313240,2013020014750.0,2013,7,9,2013-07-09,17:14:00,2013-07-09,19:55:00,2013-07-09,17:30:00,Beja,Beja,Santa Vitória,Monte da Lagoa Nova,20512,37.944444,-7.954444,215599.0,108853.0,dms_recuperado,192.07,0.0,0.0,192.07,Agrícola,222.0,Negligente,0,0,1,0,2.68
BI113252,2013090013225.0,2013,7,10,2013-07-10,14:22:00,2013-07-11,10:28:00,2013-07-10,14:35:00,Guarda,Trancoso,Vilares,Vale da Loba,91329,40.724444,-7.303056,270010.0,417809.0,dms_recuperado,666.0,179.0,420.0,67.0,Florestal,225.0,Negligente,0,1,0,0,20.1
AT213111,2013120009753.0,2013,7,10,2013-07-10,14:05:00,2013-07-10,16:31:00,2013-07-10,14:20:00,Portalegre,Elvas,Terrugem,Monte da Estalagem,120709,38.842862,-7.373841,265917.0,208636.0,dms_recuperado,106.642,52.345,0.0,54.297,Florestal,215.0,Negligente,0,1,0,0,2.43
TM213146,2013040010398.0,2013,7,12,2013-07-12,16:23:00,2013-07-12,20:03:00,2013-07-12,16:35:00,Bragança,Mirandela,Frechas,Barragem do Cachão,40716,41.384194,-7.16358,281099.0,490999.0,dms_recuperado,152.0,7.13,130.18,14.69,Florestal,448.0,Intencional,0,1,0,0,3.67
TM213133,2013040010549.0,2013,7,14,2013-07-14,18:32:00,2013-07-15,07:14:00,2013-07-14,18:45:00,Bragança,Carrazeda de Ansiães,Vilarinho da Castanheira,VILARINHO DA CASTANHEIRA,40318,41.209795,-7.22681,276012.0,471573.0,dms_recuperado,120.0,31.0,88.0,1.0,Florestal,60.0,Desconhecida,0,1,0,0,12.7
BI113283,2013090014077.0,2013,7,20,2013-07-20,14:44:00,2013-07-20,22:32:00,2013-07-20,15:00:00,Guarda,Trancoso,Palhais,"Cruzamento de Carapito, EN 226, Km 73",91313,40.808611,-7.441389,258260.0,427047.0,dms_recuperado,183.0,113.0,66.0,4.0,Florestal,227.0,Negligente,0,1,0,0,7.8
BL413306,2013100032607.0,2013,7,23,2013-07-23,11:34:00,2013-07-23,19:28:00,2013-07-23,11:41:00,Leiria,Figueiró dos Vinhos,Figueiró dos Vinhos,Lomba da Serra,100804,39.86833,-8.28389,187099.0,322225.0,dms_recuperado,103.0,103.0,0.0,0.0,Florestal,448.0,Intencional,0,1,0,0,7.9
AT313308,2013020015981.0,2013,7,30,2013-07-30,14:42:00,2013-07-31,00:12:00,2013-07-30,14:51:00,Beja,Ourique,Santana da Serra,IC1 - Portela do lobo,21206,37.530556,-8.2725,187582.0,62877.0,dms_recuperado,317.0,317.0,0.0,0.0,Florestal,227.0,Negligente,0,1,0,0,9.5
AT313318,2013020016052.0,2013,7,31,2013-07-31,17:30:00,2013-07-31,20:00:00,2013-07-31,17:38:00,Beja,Castro Verde,Casével,I.C. 1 Km 661,20601,37.730556,-8.223333,191949.0,85076.0,dms_recuperado,145.13,0.0,0.0,145.13,Agrícola,227.0,Negligente,0,0,1,0,2.5
BL113616,2013180029336.0,2013,8,1,2013-08-01,13:35:00,2013-08-17,09:51:00,2013-08-01,13:45:00,Viseu,Moimenta da Beira,Castelo,CASTELO,180708,41.035106,-7.628918,242399.0,451899.0,dms_recuperado,1627.0,202.82,1424.18,0.0,Florestal,448.0,Intencional,0,1,0,0,380.27
BL113621,2013180029322.0,2013,8,1,2013-08-01,12:26:00,2013-08-02,09:37:00,2013-08-01,12:27:00,Viseu,Penedono,Castainço,São Pedro,181203,40.995316,-7.441082,258230.0,447589.0,dms_recuperado,482.0,31.0,451.0,0.0,Florestal,630.0,Desconhecida,0,1,0,0,21.18
TM213192,2013040011648.0,2013,8,1,2013-08-01,15:23:00,2013-08-01,21:46:00,2013-08-01,15:35:00,Bragança,Miranda do Douro,Cicouro,Urreta Cuba- São Martinho de Angueira,40602,41.647347,-6.297838,352897.0,521399.0,dms_recuperado,337.821,9.5,313.321,15.0,Florestal,221.0,Negligente,0,1,0,0,6.38
TM113451,2013170013891.0,2013,8,1,2013-08-01,11:38:00,2013-08-01,13:05:00,2013-08-01,11:47:00,Vila Real,Boticas,Sapiãos,Sapelos,170215,41.72806,-7.57361,246555.0,528889.0,dms_recuperado,298.0,0.0,298.0,0.0,Florestal,125.0,Negligente,0,1,0,0,1.45
BL113618,2013180029363.0,2013,8,1,2013-08-01,16:47:00,2013-08-02,01:39:00,2013-08-01,17:05:00,Viseu,Mangualde,Chãs de Tavares,Serra das Pousadas,180603,40.59351,-7.605627,244652.0,402871.0,dms_recuperado,245.052,5.252,239.8,0.0,Florestal,448.0,Intencional,0,1,0,0,8.87
AT213174,2013120011596.0,2013,8,8,2013-08-08,13:11:00,2013-08-08,16:48:00,2013-08-08,13:20:00,Portalegre,Crato,Crato e Mártires,Estação do Crato,120602,39.258852,-7.6016,245874.0,254679.0,dms_recuperado,538.96,173.84,9.15,355.97,Florestal,212.0,Negligente,0,1,0,0,3.62
RO2131219,2013110116337.0,2013,8,10,2013-08-10,12:58:00,2013-08-11,00:10:00,2013-08-10,13:15:00,Lisboa,Alenquer,Carnota,Serra,110106,39.023218,-9.064964,119300.0,228800.0,dms_recuperado,270.0,70.0,200.0,0.0,Florestal,449.0,Intencional,0,1,0,0,11.2
BL113779,2013180030975.0,2013,8,11,2013-08-11,14:04:00,2013-08-12,18:11:00,2013-08-11,14:20:00,Viseu,Sátão,Vila Longa,VILA LONGA,181712,40.746667,-7.591111,245756.0,419897.0,dms_recuperado,1743.0,730.99,993.5,18.51,Florestal,448.0,Intencional,0,1,0,0,28.12
BL113764,2013180031013.0,2013,8,11,2013-08-11,17:32:00,2013-08-12,03:46:00,2013-08-11,17:42:00,Viseu,Sernancelhe,Arnas,QUINTA PAULO LOPES,181801,40.859427,-7.438114,258599.0,432499.0,dms_recuperado,1457.0,87.14,1369.86,0.0,Florestal,448.0,Intencional,0,1,0,0,10.23
BI113385,2013090015910.0,2013,8,11,2013-08-11,14:56:00,2013-08-12,23:14:00,2013-08-11,15:05:00,Guarda,Trancoso,Moreira de Rei,ESPORÕES,91312,40.840629,-7.317372,268799.0,430500.0,dms_recuperado,1108.0,360.0,606.0,142.0,Florestal,711.0,Reacendimento,1,1,0,0,32.3
BL113768,2013180031026.0,2013,8,11,2013-08-11,18:39:00,2013-08-12,13:15:00,2013-08-11,18:50:00,Viseu,Tabuaço,Arcos,Pinheiros,181902,41.051955,-7.569467,247387.0,453801.0,dms_recuperado,469.0,3.82,465.18,0.0,Florestal,448.0,Intencional,0,1,0,0,18.6
BL113778,2013180030966.0,2013,8,11,2013-08-11,13:19:00,2013-08-13,12:18:00,2013-08-11,13:35:00,Viseu,São Pedro do Sul,Sul,Aldeia de Sul,181616,40.868695,-8.060769,206100.0,433299.0,dms_recuperado,325.0,165.0,160.0,0.0,Florestal,449.0,Intencional,0,1,0,0,46.98
BL113754,2013180031015.0,2013,8,11,2013-08-11,17:33:00,,,2013-08-11,17:41:00,Viseu,Lamego,Magueija,Matancinha/PURGAÇAL,180512,41.062027,-7.873784,221799.0,454799.0,dms_recuperado,201.0,0.0,201.0,0.0,Florestal,125.0,Negligente,0,1,0,0,
DM2132991,2013130097206.0,2013,8,11,2013-08-11,15:49:00,2013-08-11,16:38:00,2013-08-11,16:00:00,Porto,Amarante,Lufrei,QUINTÃ (GONDAR),130121,41.274689,-8.050093,206957.0,478388.0,dms_recuperado,199.92,89.92,110.0,0.0,Florestal,448.0,Intencional,0,1,0,0,0.82
BL213563,2013060033335.0,2013,8,11,2013-08-11,13:47:00,2013-08-12,01:45:00,2013-08-11,14:00:00,Coimbra,Penacova,Penacova,Carvoeira,61307,40.262576,-8.275358,187900.0,365999.0,dms_recuperado,180.0,145.0,35.0,0.0,Florestal,630.0,Desconhecida,0,1,0,0,11.97
BL113797,2013180031202.0,2013,8,12,2013-08-12,14:51:00,2013-08-15,04:53:00,2013-08-12,14:57:00,Viseu,Penalva do Castelo,Sezures,Ponte Ferreira,181111,40.695833,-7.628611,242527.0,414414.0,dms_recuperado,1767.0,222.32,1533.46,11.22,Florestal,448.0,Intencional,0,1,0,0,62.03
BL113831,2013180031400.0,2013,8,13,2013-08-13,15:57:00,2013-08-15,02:54:00,2013-08-13,16:10:00,Viseu,Lamego,Lamego (Almacave),SERRA DAS MEADAS,180501,41.103771,-7.815067,226718.0,459452.0,dms_recuperado,334.0,0.0,334.0,0.0,Florestal,448.0,Intencional,0,1,0,0,34.95
TM213238,2013040012472.0,2013,8,13,2013-08-13,15:18:00,2013-08-14,02:56:00,2013-08-13,15:36:00,Bragança,Torre de Moncorvo,Cardanha,CARDANHA,40904,41.255144,-7.030666,292399.0,476799.0,dms_recuperado,332.6,0.0,332.6,0.0,Florestal,125.0,Negligente,0,1,0,0,11.63
BL113843,2013180031363.0,2013,8,13,2013-08-13,12:30:00,2013-08-15,04:54:00,2013-08-13,12:32:00,Viseu,Sátão,Vila Longa,VILA LONGA,181712,40.744088,-7.592046,245699.0,419599.0,dms_recuperado,163.9,163.9,0.0,0.0,Florestal,711.0,Reacendimento,1,1,0,0,40.4
BL213599,2013060033871.0,2013,8,14,2013-08-14,14:29:00,2013-08-14,23:22:00,2013-08-14,14:35:00,Coimbra,Miranda do Corvo,Miranda do Corvo,Albarrol,60902,40.06131,-8.355747,181005.0,343665.0,dms_recuperado,207.93,197.93,10.0,0.0,Florestal,448.0,Intencional,0,1,0,0,8.88
DM2133202,2013130098598.0,2013,8,14,2013-08-14,07:06:00,2013-08-15,02:51:00,2013-08-14,07:25:00,Porto,Penafiel,Santa Marta,"Portela do Monte (Rua Presa de Casais, 4560, Portugal)",131130,41.200833,-8.238611,191044.0,470376.0,dms_recuperado,125.396,0.0,125.396,0.0,Florestal,145.0,Negligente,0,1,0,0,19.75
BI213260,2013050016514.0,2013,8,15,2013-08-15,12:35:00,2013-08-16,01:00:00,2013-08-15,12:43:00,Castelo Branco,Covilhã,Coutada,Coutada,50329,40.187222,-7.584167,246650.0,357932.0,dms_recuperado,1282.944,809.749,24.794,448.401,Florestal,630.0,Desconhecida,0,1,0,0,12.42
BI113420,2013090016281.0,2013,8,15,2013-08-15,13:13:00,2013-08-17,17:50:00,2013-08-15,13:22:00,Guarda,Guarda,Aldeia Viçosa,ALDEIA VIÇOSA,90704,40.574737,-7.320692,268792.0,400969.0,dms_recuperado,1101.5,236.0,352.0,513.5,Florestal,711.0,Reacendimento,1,1,0,0,52.62
TM113579,2013170015061.0,2013,8,15,2013-08-15,15:49:00,2013-08-15,20:05:00,2013-08-15,16:10:00,Vila Real,Valpaços,Ervões,ERVÕES,171209,41.649367,-7.345177,265641.0,520297.0,dms_recuperado,389.0,51.5,334.0,3.5,Florestal,448.0,Intencional,0,1,0,0,4.27
TM113575,2013170015068.0,2013,8,15,2013-08-15,17:40:00,2013-08-16,03:42:00,2013-08-15,17:50:00,Vila Real,Alijó,Pegarinhos,SANTA EUGÉNIA,170108,41.350064,-7.422177,259499.0,486999.0,dms_recuperado,205.0,3.0,202.0,0.0,Florestal,448.0,Intencional,0,1,0,0,10.03
BI113418,2013090016283.0,2013,8,15,2013-08-15,13:33:00,2013-08-15,15:36:00,2013-08-15,13:43:00,Guarda,Celorico da Beira,Rapa,RAPA,90313,40.582366,-7.342954,266899.0,401799.0,dms_recuperado,185.0,85.0,74.0,26.0,Florestal,711.0,Reacendimento,1,1,0,0,2.05
BL113925,2013180031809.0,2013,8,15,2013-08-15,15:39:00,2013-08-16,03:16:00,2013-08-15,15:57:00,Viseu,Vila Nova de Paiva,Touro,PÓVOA,182205,40.911377,-7.740809,233052.0,438111.0,dms_recuperado,180.0,55.0,125.0,0.0,Florestal,448.0,Intencional,0,1,0,0,11.62
TM213258,2013040012770.0,2013,8,16,2013-08-16,20:37:00,2013-08-17,13:03:00,2013-08-16,20:55:00,Bragança,Mirandela,Lamas de Orelhão,"""Regato Vale do Muro""- Lamas de Orelhão",40718,41.441292,-7.281575,271167.0,497237.0,dms_recuperado,390.0,90.0,298.0,2.0,Florestal,441.0,Intencional,0,1,0,0,16.43
BL413439,2013100036528.0,2013,8,16,2013-08-16,14:30:00,2013-08-17,02:42:00,2013-08-16,14:35:00,Leiria,Figueiró dos Vinhos,Bairradas,Várzea Redonda,100805,39.85167,-8.23444,191328.0,320369.0,dms_recuperado,243.5,181.5,62.0,0.0,Florestal,211.0,Negligente,0,1,0,0,12.2
TM113605,2013170015218.0,2013,8,17,2013-08-17,00:05:00,2013-08-17,10:03:00,2013-08-17,00:30:00,Vila Real,Mondim de Basto,Ermelo,Barreiro,170504,41.359895,-7.829423,225413.0,487892.0,dms_recuperado,355.0,29.0,326.0,0.0,Florestal,711.0,Reacendimento,1,1,0,0,9.97
TM213266,2013040012878.0,2013,8,17,2013-08-17,22:37:00,2013-08-18,13:19:00,2013-08-17,22:56:00,Bragança,Torre de Moncorvo,Adeganha,JUNQUEIRA,40902,41.279585,-7.061625,289771.0,479481.0,dms_recuperado,237.26,0.0,237.26,0.0,Florestal,125.0,Negligente,0,1,0,0,14.7
BI113438,2013090016430.0,2013,8,17,2013-08-17,00:39:00,2013-08-17,22:50:00,2013-08-17,00:45:00,Guarda,Seia,Loriga,Fonte dos Carreiros,91207,40.333889,-7.670278,239229.0,374189.0,dms_recuperado,113.0,0.0,113.0,0.0,Florestal,448.0,Intencional,0,1,0,0,22.18
TM213276,2013040012949.0,2013,8,18,2013-08-18,15:27:00,2013-08-19,01:37:00,2013-08-18,15:45:00,Bragança,Vimioso,Matela,"""Seixo Branco""- Matela",41108,41.51721,-6.636918,324898.0,506400.0,dms_recuperado,103.89,40.0,63.89,0.0,Florestal,125.0,Negligente,0,1,0,0,10.17
DM313718,2013160015679.0,2013,8,19,2013-08-19,11:13:00,2013-08-22,09:52:00,2013-08-19,11:15:00,Viana do Castelo,Melgaço,Cousso,Estivadas,160304,42.05833,-8.29278,186786.0,565435.0,dms_recuperado,690.0,50.0,640.0,0.0,Florestal,152.0,Negligente,0,1,0,0,70.65
TM213283,2013040013058.0,2013,8,19,2013-08-19,16:50:00,2013-08-20,10:17:00,2013-08-19,16:57:00,Bragança,Mirandela,Aguieiras,Pádual Freixo,40703,41.689744,-7.203453,277399.0,524900.0,dms_recuperado,650.38,424.91,50.42,175.05,Florestal,448.0,Intencional,0,1,0,0,17.45
DM313723,2013160015659.0,2013,8,19,2013-08-19,06:01:00,2013-08-19,10:44:00,2013-08-19,06:15:00,Viana do Castelo,Melgaço,Roussas,SRª DA LURDES,160316,42.10194,-8.22944,192035.0,570271.0,dms_recuperado,388.0,106.0,282.0,0.0,Florestal,448.0,Intencional,0,1,0,0,4.72
DM313729,2013160015649.0,2013,8,19,2013-08-19,02:33:00,2013-08-19,08:22:00,2013-08-19,02:50:00,Viana do Castelo,Arcos de Valdevez,Extremo,PORTELA,160112,41.96418,-8.471685,171935.0,555021.0,dms_recuperado,297.9,30.0,267.9,0.0,Florestal,125.0,Negligente,0,1,0,0,5.82
BI113458,2013090016695.0,2013,8,19,2013-08-19,13:56:00,2013-08-19,18:29:00,2013-08-19,14:07:00,Guarda,Vila Nova De Foz Côa,Almendra,Castelo Calábria,91401,41.033056,-7.014722,293946.0,452345.0,dms_recuperado,130.0,0.0,120.0,10.0,Florestal,125.0,Negligente,0,1,0,0,4.55
BL1131072,2013180032825.0,2013,8,20,2013-08-20,23:54:00,2013-08-27,13:25:00,2013-08-21,00:15:00,Viseu,Vouzela,Alcofra,Castanheirinho,182401,40.628056,-8.185,195502.0,406756.0,dms_recuperado,1522.2,1128.3,393.9,0.0,Florestal,448.0,Intencional,0,1,0,0,157.52
BL213684,2013060034913.0,2013,8,20,2013-08-20,13:59:00,2013-08-21,10:58:00,2013-08-20,14:09:00,Coimbra,Góis,Alvares,Roda Cimeira,60601,40.065432,-8.097948,203000.0,344100.0,dms_recuperado,1240.0,1060.0,180.0,0.0,Florestal,448.0,Intencional,0,1,0,0,20.98
BI213297,2013050016928.0,2013,8,20,2013-08-20,16:56:00,2013-08-20,23:12:00,2013-08-20,17:12:00,Castelo Branco,Fundão,Mata da Rainha,Vale das Vacas,50430,40.103145,-7.323889,268999.0,348599.0,dms_recuperado,702.13,286.127,346.207,69.796,Florestal,630.0,Desconhecida,0,1,0,0,6.27
DM313769,2013160015861.0,2013,8,20,2013-08-20,21:12:00,2013-08-22,18:39:00,2013-08-20,21:50:00,Viana do Castelo,Viana do Castelo,Montaria,MONTARIA,160920,41.810715,-8.744775,149175.0,538101.0,dms_recuperado,537.69,0.0,537.69,0.0,Florestal,448.0,Intencional,0,1,0,0,45.45
TM113668,2013170015602.0,2013,8,20,2013-08-20,20:50:00,2013-08-20,23:47:00,2013-08-20,21:30:00,Vila Real,Boticas,Alturas do Barroso,Vilarinho Seco,170201,41.683169,-7.820873,226000.0,523799.0,dms_recuperado,169.0,0.0,169.0,0.0,Florestal,125.0,Negligente,0,1,0,0,2.95
TM113679,2013170015603.0,2013,8,20,2013-08-20,21:15:00,2013-08-21,02:39:00,2013-08-20,21:28:00,Vila Real,Murça,Noura,MOURÃO - SOBREDO,170706,41.391494,-7.424118,259299.0,491599.0,dms_recuperado,140.0,120.0,15.0,5.0,Florestal,448.0,Intencional,0,1,0,0,5.4
RO113661,2013140040453.0,2013,8,20,2013-08-20,15:39:00,2013-08-20,20:45:00,2013-08-20,15:48:00,Santarém,Benavente,Samora Correia,Monte da Formiga,140502,38.84972,-8.739009,147400.0,209299.0,dms_recuperado,130.377,124.0,6.377,0.0,Florestal,215.0,Negligente,0,1,0,0,5.1
BL1131049,2013180032725.0,2013,8,20,2013-08-20,15:03:00,2013-08-23,18:30:00,2013-08-20,15:38:00,Viseu,Castro Daire,Pepim,Pepim,180317,40.898018,-7.94827,215577.0,436570.0,dms_recuperado,129.0,109.0,20.0,0.0,Florestal,448.0,Intencional,0,1,0,0,75.45
DM4131188,2013030046085.0,2013,8,20,2013-08-20,21:22:00,2013-08-21,03:46:00,2013-08-20,21:43:00,Braga,Terras de Bouro,Chamoim,Alecrimes,31005,41.713889,-8.255833,189697.0,527345.0,dms_recuperado,126.0,2.0,124.0,0.0,Florestal,125.0,Negligente,0,1,0,0,6.4
BL1131063,2013180032814.0,2013,8,20,2013-08-20,22:22:00,2013-08-21,11:56:00,2013-08-20,23:18:00,Viseu,Resende,Paus,Fazamões,181310,41.058514,-7.916623,218200.0,454400.0,dms_recuperado,123.0,37.0,86.0,0.0,Florestal,448.0,Intencional,0,1,0,0,13.57
TM113702,2013170015705.0,2013,8,21,2013-08-21,20:51:00,2013-08-24,07:48:00,2013-08-21,21:00:00,Vila Real,Vila Pouca de Aguiar,Telões,costa - SOUTELINHO DO MEZIO,171311,41.42892,-7.712027,235199.0,495599.0,dms_recuperado,3838.0,555.5,3282.5,0.0,Florestal,448.0,Intencional,0,1,0,0,58.95
TM113703,2013170015707.0,2013,8,21,2013-08-21,21:04:00,2013-08-23,01:52:00,2013-08-21,22:00:00,Vila Real,Vila Pouca de Aguiar,Soutelo de Aguiar,Montenegrelo,171310,41.47739,-7.642156,241009.0,501013.0,dms_recuperado,1390.0,156.0,1234.0,0.0,Florestal,610.0,Desconhecida,0,1,0,0,28.8
TM113681,2013170015654.0,2013,8,21,2013-08-21,12:11:00,2013-08-23,08:51:00,2013-08-21,12:15:00,Vila Real,Valpaços,Vales,VALE DE ÉGUA,171227,41.475607,-7.383623,262605.0,500970.0,dms_recuperado,1350.0,0.0,1350.0,0.0,Florestal,610.0,Desconhecida,0,1,0,0,44.67
BL1131087,2013180032831.0,2013,8,21,2013-08-21,00:25:00,2013-08-25,01:15:00,2013-08-21,00:50:00,Viseu,Tondela,Silvares,Parque Eolico Serra do Caramulo,182121,40.543333,-8.212778,193241.0,397197.0,dms_recuperado,1345.56,598.57,746.99,0.0,Florestal,448.0,Intencional,0,1,0,0,96.83
BI113481,2013090016912.0,2013,8,21,2013-08-21,11:55:00,2013-08-22,08:45:00,2013-08-21,12:05:00,Guarda,Trancoso,Trancoso (Santa Maria),Quinta dos Cavalos,91317,40.795,-7.346389,266291.0,425614.0,dms_recuperado,1306.0,399.0,702.0,205.0,Florestal,448.0,Intencional,0,1,0,0,20.83
BL1131115,2013180032937.0,2013,8,21,2013-08-21,14:08:00,2013-08-23,23:39:00,2013-08-21,14:25:00,Viseu,Penalva do Castelo,Antas,MARECO,181101,40.669952,-7.56346,248167.0,411382.0,dms_recuperado,1306.0,254.26,995.51,56.23,Florestal,448.0,Intencional,0,1,0,0,57.52
TM113700,2013170015668.0,2013,8,21,2013-08-21,14:45:00,2013-08-22,23:18:00,2013-08-21,14:50:00,Vila Real,Boticas,Boticas,rampa das MOTAS,170205,41.686389,-7.666667,238733.0,524410.0,dms_recuperado,943.0,229.0,714.0,0.0,Florestal,448.0,Intencional,0,1,0,0,32.55
BL1131120,2013180033020.0,2013,8,21,2013-08-21,22:30:00,2013-08-22,07:23:00,2013-08-21,22:52:00,Viseu,Resende,Panchorra,Talhada,181309,41.029775,-7.961902,214400.0,451199.0,dms_recuperado,803.0,0.0,803.0,0.0,Florestal,125.0,Negligente,0,1,0,0,8.88
TM113710,2013170015659.0,2013,8,21,2013-08-21,13:05:00,2013-08-22,04:28:00,2013-08-21,13:19:00,Vila Real,Boticas,São Salvador de Viveiro,VIVEIRO,170214,41.673649,-7.7765,229698.0,522756.0,dms_recuperado,221.0,171.0,50.0,0.0,Florestal,125.0,Negligente,0,1,0,0,15.38
TM113707,2013170015669.0,2013,8,21,2013-08-21,14:55:00,2013-08-21,21:10:00,2013-08-21,15:10:00,Vila Real,Boticas,São Salvador de Viveiro,Agrelos,170214,41.659727,-7.80898,226999.0,521199.0,dms_recuperado,172.89,0.0,171.89,1.0,Florestal,113.0,Negligente,0,1,0,0,6.25
BL1131095,2013180032833.0,2013,8,21,2013-08-21,00:41:00,2013-08-22,02:50:00,2013-08-21,08:40:00,Viseu,Castro Daire,Gosende,Cotelo,180309,41.007222,-7.903611,219187.0,448915.0,dms_recuperado,153.5,0.0,153.5,0.0,Florestal,630.0,Desconhecida,0,1,0,0,26.15
BL213693,2013060035092.0,2013,8,21,2013-08-21,15:08:00,2013-08-21,21:59:00,2013-08-21,15:15:00,Coimbra,Oliveira do Hospital,Penalva de Alva,Caldas de São Paulo,61113,40.330505,-7.83517,225320.0,373575.0,dms_recuperado,150.0,80.0,70.0,0.0,Florestal,444.0,Intencional,0,1,0,0,6.85
BL1131108,2013180032970.0,2013,8,21,2013-08-21,17:24:00,2013-08-21,23:23:00,2013-08-21,17:40:00,Viseu,Lamego,Pretarouca,PRETAROUCA,180518,41.02698,-7.907213,219000.0,450899.0,dms_recuperado,116.95,0.0,116.95,0.0,Florestal,448.0,Intencional,0,1,0,0,5.98
BL1131143,2013180033044.0,2013,8,22,2013-08-22,05:12:00,2013-08-25,21:50:00,2013-08-22,05:55:00,Viseu,Tarouca,Várzea da Serra,Fonte Grande,182009,40.99722,-7.82667,225785.0,447615.0,dms_recuperado,4074.94,1237.44,2764.5,73.0,Florestal,448.0,Intencional,0,1,0,0,88.63
TM113730,2013170015782.0,2013,8,22,2013-08-22,13:40:00,2013-08-23,06:08:00,2013-08-22,13:55:00,Vila Real,Boticas,Ardãos,CALHAU REDONDO,170202,41.758333,-7.61,243392.0,532441.0,dms_recuperado,545.0,158.0,375.0,12.0,Florestal,125.0,Negligente,0,1,0,0,16.47
TM213310,2013040013343.0,2013,8,22,2013-08-22,18:25:00,2013-08-23,05:23:00,2013-08-22,18:40:00,Bragança,Vinhais,Ervedosa,"""Borralheira""- Soutilha",41208,41.716647,-7.088911,286899.0,527999.0,derivado_xy,526.65,47.7,478.45,0.5,Florestal,711.0,Reacendimento,1,1,0,0,10.97
BL1131132,2013180033046.0,2013,8,22,2013-08-22,05:30:00,2013-08-22,19:35:00,2013-08-22,06:45:00,Viseu,Resende,Felgueiras,SÃO CRISTOVÃO,181305,41.060939,-7.934903,216662.0,454665.0,dms_recuperado,307.0,12.0,295.0,0.0,Florestal,448.0,Intencional,0,1,0,0,14.08
TM113712,2013170015739.0,2013,8,22,2013-08-22,05:50:00,2013-08-23,06:30:00,2013-08-22,05:58:00,Vila Real,Valpaços,Santiago da Ribeira de Alhariz,SANTIAGO RIBEIRA ALHARIZ,171221,41.615535,-7.400078,261099.0,516499.0,dms_recuperado,243.0,243.0,0.0,0.0,Florestal,448.0,Intencional,0,1,0,0,24.67
TM213308,2013040013327.0,2013,8,22,2013-08-22,14:50:00,2013-08-23,12:29:00,2013-08-22,14:55:00,Bragança,Miranda do Douro,Miranda do Douro,Vale de Águia - PNDI,40608,41.528511,-6.242496,357797.0,508299.0,dms_recuperado,179.39,119.5,59.89,0.0,Florestal,60.0,Desconhecida,0,1,0,0,21.65
BI113497,2013090017019.0,2013,8,22,2013-08-22,14:45:00,2013-08-22,19:20:00,2013-08-22,14:50:00,Guarda,Vila Nova De Foz Côa,Castelo Melhor,CABEÇO DE ESPINHO,91402,41.03,-7.050833,290918.0,451960.0,dms_recuperado,118.0,0.0,112.1,5.9,Florestal,125.0,Negligente,0,1,0,0,4.58
BL1131149,2013180033192.0,2013,8,22,2013-08-22,21:40:00,2013-08-23,18:30:00,2013-08-22,22:10:00,Viseu,Cinfães,Gralheira,GRALHEIRA,180407,41.005471,-7.967908,213899.0,448499.0,dms_recuperado,116.0,0.0,116.0,0.0,Florestal,125.0,Negligente,0,1,0,0,20.83
TM113765,2013170015907.0,2013,8,23,2013-08-23,22:25:00,2013-08-25,11:18:00,2013-08-23,22:55:00,Vila Real,Chaves,Calvão,CAMPINAS,170306,41.791074,-7.553276,248199.0,535899.0,dms_recuperado,1412.311,1412.311,0.0,0.0,Florestal,449.0,Intencional,0,1,0,0,36.88
BI213324,2013050017145.0,2013,8,23,2013-08-23,04:51:00,2013-08-24,19:07:00,2013-08-23,05:05:00,Castelo Branco,Covilhã,Cantar-Galo,Quinta da Alçada,50330,40.295833,-7.48,255531.0,369909.0,dms_recuperado,942.326,106.191,836.135,0.0,Florestal,630.0,Desconhecida,0,1,0,0,38.27
TM113762,2013170015879.0,2013,8,23,2013-08-23,16:00:00,2013-08-25,03:35:00,,,Vila Real,Boticas,Beça,Torneiros,170203,41.665597,-7.680475,237699.0,521899.0,dms_recuperado,850.0,800.0,50.0,0.0,Florestal,,,0,1,0,0,35.58
TM113742,2013170015841.0,2013,8,23,2013-08-23,10:39:00,2013-08-23,13:11:00,2013-08-23,10:50:00,Vila Real,Boticas,Beça,codessoso,170203,41.665597,-7.680475,237699.0,521899.0,dms_recuperado,474.86,474.86,0.0,0.0,Florestal,449.0,Intencional,0,1,0,0,2.53
TM213314,2013040013400.0,2013,8,23,2013-08-23,15:20:00,2013-08-24,05:47:00,2013-08-23,15:40:00,Bragança,Vinhais,Vinhais,Armoniz,41235,41.78743,-7.049271,290099.0,535900.0,dms_recuperado,424.22,91.0,312.22,21.0,Florestal,125.0,Negligente,0,1,0,0,14.45
TM113749,2013170015858.0,2013,8,23,2013-08-23,13:45:00,2013-08-24,01:14:00,2013-08-23,13:55:00,Vila Real,Boticas,Sapiãos,Sapelos,170215,41.722861,-7.597152,244599.0,528299.0,dms_recuperado,400.0,0.0,400.0,0.0,Florestal,711.0,Reacendimento,1,1,0,0,11.48
BI113502,2013090017121.0,2013,8,23,2013-08-23,16:00:00,2013-08-24,01:09:00,2013-08-23,16:11:00,Guarda,Sabugal,Nave,Aldeia da Dona,91120,40.422778,-6.953056,300059.0,384635.0,dms_recuperado,368.5,118.0,178.5,72.0,Florestal,133.0,Negligente,0,1,0,0,9.15
BL1131171,2013180033346.0,2013,8,23,2013-08-23,20:30:00,2013-08-24,01:40:00,2013-08-23,21:25:00,Viseu,Lamego,Pretarouca,PRETAROUCA,180518,41.02698,-7.907213,219000.0,450899.0,dms_recuperado,153.0,0.0,153.0,0.0,Florestal,448.0,Intencional,0,1,0,0,5.17
TM113794,2013170015966.0,2013,8,24,2013-08-24,15:20:00,2013-08-26,22:12:00,2013-08-24,16:00:00,Vila Real,Valpaços,Vales,SÃO PEDRO VEIGA DE LILA,171227,41.456692,-7.372143,263583.0,498877.0,dms_recuperado,1696.0,1596.0,100.0,0.0,Florestal,448.0,Intencional,0,1,0,0,54.87
BL1131192,2013180033499.0,2013,8,24,2013-08-24,19:47:00,2013-08-27,23:30:00,2013-08-24,20:52:00,Viseu,Cinfães,Alhões,MONTEMURO/ Bustelo,180401,40.99206,-8.008386,210496.0,447004.0,dms_recuperado,982.0,176.0,806.0,0.0,Florestal,448.0,Intencional,0,1,0,0,75.72
DM313931,2013160016278.0,2013,8,24,2013-08-24,23:35:00,2013-08-26,20:44:00,2013-08-24,23:45:00,Viana do Castelo,Ponte de Lima,Correlhã,SRA BOA MORTE - CORRELHA,160716,41.748373,-8.612499,160128.0,531106.0,dms_recuperado,865.0,259.0,606.0,0.0,Florestal,448.0,Intencional,0,1,0,0,45.15
TM113788,2013170015997.0,2013,8,24,2013-08-24,21:44:00,2013-08-26,23:39:00,2013-08-24,22:05:00,Vila Real,Peso da Régua,Sedielos,lugar DA CAVADINHA - FERRARIA,170809,41.200833,-7.859722,222817.0,470428.0,dms_recuperado,767.0,0.0,767.0,0.0,Florestal,125.0,Negligente,0,1,0,0,49.92
DM313910,2013160016228.0,2013,8,24,2013-08-24,15:07:00,2013-08-25,19:36:00,2013-08-24,15:20:00,Viana do Castelo,Caminha,Dem,Boucinha- DEM,160209,41.836675,-8.770008,147100.0,540999.0,dms_recuperado,351.61,195.49,156.12,0.0,Florestal,448.0,Intencional,0,1,0,0,28.48
DM313909,2013160016227.0,2013,8,24,2013-08-24,15:07:00,2013-08-25,18:59:00,2013-08-24,15:10:00,Viana do Castelo,Ponte de Lima,Moreira do Lima,OUTEIRO - MOREIRA DO LIMA,160732,41.797757,-8.627476,158914.0,536599.0,dms_recuperado,143.0,43.0,100.0,0.0,Florestal,448.0,Intencional,0,1,0,0,27.87
BL1131218,2013180033605.0,2013,8,25,2013-08-25,11:19:00,2013-08-27,15:28:00,2013-08-25,11:20:00,Viseu,Oliveira de Frades,Arcozelo das Maias,Soutinho,181002,40.714644,-8.276324,187899.0,416200.0,dms_recuperado,1551.73,1339.0,212.73,0.0,Florestal,448.0,Intencional,0,1,0,0,52.15
BL213739,2013060035662.0,2013,8,25,2013-08-25,10:12:00,2013-08-26,00:50:00,2013-08-25,10:20:00,Coimbra,Oliveira Do Hospital,Lagares,ERVEDAL,61106,40.409645,-7.874753,221930.0,382352.0,dms_recuperado,830.0,120.0,710.0,0.0,Florestal,444.0,Intencional,0,1,0,0,14.63
DM4131377,2013030047201.0,2013,8,25,2013-08-25,16:36:00,2013-08-26,19:59:00,2013-08-25,16:50:00,Braga,Guimarães,Briteiros (Santa Leocádia),AREDES(M5 E M6),30843,41.530463,-8.337213,182968.0,506813.0,dms_recuperado,361.0,300.0,61.0,0.0,Florestal,630.0,Desconhecida,0,1,0,0,27.38
BL1131200,2013180033537.0,2013,8,25,2013-08-25,00:13:00,2013-08-25,13:24:00,2013-08-25,00:30:00,Viseu,Mangualde,Santiago de Cassurrães,Aldeia Nova,180615,40.594076,-7.67831,238499.0,402900.0,dms_recuperado,322.13,5.23,316.9,0.0,Florestal,448.0,Intencional,0,1,0,0,13.18
DM4131359,2013030047119.0,2013,8,25,2013-08-25,10:28:00,2013-08-25,23:15:00,2013-08-25,10:40:00,Braga,Cabeceiras De Basto,Cavez,REBORIÇA(M6),30407,41.522094,-7.895342,219848.0,505890.0,dms_recuperado,283.0,15.0,268.0,0.0,Florestal,448.0,Intencional,0,1,0,0,12.78
BL1131214,2013180033582.0,2013,8,25,2013-08-25,09:26:00,2013-08-26,02:58:00,2013-08-25,09:54:00,Viseu,Resende,Paus,LAGES,181310,41.076293,-7.92117,217813.0,456373.0,dms_recuperado,172.0,2.0,170.0,0.0,Florestal,448.0,Intencional,0,1,0,0,17.53
TM113806,2013170016037.0,2013,8,25,2013-08-25,10:33:00,2013-08-26,04:19:00,2013-08-25,10:33:00,Vila Real,Valpaços,Sanfins,SANFINS,171218,41.59092,-7.353583,264999.0,513799.0,dms_recuperado,142.5,10.0,122.5,10.0,Florestal,448.0,Intencional,0,1,0,0,17.77
TM113801,2013170016017.0,2013,8,25,2013-08-25,03:35:00,2013-08-26,01:41:00,2013-08-25,03:50:00,Vila Real,Alijó,Pegarinhos,picota,170108,41.345827,-7.466431,255799.0,486500.0,dms_recuperado,142.0,46.91,95.09,0.0,Florestal,448.0,Intencional,0,1,0,0,22.1
DM313942,2013160016291.0,2013,8,25,2013-08-25,01:01:00,2013-08-25,18:01:00,2013-08-25,01:15:00,Viana do Castelo,Ponte de Lima,Gemieira,Chouso-GEMIEIRA/RIBEIRA/SERDEDELO,160727,41.778042,-8.520435,167801.0,534363.0,dms_recuperado,120.0,40.0,80.0,0.0,Florestal,125.0,Negligente,0,1,0,0,17.0
DM4131344,2013030047031.0,2013,8,25,2013-08-25,01:01:00,2013-08-25,11:04:00,2013-08-25,01:15:00,Braga,Fafe,Quinchães,CASADELA (M5),30722,41.431551,-8.135626,199792.0,495807.0,dms_recuperado,112.0,100.0,12.0,0.0,Florestal,448.0,Intencional,0,1,0,0,10.05
DM2134118,2013130104142.0,2013,8,25,2013-08-25,10:25:00,2013-08-26,03:48:00,2013-08-25,10:40:00,Porto,Felgueiras,Jugueiros,LG. CORTE DE LOBO,130307,41.399922,-8.201662,194269.0,492296.0,dms_recuperado,112.0,112.0,0.0,0.0,Florestal,6.0,Desconhecida,0,1,0,0,17.38
BI113531,2013090017429.0,2013,8,26,2013-08-26,21:17:00,2013-08-28,00:31:00,2013-08-26,21:18:00,Guarda,Vila Nova De Foz Côa,Numão,Ribeira da Teja-EN222-4,91411,41.129444,-7.281111,271449.0,462783.0,dms_recuperado,433.0,214.0,201.0,18.0,Florestal,125.0,Negligente,0,1,0,0,27.23
BL1131265,2013180033785.0,2013,8,26,2013-08-26,11:35:00,2013-09-29,18:14:00,2013-08-26,12:45:00,Viseu,Resende,Cárquere,Ribeirinha,181303,41.085833,-7.956667,214707.0,457631.0,dms_recuperado,289.9,9.9,280.0,0.0,Florestal,448.0,Intencional,0,1,0,0,822.65
DM3131023,2013160016486.0,2013,8,26,2013-08-26,15:39:00,2013-08-27,20:58:00,2013-08-26,15:46:00,Viana do Castelo,Arcos de Valdevez,Cabreiro,CABREIRO/SÁ,160106,41.946262,-8.355473,181564.0,552999.0,dms_recuperado,231.6,170.0,61.6,0.0,Florestal,448.0,Intencional,0,1,0,0,29.32
DM3131001,2013160016415.0,2013,8,26,2013-08-26,00:31:00,2013-08-27,01:34:00,2013-08-26,00:37:00,Viana do Castelo,Vila Nova de Cerveira,Cornes,Vilar-CORNES,161003,41.938901,-8.674562,155100.0,552299.0,dms_recuperado,205.0,20.0,185.0,0.0,Florestal,126.0,Negligente,0,1,0,0,25.05
TM213342,2013040013657.0,2013,8,27,2013-08-27,02:30:00,2013-08-29,13:20:00,2013-08-27,02:35:00,Bragança,Vila FLor,Freixiel,SAMÕES,41005,41.300607,-7.227948,275812.0,481658.0,dms_recuperado,3391.54,1587.06,1491.24,313.24,Florestal,312.0,Negligente,0,1,0,0,58.83
TM113850,2013170016203.0,2013,8,27,2013-08-27,04:45:00,2013-08-27,11:52:00,2013-08-27,05:30:00,Vila Real,Mondim de Basto,Ermelo,VAQUEIRO,170504,41.364486,-7.839128,224599.0,488400.0,dms_recuperado,2781.025,2100.715,645.31,35.0,Florestal,711.0,Reacendimento,1,1,0,0,7.12
DM2134337,2013130105058.0,2013,8,27,2013-08-27,02:00:00,2013-08-28,15:04:00,2013-08-27,02:30:00,Porto,Amarante,Candemil,LG. MURGIDO,130107,41.225472,-7.939972,216196.0,472937.0,dms_recuperado,1245.99,66.0,1168.99,11.0,Florestal,711.0,Reacendimento,1,1,0,0,37.07
BI113538,2013090017465.0,2013,8,27,2013-08-27,12:16:00,2013-08-28,00:41:00,2013-08-27,12:35:00,Guarda,Figueira de Castelo Rodrigo,Vilar de Amargo,Rodo das Colmeias,90416,40.967222,-6.995556,295642.0,445058.0,dms_recuperado,563.0,309.65,253.35,0.0,Florestal,125.0,Negligente,0,1,0,0,12.42
BL1131286,2013180033890.0,2013,8,27,2013-08-27,02:01:00,2013-09-26,02:35:00,2013-08-27,02:26:00,Viseu,Mangualde,Santiago de Cassurrães,Aldeia Nova,180615,40.594076,-7.67831,238499.0,402900.0,dms_recuperado,181.8,25.5,156.3,0.0,Florestal,448.0,Intencional,0,1,0,0,720.57
DM4131437,2013030047539.0,2013,8,27,2013-08-27,07:42:00,2013-08-27,19:53:00,2013-08-27,07:55:00,Braga,Póvoa de Lanhoso,Friande,"Foz (EM595-2, 4830, Portugal)",30911,41.638889,-8.268056,188663.0,519026.0,dms_recuperado,173.0,7.0,166.0,0.0,Florestal,125.0,Negligente,0,1,0,0,12.18
DM2134360,2013130105279.0,2013,8,27,2013-08-27,13:00:00,2013-08-27,17:30:00,2013-08-27,13:25:00,Porto,Baião,Teixeira,LUGAR SENHORA DA SERRA (Fundo do Lugar),130216,41.124167,-8.055556,206492.0,461696.0,dms_recuperado,104.0,0.0,104.0,0.0,Florestal,610.0,Desconhecida,0,1,0,0,4.5
BL1131341,2013180034130.0,2013,8,28,2013-08-28,11:05:00,2013-08-31,11:55:00,2013-08-28,11:20:00,Viseu,Tondela,Guardão,Caramulo,182108,40.5675,-8.168611,196988.0,399852.0,dms_recuperado,6853.5,5988.7,864.8,0.0,Florestal,221.0,Negligente,0,1,0,0,72.83
BI113546,2013090017516.0,2013,8,28,2013-08-28,00:53:00,2013-08-30,08:12:00,2013-08-28,01:30:00,Guarda,Vila Nova De Foz Côa,Almendra,Vale do Mateus,91401,40.993333,-7.075,288917.0,447866.0,dms_recuperado,2055.0,20.0,1935.0,100.0,Florestal,125.0,Negligente,0,1,0,0,55.32
BI113548,2013090017575.0,2013,8,28,2013-08-28,21:08:00,2013-08-29,08:31:00,2013-08-28,21:08:00,Guarda,Vila Nova De Foz Côa,Muxagata,Ribeira dos Piscos,91410,41.016667,-7.136389,283722.0,450390.0,dms_recuperado,899.0,32.0,708.0,159.0,Florestal,125.0,Negligente,0,1,0,0,11.38
DM2134457,2013130105629.0,2013,8,28,2013-08-28,03:27:00,2013-08-30,03:37:00,2013-08-28,03:40:00,Porto,Marco de Canaveses,Manhuncelos,SERRA DE MONTEDEIRAS,130711,41.146057,-8.145045,198999.0,464100.0,dms_recuperado,713.68,136.0,558.68,19.0,Florestal,449.0,Intencional,0,1,0,0,48.17
DM2134455,2013130105633.0,2013,8,28,2013-08-28,03:49:00,2013-08-29,21:18:00,2013-08-28,04:00:00,Porto,Baião,Viariz,CIMO DE VILA,130220,41.167543,-7.962738,214300.0,466499.0,dms_recuperado,635.5,0.0,635.5,0.0,Florestal,610.0,Desconhecida,0,1,0,0,41.48
DM2134446,2013130105594.0,2013,8,28,2013-08-28,00:43:00,2013-08-29,09:09:00,2013-08-28,00:55:00,Porto,Marco de Canaveses,Soalhães,OUTEIRO,130722,41.16136,-8.100963,202700.0,465799.0,dms_recuperado,483.0,28.0,455.0,0.0,Florestal,610.0,Desconhecida,0,1,0,0,32.43
DM4131503,2013030047933.0,2013,8,28,2013-08-28,20:24:00,2013-08-28,21:44:00,2013-08-28,20:30:00,Braga,Vila Verde,Godinhaços,OUTEIRO (M2),31319,41.712759,-8.45896,172884.0,527091.0,dms_recuperado,434.0,40.0,394.0,0.0,Florestal,630.0,Desconhecida,0,1,0,0,1.33
DM2134483,2013130106119.0,2013,8,28,2013-08-28,23:44:00,2013-08-29,19:36:00,2013-08-29,00:25:00,Porto,Marco de Canaveses,Soalhães,LUGAR DA GRUTA,130722,41.164388,-8.095816,203131.0,466136.0,dms_recuperado,289.0,179.0,107.0,3.0,Florestal,610.0,Desconhecida,0,1,0,0,19.87
DM2134527,2013130105965.0,2013,8,28,2013-08-28,18:04:00,2013-08-28,21:52:00,2013-08-28,18:10:00,Porto,Paços de Ferreira,Sanfins de Ferreira,Citânia de Sanfins,130915,41.324682,-8.376003,179666.0,483966.0,dms_recuperado,149.0,149.0,0.0,0.0,Florestal,4.0,Intencional,0,1,0,0,3.8
DM4131505,2013030047960.0,2013,8,28,2013-08-28,22:07:00,2013-08-29,12:11:00,2013-08-28,22:30:00,Braga,Póvoa de Lanhoso,Travassos,"Cal (EM598, 4830, Portugal)",30927,41.575278,-8.209444,193533.0,511953.0,dms_recuperado,133.0,63.0,70.0,0.0,Florestal,6.0,Desconhecida,0,1,0,0,14.07
DM4131498,2013030047767.0,2013,8,28,2013-08-28,04:20:00,2013-08-28,16:43:00,2013-08-28,04:35:00,Braga,Póvoa de Lanhoso,Rendufinho,"Serra de São Mamede de Penafiel (Rua de Portela, 4830, Portugal)",30921,41.625,-8.247222,190382.0,517469.0,dms_recuperado,100.0,5.0,95.0,0.0,Florestal,125.0,Negligente,0,1,0,0,12.38
BL1131368,2013180034291.0,2013,8,29,2013-08-29,09:01:00,2013-08-31,19:59:00,2013-08-29,09:07:00,Viseu,Sátão,Ferreira de Aves,Duas Igrejas,181704,40.808898,-7.663108,239659.0,426762.0,dms_recuperado,3713.42,1410.93,2290.25,12.24,Florestal,448.0,Intencional,0,1,0,0,58.97
TM113893,2013170016387.0,2013,8,29,2013-08-29,10:40:00,2013-08-30,06:02:00,2013-08-29,10:50:00,Vila Real,Chaves,Tronco,FACHO,170340,41.776111,-7.293333,269719.0,534618.0,dms_recuperado,544.957,56.0,326.957,162.0,Florestal,630.0,Desconhecida,0,1,0,0,19.37
TM113891,2013170016386.0,2013,8,29,2013-08-29,10:34:00,2013-08-30,04:00:00,2013-08-29,10:45:00,Vila Real,Ribeira de Pena,Cerva,ASNELA,170903,41.456394,-7.867439,222199.0,498599.0,dms_recuperado,491.0,164.0,327.0,0.0,Florestal,448.0,Intencional,0,1,0,0,17.43
DM2134670,2013130106648.0,2013,8,29,2013-08-29,21:55:00,2013-08-30,15:06:00,2013-08-29,22:05:00,Porto,Marco de Canaveses,Soalhães,ABOBOREIRA,130722,41.164388,-8.095816,203131.0,466136.0,dms_recuperado,243.86,0.0,243.86,0.0,Florestal,610.0,Desconhecida,0,1,0,0,17.18
DM4131534,2013030048036.0,2013,8,29,2013-08-29,08:31:00,2013-08-29,22:22:00,2013-08-29,08:39:00,Braga,Fafe,Silvares (São Clemente),RIBEIRA(M3),30727,41.424546,-8.161311,197644.0,495029.0,dms_recuperado,189.0,180.0,9.0,0.0,Florestal,630.0,Desconhecida,0,1,0,0,13.85
DM4131585,2013030048179.0,2013,8,29,2013-08-29,22:40:00,2013-08-30,01:30:00,2013-08-29,22:55:00,Braga,Amares,Bouro (Santa Marta),L. PICONHA(M2),30120,41.672176,-8.288215,187086.0,522544.0,dms_recuperado,148.0,98.0,50.0,0.0,Florestal,449.0,Intencional,0,1,0,0,2.83
TM213363,2013040013806.0,2013,8,29,2013-08-29,13:34:00,2013-08-29,18:42:00,2013-08-29,13:40:00,Bragança,Mirandela,Mirandela,CARREIRA DE TIRO,40721,41.484193,-7.170474,280399.0,502099.0,dms_recuperado,123.0,89.45,33.55,0.0,Florestal,448.0,Intencional,0,1,0,0,5.13
DM4131583,2013030048129.0,2013,8,29,2013-08-29,17:10:00,2013-08-30,03:01:00,2013-08-29,17:20:00,Braga,Cabeceiras de Basto,Pedraça,PARADA(M.5),30413,41.501662,-7.946308,215599.0,503610.0,dms_recuperado,112.0,52.0,60.0,0.0,Florestal,448.0,Intencional,0,1,0,0,9.85
DM2134734,2013130106799.0,2013,8,30,2013-08-30,06:11:00,2013-09-01,23:17:00,2013-08-30,06:22:00,Porto,Paredes,Recarei,"ED319-2 (ED319-2) Km 3 (N319-2, 4585, Portugal)",131019,41.143333,-8.413333,176367.0,464027.0,dms_recuperado,732.0,732.0,0.0,0.0,Florestal,145.0,Negligente,0,1,0,0,65.1
DM2134824,2013130107035.0,2013,8,30,2013-08-30,16:18:00,2013-09-01,03:02:00,2013-08-30,16:30:00,Porto,Marco de Canaveses,Folhada,ABOGALHEIRA,130707,41.206453,-8.068837,205392.0,470809.0,dms_recuperado,416.5,18.0,398.5,0.0,Florestal,449.0,Intencional,0,1,0,0,34.73
DM2134728,2013130106843.0,2013,8,30,2013-08-30,08:20:00,2013-08-31,05:05:00,2013-08-30,08:35:00,Porto,Santo Tirso,Lamelas,VILAR,131412,41.282997,-8.477211,171175.0,479365.0,dms_recuperado,246.64,246.64,0.0,0.0,Florestal,610.0,Desconhecida,0,1,0,0,20.75
DM2134830,2013130106978.0,2013,8,30,2013-08-30,13:56:00,2013-09-04,19:30:00,2013-08-30,14:10:00,Porto,Penafiel,Eja,LG. PASSAGINHA,131110,41.092164,-8.301674,185839.0,458128.0,dms_recuperado,223.2,223.2,0.0,0.0,Florestal,145.0,Negligente,0,1,0,0,125.57
DM4131617,2013030048383.0,2013,8,30,2013-08-30,18:51:00,2013-08-31,11:51:00,2013-08-30,19:10:00,Braga,Amares,Bouro (Santa Marta),S. BARTOLOMEU - M2,30120,41.672176,-8.288215,187086.0,522544.0,dms_recuperado,130.0,60.0,70.0,0.0,Florestal,711.0,Reacendimento,1,1,0,0,17.0
BL1131469,2013180034682.0,2013,8,31,2013-08-31,13:29:00,2013-08-31,20:32:00,2013-08-31,13:39:00,Viseu,Castro Daire,São Joaninho,SÃO JOANINHO,180322,40.913889,-7.860556,222852.0,438538.0,dms_recuperado,2446.0,645.0,1801.0,0.0,Florestal,448.0,Intencional,0,1,0,0,7.05
TM113977,2013170016665.0,2013,9,1,2013-09-01,15:30:00,2013-09-02,12:44:00,2013-09-01,15:45:00,Vila Real,Chaves,Oucidres,lameiro grande,170319,41.756808,-7.340533,265918.0,532234.0,dms_recuperado,710.075,214.0,496.075,0.0,Florestal,448.0,Intencional,0,1,0,0,21.23
DM2134989,2013130107961.0,2013,9,1,2013-09-01,10:22:00,2013-09-02,20:53:00,2013-09-01,10:38:00,Porto,Gondomar,Foz do Sousa,JANCIDO,130403,41.097647,-8.494918,169605.0,458787.0,dms_recuperado,492.5,492.5,0.0,0.0,Florestal,610.0,Desconhecida,0,1,0,0,34.52
BL1131506,2013180034829.0,2013,9,1,2013-09-01,13:26:00,2013-09-02,01:21:00,2013-09-01,13:40:00,Viseu,Moimenta da Beira,Sever,SEVER,180719,41.000556,-7.706111,235921.0,448036.0,dms_recuperado,335.0,28.27,306.73,0.0,Florestal,448.0,Intencional,0,1,0,0,11.92
DM2135045,2013130108075.0,2013,9,1,2013-09-01,14:59:00,2013-09-03,10:00:00,2013-09-01,15:10:00,Porto,Baião,Gestaçô,LUGAR DE VOLTA GRANDE,130205,41.172879,-7.93215,216865.0,467097.0,dms_recuperado,296.0,31.0,265.0,0.0,Florestal,215.0,Negligente,0,1,0,0,43.02
DM4131731,2013030048817.0,2013,9,1,2013-09-01,13:19:00,2013-09-02,21:10:00,2013-09-01,13:31:00,Braga,Braga,Oliveira (São Pedro),R.VOLTA DE CARROS - M1,30348,41.475408,-8.465249,172259.0,500731.0,dms_recuperado,190.0,180.0,10.0,0.0,Florestal,630.0,Desconhecida,0,1,0,0,31.85
TM113963,2013170016659.0,2013,9,1,2013-09-01,14:30:00,2013-09-01,19:37:00,2013-09-01,14:45:00,Vila Real,Vila Pouca de Aguiar,Vreia de Jales,Barrela,171316,41.419418,-7.592472,245199.0,494599.0,dms_recuperado,165.0,0.5,164.5,0.0,Florestal,125.0,Negligente,0,1,0,0,5.12
DM2135091,2013130108103.0,2013,9,1,2013-09-01,14:35:00,2013-09-02,04:04:00,2013-09-01,14:46:00,Porto,Paços de Ferreira,Codessos,LUGAR DE SOCORRO,130903,41.329648,-8.346903,182104.0,484511.0,dms_recuperado,118.0,0.0,118.0,0.0,Florestal,6.0,Desconhecida,0,1,0,0,13.48
BL3131526,2013010050274.0,2013,9,1,2013-09-01,07:58:00,2013-09-02,11:22:00,2013-09-01,08:14:00,Aveiro,Sever do Vouga,Talhadas,Talhadas,11708,40.665625,-8.31724,184431.0,410763.0,dms_recuperado,114.3,102.3,12.0,0.0,Florestal,6.0,Desconhecida,0,1,0,0,27.4
DM3131332,2013160017254.0,2013,9,2,2013-09-02,10:22:00,2013-09-03,19:07:00,2013-09-02,10:40:00,Viana do Castelo,Caminha,Cristelo,CRISTELO,160208,41.852434,-8.846029,140800.0,542800.0,dms_recuperado,673.09,201.927,471.163,0.0,Florestal,711.0,Reacendimento,1,1,0,0,32.75
DM3131345,2013160017231.0,2013,9,2,2013-09-02,06:46:00,2013-09-03,19:23:00,2013-09-02,06:55:00,Viana do Castelo,Monção,Lordelo,Vilarelho,160412,42.019878,-8.447061,174000.0,561200.0,dms_recuperado,614.0,200.0,414.0,0.0,Florestal,126.0,Negligente,1,1,0,0,36.62
DM2135170,2013130108859.0,2013,9,2,2013-09-02,22:34:00,2013-09-03,11:46:00,2013-09-02,22:48:00,Porto,Santo Tirso,Refojos de Riba de Ave,L. PEDRAS PINTAS,131417,41.292693,-8.446439,173756.0,480432.0,dms_recuperado,232.34,232.34,0.0,0.0,Florestal,610.0,Desconhecida,0,1,0,0,13.2
DM4131746,2013030049007.0,2013,9,2,2013-09-02,03:35:00,2013-09-02,16:18:00,2013-09-02,03:50:00,Braga,Fafe,Aboim,BARBEITA,30701,41.544793,-8.087024,203847.0,508385.0,dms_recuperado,192.0,2.0,190.0,0.0,Florestal,448.0,Intencional,0,1,0,0,12.72
BL3131582,2013010050586.0,2013,9,2,2013-09-02,14:14:00,2013-09-04,10:28:00,2013-09-02,14:20:00,Aveiro,Vale de Cambra,Macieira de Cambra,Algeriz,11906,40.866637,-8.38578,178700.0,433099.0,dms_recuperado,173.798,173.798,0.0,0.0,Florestal,6.0,Desconhecida,0,1,0,0,44.23
DM2135213,2013130108707.0,2013,9,2,2013-09-02,17:09:00,2013-09-03,13:11:00,2013-09-02,17:20:00,Porto,Marco de Canaveses,Paços de Gaiolo,Fandinhães,130713,41.104231,-8.118669,201214.0,459454.0,dms_recuperado,163.0,2.0,159.0,2.0,Florestal,610.0,Desconhecida,0,1,0,0,20.03
BL1131529,2013180034937.0,2013,9,2,2013-09-02,02:42:00,2013-09-02,23:05:00,2013-09-02,03:15:00,Viseu,Castro Daire,Moledo,Vila Meã,180313,40.817985,-7.866435,222499.0,427699.0,dms_recuperado,150.0,40.0,110.0,0.0,Florestal,236.0,Negligente,0,1,0,0,20.38
DM4131752,2013030049039.0,2013,9,2,2013-09-02,09:20:00,2013-09-03,03:36:00,2013-09-02,09:35:00,Braga,Vieira do Minho,Rossas,CALVOS(M5),31113,41.586948,-8.073845,204944.0,513067.0,dms_recuperado,148.0,20.0,128.0,0.0,Florestal,711.0,Reacendimento,1,1,0,0,18.27
DM2135177,2013130108573.0,2013,9,2,2013-09-02,12:54:00,2013-09-04,22:47:00,2013-09-02,13:00:00,Porto,Paços de Ferreira,Meixomil,BOUCINHAS,130910,41.285334,-8.389784,178499.0,479600.0,dms_recuperado,141.65,0.0,141.65,0.0,Florestal,4.0,Intencional,0,1,0,0,57.88
DM2135200,2013130108643.0,2013,9,2,2013-09-02,15:07:00,2013-09-03,09:28:00,2013-09-02,15:10:00,Porto,Paços de Ferreira,Sanfins de Ferreira,CUMIEIRA,130915,41.328542,-8.390877,178422.0,484399.0,dms_recuperado,120.0,120.0,0.0,0.0,Florestal,6.0,Desconhecida,0,1,0,0,18.35
DM2135237,2013130108701.0,2013,9,2,2013-09-02,16:50:00,2013-09-03,12:38:00,2013-09-02,16:58:00,Porto,Santo Tirso,Agrela,MONTE,131401,41.256485,-8.468239,171915.0,476418.0,dms_recuperado,117.0,117.0,0.0,0.0,Florestal,449.0,Intencional,0,1,0,0,19.8
DM4131780,2013030049444.0,2013,9,3,2013-09-03,23:16:00,2013-09-04,03:09:00,2013-09-03,23:30:00,Braga,Cabeceiras de Basto,Cabeceiras de Basto,CELEIRO (M3),30406,41.559144,-8.020499,209396.0,509984.0,dms_recuperado,344.0,44.0,300.0,0.0,Florestal,125.0,Negligente,0,1,0,0,3.88
DM4131773,2013030049258.0,2013,9,3,2013-09-03,06:36:00,2013-09-04,12:16:00,2013-09-03,07:00:00,Braga,Terras de Bouro,Campo do Gerês,CURRAL (M1),31003,41.786468,-8.147172,198833.0,535226.0,dms_recuperado,329.0,1.0,328.0,0.0,Florestal,125.0,Negligente,0,1,0,0,29.67
DM4131786,2013030049366.0,2013,9,3,2013-09-03,15:57:00,2013-09-04,10:47:00,2013-09-03,16:09:00,Braga,Cabeceiras de Basto,Rio Douro,VILELA(M5),30415,41.557427,-7.940727,216051.0,509805.0,dms_recuperado,278.0,8.0,270.0,0.0,Florestal,125.0,Negligente,0,1,0,0,18.83
BL1131593,2013180035325.0,2013,9,3,2013-09-03,21:53:00,2013-09-04,18:05:00,2013-09-03,22:15:00,Viseu,Lamego,Bigorne,PARAFITA,180503,41.019707,-7.873949,221799.0,450100.0,dms_recuperado,270.0,11.0,259.0,0.0,Florestal,125.0,Negligente,0,1,0,0,20.2
DM4131785,2013030049339.0,2013,9,3,2013-09-03,14:02:00,2013-09-04,10:41:00,2013-09-03,14:10:00,Braga,Vieira do Minho,Ruivães,TOJEIRA(M2 E 3 SIRESP T5),31114,41.666819,-8.045021,207338.0,521940.0,dms_recuperado,163.0,15.0,148.0,0.0,Florestal,125.0,Negligente,0,1,0,0,20.65
DM3131377,2013160017429.0,2013,9,3,2013-09-03,21:32:00,2013-09-04,12:19:00,2013-09-03,21:36:00,Viana do Castelo,Monção,Merufe,Azevedo,160415,42.022684,-8.406023,177400.0,561500.0,dms_recuperado,118.0,6.0,112.0,0.0,Florestal,711.0,Reacendimento,1,1,0,0,14.78
DM2135282,2013130108932.0,2013,9,3,2013-09-03,02:00:00,2013-09-03,03:50:00,2013-09-03,02:20:00,Porto,Amarante,Gouveia (São Simão),TUBARAO S. SIMAO,130134,41.217125,-8.047493,207181.0,471996.0,dms_recuperado,101.0,0.0,101.0,0.0,Florestal,610.0,Desconhecida,0,1,0,0,1.83
TM213400,2013040014201.0,2013,9,4,2013-09-04,14:08:00,2013-09-05,05:00:00,2013-09-04,14:12:00,Bragança,Mirandela,Torre de Dona Chama,TORRE DE DONA CHAMA,40730,41.653245,-7.145155,282299.0,520900.0,dms_recuperado,930.0,280.0,474.0,176.0,Florestal,448.0,Intencional,0,1,0,0,14.87
DM4131804,2013030049590.0,2013,9,4,2013-09-04,15:28:00,2013-09-05,03:47:00,2013-09-04,15:40:00,Braga,Fafe,São Gens,LAMEIRINHA(M3),30728,41.447595,-8.111402,201816.0,497589.0,dms_recuperado,210.0,20.0,190.0,0.0,Florestal,630.0,Desconhecida,0,1,0,0,12.32
DM3131495,2013160017975.0,2013,9,10,2013-09-10,19:35:00,2013-09-12,02:05:00,2013-09-10,19:42:00,Viana Do Castelo,Ponte Da Barca,Britelo,BRITELO - P.N.P.G.,160604,41.834738,-8.289649,186999.0,540599.0,dms_recuperado,136.2,28.0,108.2,0.0,Florestal,125.0,Negligente,0,1,0,0,30.5
DM4131900,2013030050695.0,2013,9,10,2013-09-10,13:20:00,2013-09-10,14:12:00,2013-09-10,13:25:00,Braga,Vila Nova de Famalicão,Joane,TORRE(M2),31219,41.435727,-8.436858,174615.0,496315.0,dms_recuperado,130.0,130.0,0.0,0.0,Florestal,3.0,Intencional,0,1,0,0,0.87
BL3131768,2013010052459.0,2013,9,11,2013-09-11,10:32:00,2013-09-12,12:46:00,2013-09-11,10:50:00,Aveiro,Arouca,Mansores,Tropeço,10413,40.94194,-8.31583,184614.0,441447.0,dms_recuperado,306.0,275.4,30.6,0.0,Florestal,711.0,Reacendimento,1,1,0,0,26.23
DM3131513,2013160018032.0,2013,9,11,2013-09-11,14:18:00,2013-09-11,18:03:00,2013-09-11,14:20:00,Viana Do Castelo,Valença,Boivão,FURNAS (BOIVÃO),160802,42.000346,-8.542164,166112.0,559063.0,dms_recuperado,119.9,0.0,119.9,0.0,Florestal,711.0,Reacendimento,1,1,0,0,3.75
DM3131563,2013160018164.0,2013,9,13,2013-09-13,13:36:00,2013-09-14,19:19:00,2013-09-13,13:50:00,Viana do Castelo,Viana do Castelo,Outeiro,VILARES (OUTEIRO),160925,41.761011,-8.788156,145528.0,532607.0,dms_recuperado,1167.215,482.19,685.025,0.0,Florestal,221.0,Negligente,0,1,0,0,29.72
DM4131976,2013030051443.0,2013,9,13,2013-09-13,17:58:00,2013-09-13,19:58:00,2013-09-13,18:15:00,Braga,Cabeceiras de Basto,Cabeceiras de Basto,ALAPELA,30406,41.559144,-8.020499,209396.0,509984.0,dms_recuperado,413.0,13.0,400.0,0.0,Florestal,125.0,Negligente,0,1,0,0,2.0
DM3131582,2013160018231.0,2013,9,14,2013-09-14,12:29:00,2013-09-14,18:40:00,2013-09-14,12:42:00,Viana do Castelo,Arcos de Valdevez,Couto,Selim,160109,41.883163,-8.394583,178300.0,545999.0,dms_recuperado,442.4,264.0,178.4,0.0,Florestal,448.0,Intencional,0,1,0,0,6.18
TM213438,2013040014838.0,2013,9,14,2013-09-14,22:50:00,2013-09-15,04:19:00,2013-09-14,23:15:00,Bragança,Carrazeda de Ansiães,Lavandeira,QTA DA FERRADOSA,40307,41.192636,-7.308256,269199.0,469600.0,dms_recuperado,187.0,0.0,187.0,0.0,Florestal,125.0,Negligente,0,1,0,0,5.48
DM4132049,2013030051868.0,2013,9,15,2013-09-15,14:34:00,2013-09-17,00:09:00,2013-09-15,14:43:00,Braga,Fafe,Várzea Cova,SRA.GUIA,30734,41.496752,-8.061148,206011.0,503050.0,dms_recuperado,150.0,10.0,140.0,0.0,Florestal,630.0,Desconhecida,0,1,0,0,33.58
DM4132052,2013030051971.0,2013,9,16,2013-09-16,05:55:00,2013-09-17,19:20:00,2013-09-16,06:12:00,Braga,Vila Verde,Valdreu,BEZEGUIMBRA,31355,41.7348,-8.329675,183649.0,529506.0,dms_recuperado,476.0,76.0,400.0,0.0,Florestal,630.0,Desconhecida,0,1,0,0,37.42
BL1131875,2013180037328.0,2013,9,16,2013-09-16,13:53:00,2013-09-16,21:33:00,2013-09-16,14:05:00,Viseu,Vouzela,Queirã,Vasconha,182409,40.654577,-8.071092,205246.0,409521.0,dms_recuperado,337.61,332.0,5.61,0.0,Florestal,711.0,Reacendimento,1,1,0,0,7.67
DM3131646,2013160018487.0,2013,9,17,2013-09-17,11:15:00,2013-09-18,18:02:00,2013-09-17,11:30:00,Viana do Castelo,Caminha,Moledo,PERRICHAO (MOLEDO),160212,41.835918,-8.850632,140402.0,540968.0,dms_recuperado,187.95,163.04,24.91,0.0,Florestal,711.0,Reacendimento,1,1,0,0,30.78
DM3131695,2013160018599.0,2013,9,18,2013-09-18,16:45:00,2013-09-19,10:22:00,2013-09-18,16:45:00,Viana do Castelo,Arcos de Valdevez,Cabreiro,Avelar (CABREIRO) P.N.P.G.,160106,41.932718,-8.377906,179700.0,551500.0,dms_recuperado,100.1,0.0,100.1,0.0,Florestal,125.0,Negligente,0,1,0,0,17.62
DM3131696,2013160018587.0,2013,9,18,2013-09-18,13:47:00,2013-09-19,18:29:00,2013-09-18,14:00:00,Viana do Castelo,Arcos de Valdevez,Carralcova,SELIM (GONDORIZ) (Oucias),160107,41.909175,-8.36956,180385.0,548883.0,dms_recuperado,100.0,0.0,100.0,0.0,Florestal,125.0,Negligente,0,1,0,0,28.7
DM3131733,2013160018666.0,2013,9,19,2013-09-19,13:00:00,2013-09-19,19:33:00,2013-09-19,13:07:00,Viana do Castelo,Arcos de Valdevez,Miranda,MIRANDA,160121,41.834244,-8.503934,169200.0,540599.0,dms_recuperado,154.8,82.0,72.8,0.0,Florestal,448.0,Intencional,0,1,0,0,6.55
DM2136338,2013130117600.0,2013,9,21,2013-09-21,05:34:00,2013-09-22,16:38:00,2013-09-21,06:00:00,Porto,Amarante,Candemil,ESPINHEIRO,130107,41.232766,-7.957647,214712.0,473744.0,dms_recuperado,768.0,597.0,171.0,0.0,Florestal,610.0,Desconhecida,0,1,0,0,35.07
DM3131789,2013160018846.0,2013,9,21,2013-09-21,13:22:00,2013-09-22,01:50:00,2013-09-21,13:33:00,Viana do Castelo,Arcos de Valdevez,Vale,IGREJA (VALE),160149,41.848074,-8.360573,181112.0,542094.0,dms_recuperado,256.1,28.0,228.1,0.0,Florestal,711.0,Reacendimento,0,1,0,0,12.47
DM2136357,2013130117591.0,2013,9,21,2013-09-21,04:40:00,2013-09-21,20:58:00,2013-09-21,05:00:00,Porto,Santo Tirso,Guimarei,SERRA DOS CANTONEIROS,131410,41.300067,-8.494376,169744.0,481267.0,dms_recuperado,210.0,210.0,0.0,0.0,Florestal,449.0,Intencional,0,1,0,0,16.3
DM4132211,2013030053244.0,2013,9,21,2013-09-21,19:51:00,2013-09-22,19:46:00,2013-09-21,20:05:00,Braga,Amares,Paranhos,L. SÃO GENS,30114,41.671164,-8.344658,182385.0,522441.0,dms_recuperado,154.0,14.0,140.0,0.0,Florestal,630.0,Desconhecida,0,1,0,0,23.92
DM2136326,2013130117718.0,2013,9,21,2013-09-21,11:47:00,2013-09-22,13:53:00,2013-09-21,11:59:00,Porto,Amarante,Carvalho de Rei,EN101,130109,41.221046,-8.017223,209719.0,472434.0,dms_recuperado,108.95,20.0,86.45,2.5,Florestal,610.0,Desconhecida,0,1,0,0,26.1
BL413670,2013100042210.0,2013,9,22,2013-09-22,11:54:00,2013-09-23,14:43:00,2013-09-22,12:08:00,Leiria,Pombal,Abiul,SICÓ,101501,39.9091,-8.526192,166388.0,326815.0,dms_recuperado,1482.0,11.0,1471.0,0.0,Florestal,448.0,Intencional,0,1,0,0,26.82
DM3131829,2013160018941.0,2013,9,22,2013-09-22,14:28:00,2013-09-24,08:13:00,2013-09-22,14:31:00,Viana do Castelo,Arcos de Valdevez,Cabreiro,VILAR - CABREIRO P.N.P.G.,160106,41.946262,-8.355473,181564.0,552999.0,dms_recuperado,813.0,43.0,770.0,0.0,Florestal,125.0,Negligente,0,1,0,0,41.75
BL3132112,2013010054962.0,2013,9,22,2013-09-22,16:33:00,2013-09-23,19:27:00,2013-09-22,16:52:00,Aveiro,Arouca,Alvarenga,Vila Galega,10402,40.966861,-8.172332,196700.0,444199.0,dms_recuperado,295.0,245.0,50.0,0.0,Florestal,6.0,Desconhecida,0,1,0,0,26.9
BL1131988,2013180038280.0,2013,9,22,2013-09-22,12:49:00,2013-09-24,01:00:00,2013-09-22,13:05:00,Viseu,Viseu,Povolide,QUINTA DA TAPADA,182320,40.638477,-7.81333,227052.0,407780.0,dms_recuperado,259.0,86.0,173.0,0.0,Florestal,448.0,Intencional,0,1,0,0,36.18
DM4132233,2013030053318.0,2013,9,22,2013-09-22,03:26:00,2013-09-23,17:32:00,2013-09-22,03:46:00,Braga,Fafe,Serafão,Vilarelho,30732,41.533056,-8.191111,195147.0,507100.0,dms_recuperado,245.0,200.0,45.0,0.0,Florestal,630.0,Desconhecida,0,1,0,0,38.1
DM4132257,2013030053496.0,2013,9,22,2013-09-22,20:24:00,2013-09-23,20:33:00,2013-09-22,20:45:00,Braga,Vieira do Minho,Ruivães,ZEBRAL,31114,41.670445,-8.01931,209479.0,522346.0,dms_recuperado,171.0,5.0,166.0,0.0,Florestal,44.0,Intencional,0,1,0,0,24.15
DM3131833,2013160018949.0,2013,9,22,2013-09-22,15:34:00,2013-09-23,00:47:00,2013-09-22,15:38:00,Viana do Castelo,Arcos de Valdevez,Prozelo,IGREJA - PROZELO,160128,41.866457,-8.436642,174802.0,544155.0,dms_recuperado,150.8,45.0,105.8,0.0,Florestal,125.0,Negligente,0,1,0,0,9.22
BL413671,2013100042211.0,2013,9,22,2013-09-22,11:58:00,2013-09-23,01:59:00,2013-09-22,12:10:00,Leiria,Porto de Mós,Serro Ventoso,PNSAC Moita do Açor,101613,39.5191,-8.822053,140756.0,283666.0,dms_recuperado,131.96,8.48,123.48,0.0,Florestal,125.0,Negligente,0,1,0,0,14.02
DM4132235,2013030053327.0,2013,9,22,2013-09-22,05:55:00,2013-09-22,10:14:00,2013-09-22,06:15:00,Braga,Celorico de Basto,Vale de Bouro,NESPEREIRA,30521,41.44312,-8.013962,209959.0,497098.0,dms_recuperado,127.0,22.0,105.0,0.0,Florestal,448.0,Intencional,0,1,0,0,4.32
DM3131824,2013160018933.0,2013,9,22,2013-09-22,11:43:00,2013-09-23,01:22:00,2013-09-22,11:45:00,Viana do Castelo,Monção,Abedim,MANGOEIRO,160401,41.980583,-8.514401,168403.0,556858.0,dms_recuperado,112.0,2.0,110.0,0.0,Florestal,126.0,Negligente,0,1,0,0,13.65
AT213308,2013120014665.0,2013,9,23,2013-09-23,16:09:00,2013-09-23,20:50:00,2013-09-23,16:21:00,Portalegre,Crato,Monte da Pedra,Herdade da Sepelheira,120605,39.34556,-7.79639,229025.0,264225.0,dms_recuperado,232.31,182.21,4.42,45.68,Florestal,224.0,Negligente,0,1,0,0,4.68
BL1132045,2013180038783.0,2013,9,25,2013-09-25,14:50:00,2013-09-27,04:42:00,2013-09-25,14:54:00,Viseu,Moimenta da Beira,Moimenta da Beira,CABAÇOS,180710,41.0037,-7.584373,246167.0,448434.0,dms_recuperado,131.0,52.16,78.84,0.0,Florestal,448.0,Intencional,0,1,0,0,37.87
BL1132086,2013180040676.0,2013,10,9,2013-10-09,18:34:00,2013-10-10,15:38:00,2013-10-09,19:20:00,Viseu,Castro Daire,Cabril,Levadas,180303,40.975865,-8.089169,203700.0,445199.0,dms_recuperado,121.0,1.0,120.0,0.0,Florestal,630.0,Desconhecida,0,1,0,0,21.07
BL1132120,2013180046387.0,2013,11,26,2013-11-26,12:04:00,2013-11-27,05:35:00,2013-11-26,12:45:00,Viseu,São Pedro do Sul,São Martinho das Moitas,NODAR,181613,40.916925,-8.069217,205384.0,438655.0,dms_recuperado,578.0,210.0,368.0,0.0,Florestal,211.0,Negligente,0,1,0,0,17.52
BL1132114,2013180046487.0,2013,11,27,2013-11-27,01:29:00,2013-11-27,11:57:00,2013-11-27,02:30:00,Viseu,Castro Daire,Cabril,Levadas/Tulha Velha,180303,40.975865,-8.089169,203700.0,445199.0,dms_recuperado,260.0,0.0,260.0,0.0,Florestal,125.0,Negligente,0,1,0,0,10.47
BL3132356,2013010069869.0,2013,12,6,2013-12-06,19:57:00,2013-12-07,13:40:00,2013-12-06,23:45:00,Aveiro,Arouca,Covelo De Paivó,COVELO DE PAIVÔ,10408,40.883333,-8.165278,197283.0,434951.0,dms_recuperado,138.0,0.0,138.0,0.0,Florestal,6.0,Desconhecida,0,1,0,0,17.72
BI113829,2013090025481.0,2013,12,10,2013-12-10,20:33:00,2013-12-12,08:56:00,2013-12-10,20:50:00,Guarda,Seia,Vide,Covões - Balocas,91227,40.2675,-7.768611,230901.0,366788.0,dms_recuperado,160.0,160.0,0.0,0.0,Florestal,211.0,Negligente,0,1,0,0,36.38
BI113830,2013090025490.0,2013,12,10,2013-12-10,22:50:00,2013-12-12,18:45:00,2013-12-10,23:00:00,Guarda,Seia,Loriga,Bouqueira,91207,40.331667,-7.695,237138.0,373923.0,dms_recuperado,150.0,96.0,54.0,0.0,Florestal,448.0,Intencional,0,1,0,0,43.92
DM3132049,2013160023730.0,2013,12,11,2013-12-11,14:45:00,2013-12-11,17:36:00,2013-12-11,15:00:00,Viana Do Castelo,Ponte Da Barca,Vila Chã (são João Baptista),Seixas (VILA CHA S. JOAO) (Seixas),160621,41.789722,-8.323333,184171.0,535626.0,dms_recuperado,201.2,0.0,201.2,0.0,Florestal,125.0,Negligente,0,1,0,0,2.85
BL3148,2014010016295.0,2014,3,10,2014-03-10,17:55:00,2014-03-11,02:30:00,2014-03-10,18:20:00,Aveiro,Arouca,Cabreiros,Cando,10405,40.877222,-8.216667,192949.0,434261.0,dms_recuperado,128.0,0.0,128.0,0.0,Florestal,6.0,Desconhecida,0,1,0,0,8.58
DM31425,2014160005649.0,2014,3,16,2014-03-16,12:02:00,2014-03-16,14:20:00,2014-03-16,12:02:00,Viana do Castelo,Viana do Castelo,Outeiro,Mesieiro (OUTEIRO) (Mesieiro),160925,41.746944,-8.797778,144706.0,531058.0,dms_recuperado,374.836,279.849,94.987,0.0,Florestal,448.0,Intencional,0,1,0,0,2.3
DM31462,2014160005644.0,2014,3,16,2014-03-16,11:04:00,2014-03-17,05:34:00,2014-03-16,11:45:00,Viana do Castelo,Viana do Castelo,Outeiro,COSTA (OUTEIRO) (Costa),160925,41.686111,-8.700833,152735.0,524248.0,dms_recuperado,118.533,78.457,40.076,0.0,Florestal,448.0,Intencional,0,1,0,0,18.5
TM11483,2014170004894.0,2014,3,17,2014-03-17,13:59:00,2014-03-17,20:39:00,2014-03-17,14:50:00,Vila Real,Vila Real,Lamas de Olo,"LAMAS DE OLO (EM313, 5000, Portugal)",171413,41.369722,-7.794167,228235.0,489204.0,dms_recuperado,108.0,0.0,108.0,0.0,Florestal,125.0,Negligente,0,1,0,0,6.67
DM214599,2014130075725.0,2014,6,15,2014-06-15,00:15:00,2014-06-16,18:01:00,2014-06-15,00:25:00,Porto,Amarante,Aboadela,S. BENTO (São Bento),130101,41.294722,-7.988056,212135.0,480643.0,dms_recuperado,947.0,777.0,170.0,0.0,Florestal,711.0,Reacendimento,1,1,0,0,41.77
AG114178,2014080023136.0,2014,6,15,2014-06-15,17:20:00,2014-06-16,08:22:00,2014-06-15,17:39:00,Faro,Portimão,Mexilhoeira Grande,"Vales (CM1145, 8500-148, Portugal)",81102,37.221111,-8.628333,155926.0,28648.0,dms_recuperado,384.0,38.0,346.0,0.0,Florestal,225.0,Negligente,0,1,0,0,15.03
DM414378,2014030037954.0,2014,6,15,2014-06-15,11:26:00,2014-06-15,20:32:00,2014-06-15,11:30:00,Braga,Celorico de Basto,Codeçoso,"EN210 (EN210) Km 26 (Estrada do Lourido, 4890, Portugal)",30508,41.345556,-8.005,210619.0,486440.0,dms_recuperado,100.0,90.0,10.0,0.0,Florestal,448.0,Intencional,0,1,0,0,9.1
AT314245,2014020016518.0,2014,7,11,2014-07-11,16:52:00,2014-07-12,04:08:00,2014-07-11,17:25:00,Beja,Moura,Moura (Santo Agostinho),Junto à ponte da Ribeira Toutalga,21004,38.15434,-7.380084,265999.0,132199.0,dms_recuperado,256.7,256.7,0.0,0.0,Florestal,419.0,Negligente,0,1,0,0,11.27
TM214207,2014040015808.0,2014,7,16,2014-07-16,12:48:00,2014-07-16,17:46:00,2014-07-16,13:00:00,Bragança,Macedo de Cavaleiros,Macedo de Cavaleiros,Cortiços,40520,41.526045,-6.966035,297411.0,506958.0,dms_recuperado,112.05,30.3,78.58,3.17,Florestal,235.0,Negligente,0,1,0,0,4.97
BI114315,2014090019796.0,2014,7,29,2014-07-29,11:51:00,2014-07-30,02:25:00,2014-07-29,11:57:00,Guarda,Celorico da Beira,Maçal do Chão,Pedra Penhadeira,90309,40.68518,-7.27224,272775.0,413273.0,dms_recuperado,267.0,15.64,251.36,0.0,Florestal,223.0,Negligente,0,1,0,0,14.57
BI114326,2014090020024.0,2014,7,31,2014-07-31,13:21:00,2014-07-31,23:24:00,2014-07-31,13:28:00,Guarda,Pinhel,Pinhel,"Quinta da Mafalda (N324, 6400, Portugal)",91017,40.754094,-7.058089,290685.0,421304.0,dms_recuperado,180.0,40.5,115.0,24.5,Florestal,125.0,Negligente,0,1,0,0,10.05
AT214208,2014120013247.0,2014,7,31,2014-07-31,15:46:00,2014-07-31,17:10:00,2014-07-31,15:55:00,Portalegre,Fronteira,Fronteira,Chaminé,120802,39.092882,-7.649788,241812.0,236230.0,dms_recuperado,177.54,28.54,0.0,149.0,Agrícola,215.0,Negligente,0,1,0,0,1.4
BL114419,2014180035083.0,2014,8,1,2014-08-01,14:23:00,2014-08-01,22:25:00,2014-08-01,14:25:00,Viseu,Penedono,Póvoa de Penela,PÓVOA DE PENELA,181208,41.04258,-7.380612,263273.0,452880.0,dms_recuperado,112.0,38.91,73.09,0.0,Florestal,448.0,Intencional,0,1,0,0,8.03
RO114477,2014140043976.0,2014,8,15,2014-08-15,16:27:00,2014-08-15,22:19:00,2014-08-15,16:40:00,Santarém,Salvaterra de Magos,Glória do Ribatejo,MARINHAIS,141501,39.065868,-8.625498,157384.0,233236.0,dms_recuperado,125.0,98.0,17.0,10.0,Florestal,448.0,Intencional,0,1,0,0,5.87
BL114466,2014180038050.0,2014,8,16,2014-08-16,16:04:00,2014-08-16,22:20:00,2014-08-16,16:05:00,Viseu,Nelas,Nelas,Carregais (vale do gato),180903,40.520916,-7.855738,223506.0,394713.0,dms_recuperado,185.87,48.18,137.69,0.0,Florestal,448.0,Intencional,0,1,0,0,6.27
BL114495,2014180038471.0,2014,8,18,2014-08-18,16:11:00,2014-08-19,04:01:00,2014-08-18,16:15:00,Viseu,Carregal do Sal,Oliveira do Conde,Azenha,180204,40.434544,-7.959875,214699.0,385100.0,dms_recuperado,260.0,52.0,208.0,0.0,Florestal,448.0,Intencional,0,1,0,0,11.83
BI114397,2014090021992.0,2014,8,18,2014-08-18,21:02:00,2014-08-19,15:42:00,,,Guarda,Figueira de Castelo Rodrigo,Almofala,Cardagal - Capela de Santo André,90402,40.885056,-6.837833,309072.0,436100.0,dms_recuperado,157.0,44.5,95.5,17.0,Florestal,125.0,Negligente,0,1,0,0,18.67
TM114448,2014170015849.0,2014,8,19,2014-08-19,14:35:00,2014-08-20,10:56:00,2014-08-19,14:42:00,Vila Real,Valpaços,Vassal,VASSAL,171229,41.619037,-7.347582,265471.0,516927.0,dms_recuperado,464.0,325.0,0.0,139.0,Florestal,449.0,Intencional,0,1,0,0,20.35
AT214288,2014120014990.0,2014,8,25,2014-08-25,14:43:00,2014-08-26,06:26:00,,,Portalegre,Nisa,Montalvão,Pé da Serra,121205,39.593437,-7.526116,252139.0,291868.0,dms_recuperado,2844.0,1367.0,901.0,576.0,Florestal,449.0,Intencional,0,1,0,0,15.72
BL214399,2014060035990.0,2014,8,25,2014-08-25,13:53:00,2014-08-26,09:50:00,2014-08-25,14:02:00,Coimbra,Pampilhosa da Serra,Cabril,Praçais,61201,40.094053,-7.915002,218599.0,347300.0,dms_recuperado,1097.0,1030.0,67.0,0.0,Florestal,223.0,Negligente,0,1,0,0,19.95
TM214315,2014040020083.0,2014,8,26,2014-08-26,15:01:00,2014-08-26,20:33:00,2014-08-26,15:15:00,Bragança,Mogadouro,Paradela,PARADELA,40811,41.337161,-6.784393,312898.0,486200.0,dms_recuperado,194.98,47.0,115.98,32.0,Florestal,223.0,Negligente,0,1,0,0,5.53
AG114394,2014080036265.0,2014,8,30,2014-08-30,14:40:00,2014-08-31,08:20:00,2014-08-30,14:55:00,Faro,Silves,São Marcos da Serra,"Barranco dos Queimados (IC1, 8375, Portugal)",81306,37.425889,-8.319694,183377.0,51268.0,dms_recuperado,195.2,109.2,77.2,8.8,Florestal,449.0,Intencional,0,1,0,0,17.67
BI114455,2014090023481.0,2014,9,2,2014-09-02,12:42:00,2014-09-03,09:37:00,2014-09-02,12:55:00,Guarda,Almeida,Senouras,Lancheiras,90225,40.648178,-6.930067,301658.0,409682.0,dms_recuperado,2515.5,749.0,1445.5,321.0,Florestal,630.0,Desconhecida,0,1,0,0,20.92
BI114463,2014090023534.0,2014,9,2,2014-09-02,19:55:00,2014-09-04,20:00:00,2014-09-02,20:30:00,Guarda,Figueira de Castelo Rodrigo,Vilar de Amargo,Quinta da Veiga,90416,40.948111,-6.980167,296983.0,442935.0,dms_recuperado,376.0,0.0,376.0,0.0,Florestal,125.0,Negligente,0,1,0,0,48.08
BI114459,2014090023487.0,2014,9,2,2014-09-02,13:01:00,2014-09-03,02:01:00,2014-09-02,13:04:00,Guarda,Seia,Teixeira,Safra - Bufo - EN231,91221,40.240639,-7.754447,232120.0,363800.0,dms_recuperado,291.0,183.0,108.0,0.0,Florestal,448.0,Intencional,0,1,0,0,13.0
BI114461,2014090023495.0,2014,9,2,2014-09-02,14:17:00,2014-09-02,21:59:00,2014-09-02,14:27:00,Guarda,Figueira de Castelo Rodrigo,Freixeda do Torrão,Vale da Piçarra - Marofa,90409,40.872389,-7.018056,293899.0,434484.0,dms_recuperado,131.9,17.5,113.9,0.5,Florestal,630.0,Desconhecida,0,1,0,0,7.7
TM214360,2014040020901.0,2014,9,3,2014-09-03,18:34:00,2014-09-04,18:09:00,2014-09-03,18:49:00,Bragança,Torre de Moncorvo,Cabeça Boa,CABEÇA BOA,40903,41.191413,-7.152123,282299.0,469599.0,dms_recuperado,171.1,0.0,171.1,0.0,Florestal,125.0,Negligente,0,1,0,0,23.58
TM214357,2014040020854.0,2014,9,3,2014-09-03,11:06:00,2014-09-03,18:37:00,2014-09-03,11:18:00,Bragança,Vinhais,Edrosa,Serra da Coroa - PNM (Fragas do Serralhão),41207,41.726944,-6.974444,296405.0,529289.0,dms_recuperado,115.47,14.38,101.09,0.0,Florestal,60.0,Desconhecida,0,1,0,0,7.52
TM214371,2014040021062.0,2014,9,5,2014-09-05,15:40:00,2014-09-05,21:56:00,2014-09-05,15:55:00,Bragança,Vimioso,Carção,CARCÃO,41107,41.594093,-6.595568,328198.0,514999.0,dms_recuperado,286.33,45.0,237.33,4.0,Florestal,311.0,Intencional,0,1,0,0,6.27
TM214390,2014040021786.0,2014,9,13,2014-09-13,17:35:00,2014-09-13,23:46:00,2014-09-13,17:48:00,Bragança,Torre De Moncorvo,Urrós,URROS,40917,41.071418,-7.048204,291183.0,456376.0,dms_recuperado,174.5,0.0,174.5,0.0,Florestal,60.0,Desconhecida,0,1,0,0,6.18
BI11531,2015090005347.0,2015,2,17,2015-02-17,14:59:00,2015-02-17,22:02:00,2015-02-17,15:20:00,Guarda,Sabugal,Rapoula do Côa,Barreira do Castelo,91125,40.433386,-7.062542,290742.0,385684.0,dms_recuperado,126.0,10.0,100.0,16.0,Florestal,125.0,Negligente,0,1,0,0,7.05
DM31540,2015160006153.0,2015,3,9,2015-03-09,16:02:00,2015-03-10,02:30:00,2015-03-09,16:20:00,Viana do Castelo,Arcos de Valdevez,Padroso,Covelo - PADROSO,160125,41.943946,-8.491789,170259.0,552780.0,dms_recuperado,110.0,2.0,108.0,0.0,Florestal,125.0,Negligente,0,1,0,0,10.47
BL115241,2015180014329.0,2015,3,16,2015-03-16,13:14:00,2015-03-16,18:43:00,2015-03-16,13:30:00,Viseu,Viseu,Santos Evos,Lugar da Prezinha,182325,40.660556,-7.82,226359.0,410415.0,dms_recuperado,113.0,48.0,65.0,0.0,Florestal,122.0,Negligente,0,1,0,0,5.48
BL315121,2015010020626.0,2015,3,22,2015-03-22,12:07:00,2015-03-23,07:56:00,2015-03-22,12:50:00,Aveiro,Vale de Cambra,Roge,Função,11907,40.860684,-8.334411,183029.0,432427.0,dms_recuperado,172.0,100.0,72.0,0.0,Florestal,711.0,Reacendimento,1,1,0,0,19.82
BL115443,2015180017250.0,2015,4,1,2015-04-01,13:11:00,2015-04-01,22:15:00,2015-04-01,13:35:00,Viseu,Viseu,Cota,Quintãs,182310,40.835863,-7.814197,226899.0,429700.0,dms_recuperado,573.9,363.4,210.5,0.0,Florestal,711.0,Reacendimento,1,1,0,0,9.07
BL115454,2015180017348.0,2015,4,1,2015-04-01,20:25:00,2015-04-02,15:25:00,2015-04-01,21:16:00,Viseu,Castro Daire,Pinheiro,Póvoa de Montemuro,180319,40.94,-7.988889,212139.0,441238.0,dms_recuperado,115.0,5.0,110.0,0.0,Florestal,630.0,Desconhecida,0,1,0,0,19.0
BL315185,2015010023280.0,2015,4,2,2015-04-02,06:49:00,2015-04-05,03:58:00,2015-04-02,07:22:00,Aveiro,Sever do Vouga,Pessegueiro do Vouga,Nogueira,11704,40.714998,-8.381937,178976.0,416259.0,dms_recuperado,1574.03,1548.92,25.11,0.0,Florestal,124.0,Negligente,0,1,0,0,69.15
BL315190,2015010023369.0,2015,4,2,2015-04-02,14:00:00,2015-04-03,04:04:00,,,Aveiro,Arouca,Mansores,Borralheira,10413,40.946341,-8.323144,183999.0,441937.0,dms_recuperado,305.0,305.0,0.0,0.0,Florestal,711.0,Reacendimento,1,1,0,0,14.07
TM115513,2015170007312.0,2015,4,4,2015-04-04,20:26:00,2015-04-04,22:18:00,2015-04-04,21:10:00,Vila Real,Valpaços,Padrela e Tazem,"Rasa (Rua 25 de Abril 18, 5425, Portugal)",171215,41.578333,-7.523889,250699.0,512499.0,dms_recuperado,209.5,146.8,62.7,0.0,Florestal,125.0,Negligente,0,1,0,0,1.87
BL115412,2015180017925.0,2015,4,4,2015-04-04,18:29:00,2015-04-05,08:02:00,2015-04-04,19:07:00,Viseu,Cinfães,São Cristovão de Nogueira,Senhora de Cádiz,180413,41.054212,-8.139079,199499.0,453899.0,dms_recuperado,124.0,18.93,105.07,0.0,Florestal,448.0,Intencional,0,1,0,0,13.55
TM215169,2015040008708.0,2015,4,4,2015-04-04,15:10:00,2015-04-04,23:53:00,2015-04-04,16:25:00,Bragança,Vinhais,Montouto,MONTOUTO PNM (MONTOUTO),41212,41.928611,-6.99,294811.0,551649.0,dms_recuperado,102.26,50.93,51.33,0.0,Florestal,60.0,Desconhecida,0,1,0,0,8.72
DM415466,2015030024986.0,2015,4,5,2015-04-05,18:31:00,2015-04-05,23:57:00,2015-04-05,18:40:00,Braga,Celorico de Basto,Basto (São Clemente),PEREIRA,30520,41.466161,-8.045611,207312.0,499654.0,dms_recuperado,137.0,18.0,119.0,0.0,Florestal,448.0,Intencional,0,1,0,0,5.43
BL115437,2015180018146.0,2015,4,6,2015-04-06,09:10:00,2015-04-06,18:31:00,2015-04-06,09:31:00,Viseu,Lamego,Valdigem,VALDIGEM,180522,41.126564,-7.765165,230900.0,461999.0,dms_recuperado,148.0,57.0,91.0,0.0,Florestal,121.0,Negligente,0,1,0,0,9.35
DM215847,2015130071597.0,2015,5,19,2015-05-19,13:55:00,2015-05-19,22:50:00,2015-05-19,14:05:00,Porto,Póvoa de Varzim,Estela,LUG DO OUTEIRO,131307,41.440097,-8.747638,148655.0,496928.0,dms_recuperado,117.97,94.37,23.6,0.0,Florestal,449.0,Intencional,0,1,0,0,8.92
DM315533,2015160012489.0,2015,5,21,2015-05-21,14:33:00,2015-05-23,19:03:00,2015-05-21,14:50:00,Viana do Castelo,Ponte de Lima,Cabração,Escusa (CABRAÇÃO),160712,41.834492,-8.668863,155497.0,540694.0,dms_recuperado,1183.0,1048.0,135.0,0.0,Florestal,448.0,Intencional,0,1,0,0,52.5
DM315582,2015160012920.0,2015,5,25,2015-05-25,16:03:00,2015-05-26,05:51:00,2015-05-25,16:05:00,Viana do Castelo,Caminha,Gondar,A28 KM 86.13 - GONDAR,160210,41.816966,-8.777785,146438.0,538813.0,dms_recuperado,272.0,244.8,27.2,0.0,Florestal,215.0,Negligente,0,1,0,0,13.8
AT215180,2015120010748.0,2015,6,7,2015-06-07,14:15:00,2015-06-07,16:32:00,2015-06-07,14:37:00,Portalegre,Elvas,Santa Eulália,Fontalva,120706,39.010207,-7.301925,271990.0,227276.0,dms_recuperado,103.239,30.239,0.0,73.0,Florestal,60.0,Desconhecida,0,1,0,0,2.28
AT115284,2015070013110.0,2015,6,18,2015-06-18,14:25:00,2015-06-18,18:17:00,2015-06-18,15:03:00,Évora,Mourão,Mourão,Herdade da Tapadinha e Contenda,70803,38.391667,-7.275,274866.0,158798.0,dms_recuperado,224.16,0.0,0.0,224.16,Agrícola,60.0,Desconhecida,0,0,1,0,3.87
BL215299,2015060027008.0,2015,6,25,2015-06-25,14:08:00,2015-06-25,23:24:00,,,Coimbra,Arganil,Pombeiro da Beira,Vale de Espinho,60113,40.243753,-8.133116,200005.0,363915.0,dms_recuperado,156.939,100.753,52.238,3.948,Florestal,448.0,Intencional,0,1,0,0,9.27
RO115542,2015140034591.0,2015,6,25,2015-06-25,13:55:00,2015-06-26,07:12:00,2015-06-25,14:10:00,Santarém,Santarém,Alcanede,"Covão dos Porcos (Monumento Natural das Pegadas de Dinossáurios de Serra de Aire, Parque Natural das Serras de Aire e Candeeiros, Rua dos Casais, 2025 Alcanede, Portugal)",141604,39.47188,-8.78909,143447.0,278579.0,dms_recuperado,134.8841,0.0,134.8841,0.0,Florestal,449.0,Intencional,0,1,0,0,17.28
BI115333,2015090019051.0,2015,6,26,2015-06-26,14:59:00,2015-06-27,00:28:00,2015-06-26,15:20:00,Guarda,Almeida,Ade,Prado Queimado - Caminho de Pailobo,90201,40.544053,-6.997203,296128.0,398043.0,dms_recuperado,214.0,30.0,184.0,0.0,Florestal,227.0,Negligente,0,1,0,0,9.48
AT315227,2015020017091.0,2015,6,28,2015-06-28,13:30:00,2015-06-29,13:05:00,2015-06-28,13:47:00,Beja,Odemira,Sabóia,Malhada Formosa,21103,37.490222,-8.545806,163394.0,58472.0,dms_recuperado,695.8,576.15,0.0,119.65,Florestal,211.0,Negligente,0,1,0,0,23.58
BL115658,2015180033522.0,2015,6,29,2015-06-29,14:57:00,2015-06-30,06:38:00,2015-06-29,14:59:00,Viseu,Mangualde,Abrunhosa-a-Velha,ABRUNHOSA A VELHA,180601,40.578608,-7.63944,241799.0,401200.0,dms_recuperado,832.14,97.58,734.56,0.0,Florestal,448.0,Intencional,0,1,0,0,15.68
AT315232,2015020017200.0,2015,6,29,2015-06-29,13:13:00,2015-06-30,16:45:00,2015-06-29,13:30:00,Beja,Ourique,Santana da Serra,"IC1, Km 688,2",21206,37.503389,-8.29525,185556.0,59865.0,dms_recuperado,263.0,263.0,0.0,0.0,Florestal,152.0,Negligente,0,1,0,0,27.53
BI115342,2015090019463.0,2015,6,30,2015-06-30,17:17:00,2015-07-01,03:58:00,2015-06-30,17:26:00,Guarda,Guarda,Rochoso,Espinhal,90737,40.540753,-7.101903,287262.0,397568.0,dms_recuperado,709.0,338.88,333.8,36.32,Florestal,211.0,Negligente,0,1,0,0,10.68
BI115349,2015090019735.0,2015,7,3,2015-07-03,12:19:00,2015-07-03,23:02:00,2015-07-03,12:20:00,Guarda,Figueira de Castelo Rodrigo,Castelo Rodrigo,Lugar do Juncal,90403,40.861288,-6.951847,299497.0,433324.0,dms_recuperado,569.0,316.5,87.5,165.0,Florestal,221.0,Negligente,0,1,0,0,10.72
TM215357,2015040017601.0,2015,7,6,2015-07-06,13:11:00,2015-07-07,09:54:00,2015-07-06,13:25:00,Bragança,Mogadouro,Bruçó,Bruço,40803,41.250565,-6.696699,320401.0,476698.0,dms_recuperado,845.0,530.0,315.0,0.0,Florestal,223.0,Negligente,0,1,0,0,20.72
RO115627,2015140037147.0,2015,7,7,2015-07-07,12:54:00,2015-07-08,20:00:00,2015-07-07,13:04:00,Santarém,Tomar,São Pedro de Tomar,Portela,141813,39.538321,-8.368078,179801.0,285601.0,dms_recuperado,1580.0,1082.0,340.0,158.0,Florestal,448.0,Intencional,0,1,0,0,31.1
BI115366,2015090020152.0,2015,7,7,2015-07-07,11:39:00,2015-07-07,13:06:00,2015-07-07,11:54:00,Guarda,Vila Nova de Foz Côa,Almendra,Turão do Castelo,91401,41.019722,-7.028611,292783.0,450839.0,dms_recuperado,164.0,0.0,80.0,84.0,Florestal,125.0,Negligente,0,1,0,0,1.45
BI215266,2015050018099.0,2015,7,10,2015-07-10,13:14:00,2015-07-10,17:57:00,2015-07-10,13:33:00,Castelo Branco,Idanha-a-Nova,Rosmaninhal,Casa de Vale Mosteiro,50512,39.724333,-7.133592,285694.0,306714.0,dms_recuperado,279.8651,90.7498,146.886,42.2293,Florestal,221.0,Negligente,0,1,0,0,4.72
DM315921,2015160017173.0,2015,7,10,2015-07-10,16:53:00,2015-07-11,05:41:00,2015-07-10,17:30:00,Viana do Castelo,Viana do Castelo,Geraz Lima (Santa Maria),CASTELO - GERAZ DO LIMA,160930,41.704457,-8.675355,154875.0,526258.0,dms_recuperado,221.258,107.0,114.258,0.0,Florestal,448.0,Intencional,0,1,0,0,12.8
DM4151239,2015030049572.0,2015,7,12,2015-07-12,13:31:00,2015-07-13,00:02:00,2015-07-12,13:43:00,Braga,Cabeceiras de Basto,Bucos,CARRAZEDO,30405,41.582557,-8.030303,208577.0,512577.0,dms_recuperado,143.0,2.0,141.0,0.0,Florestal,125.0,Negligente,0,1,0,0,10.52
TM215380,2015040018519.0,2015,7,14,2015-07-14,13:42:00,2015-07-14,23:38:00,2015-07-14,14:00:00,Bragança,Bragança,Rio Frio,Paçô,40237,41.714873,-6.605911,327104.0,528414.0,dms_recuperado,156.49,1.24,155.25,0.0,Florestal,31.0,Intencional,0,1,0,0,9.93
BI215286,2015050018709.0,2015,7,16,2015-07-16,14:47:00,2015-07-17,14:24:00,2015-07-16,15:01:00,Castelo Branco,Covilhã,Verdelhos,Verdelhos,50327,40.371605,-7.461703,257026.0,378319.0,dms_recuperado,576.65,356.0,220.65,0.0,Florestal,630.0,Desconhecida,0,1,0,0,23.62
BI115398,2015090021163.0,2015,7,16,2015-07-16,18:12:00,2015-07-17,07:00:00,2015-07-16,18:22:00,Guarda,Guarda,Arrifana,"A25 , Km 163.6",90706,40.558333,-7.195278,279331.0,399432.0,dms_recuperado,248.0,33.0,150.0,65.0,Florestal,215.0,Negligente,0,1,0,0,12.8
TM115905,2015170015120.0,2015,7,21,2015-07-21,20:09:00,2015-07-22,00:15:00,2015-07-21,20:35:00,Vila Real,Montalegre,Meixide,SOUTELINHO DA RAIA,170614,41.821187,-7.601658,244157.0,539210.0,dms_recuperado,154.0,0.0,154.0,0.0,Florestal,125.0,Negligente,0,1,0,0,4.1
TM115917,2015170015304.0,2015,7,23,2015-07-23,18:30:00,2015-07-24,05:40:00,2015-07-23,18:47:00,Vila Real,Chaves,Vilarelho da Raia,Cambedo,170345,41.8675,-7.49028,253373.0,544425.0,dms_recuperado,150.0,22.0,105.0,23.0,Florestal,630.0,Desconhecida,0,1,0,0,11.17
AT315289,2015020019429.0,2015,7,23,2015-07-23,14:55:00,2015-07-23,19:40:00,2015-07-23,15:00:00,Beja,Alvito,Alvito,Monte Ruivo,20301,38.221625,-8.001092,211455.0,139583.0,dms_recuperado,138.0,71.0,0.0,67.0,Florestal,449.0,Intencional,0,1,0,0,4.75
BI115423,2015090022018.0,2015,7,24,2015-07-24,15:11:00,2015-07-25,01:40:00,2015-07-24,15:20:00,Guarda,Trancoso,Freches,Vale Longo,91308,40.737929,-7.357217,265439.0,419243.0,dms_recuperado,179.0,70.0,95.0,14.0,Florestal,448.0,Intencional,0,1,0,0,10.48
TM215418,2015040019693.0,2015,7,24,2015-07-24,01:00:00,2015-07-24,05:55:00,2015-07-24,01:20:00,Bragança,Carrazeda de Ansiães,Beira Grande,BEIRA GRANDE,40302,41.18707,-7.285679,271110.0,468986.0,dms_recuperado,100.0,0.0,100.0,0.0,Florestal,60.0,Desconhecida,0,1,0,0,4.92
TM215426,2015040019932.0,2015,7,26,2015-07-26,12:27:00,2015-07-26,21:36:00,2015-07-26,12:44:00,Bragança,Carrazeda de Ansiães,Lavandeira,LAVANDEIRA,40307,41.192636,-7.308256,269193.0,469584.0,dms_recuperado,520.14,0.0,520.14,0.0,Florestal,711.0,Reacendimento,1,1,0,0,9.15
RO115793,2015140041207.0,2015,7,26,2015-07-26,17:49:00,2015-07-26,20:31:00,2015-07-26,18:03:00,Santarém,Benavente,Santo Estevão,SANTO ESTEVÃO,140503,38.905197,-8.749817,146511.0,215473.0,dms_recuperado,120.0,0.0,0.0,120.0,Agrícola,448.0,Intencional,0,0,1,0,2.7
AT115430,2015070016043.0,2015,7,27,2015-07-27,15:17:00,2015-07-28,10:20:00,2015-07-27,15:32:00,Évora,Portel,Alqueva,Herdade da Serra do Meio,70901,38.243139,-7.58894,247534.0,142102.0,dms_recuperado,727.91,593.83,129.05,5.03,Florestal,221.0,Negligente,0,1,0,0,19.05
TM115961,2015170015658.0,2015,7,27,2015-07-27,14:30:00,2015-07-27,21:27:00,2015-07-27,14:35:00,Vila Real,Chaves,Outeiro Seco,VILELA SECA,170321,41.798892,-7.445883,257123.0,536833.0,dms_recuperado,282.0,30.0,225.0,27.0,Florestal,448.0,Intencional,0,1,0,0,6.95
TM115963,2015170015668.0,2015,7,27,2015-07-27,16:08:00,2015-07-28,02:23:00,2015-07-27,16:27:00,Vila Real,Valpaços,Santa Valha,"Vale (EM544, 5430, Portugal)",171220,41.720278,-7.269444,271754.0,528418.0,dms_recuperado,115.0,9.0,106.0,0.0,Florestal,711.0,Reacendimento,1,1,0,0,10.25
BI115470,2015050020458.0,2015,8,2,2015-08-02,16:23:00,2015-08-03,21:44:00,2015-08-02,16:37:00,Guarda,Sabugal,Casteleiro,Quinta das Barrentas,91112,40.277003,-7.304033,270501.0,367914.0,dms_recuperado,1190.0,127.0,1031.0,32.0,Florestal,448.0,Intencional,0,1,0,0,29.35
BI215351,2015050020535.0,2015,8,3,2015-08-03,13:43:00,2015-08-04,18:00:00,2015-08-03,13:52:00,Castelo Branco,Oleiros,Álvaro,Longra,50601,39.976159,-7.966883,214194.0,334194.0,dms_recuperado,777.34,583.4576,172.2224,21.66,Florestal,211.0,Negligente,0,1,0,0,28.28
BL115974,2015180041449.0,2015,8,6,2015-08-06,15:59:00,2015-08-07,07:33:00,2015-08-06,16:10:00,Viseu,Mangualde,Póvoa de Cervães,Contenças de Baixo,180613,40.557363,-7.691645,237389.0,398832.0,dms_recuperado,985.0,29.89,955.11,0.0,Florestal,448.0,Intencional,0,1,0,0,15.57
BL415493,2015100039525.0,2015,8,6,2015-08-06,13:42:00,2015-08-07,06:30:00,2015-08-06,13:43:00,Leiria,Pedrógão Grande,Graça,Porto das Estevas,101301,39.896675,-8.223169,192307.0,325364.0,dms_recuperado,550.0,501.0,49.0,0.0,Florestal,448.0,Negligente,0,1,0,0,16.8
BI115496,2015090023531.0,2015,8,6,2015-08-06,14:07:00,2015-08-06,23:42:00,2015-08-06,14:17:00,Guarda,Vila Nova de Foz Côa,Castelo Melhor,Canadas das Bebereiras,91402,41.024819,-7.08601,287968.0,451342.0,dms_recuperado,250.0,32.0,109.0,109.0,Florestal,125.0,Negligente,0,1,0,0,9.58
DM4151597,2015030056421.0,2015,8,7,2015-08-07,11:33:00,2015-08-09,19:12:00,,,Braga,Terras de Bouro,Valdosende,L. VILAR MONTE,31015,41.666101,-8.22761,192141.0,521863.0,dms_recuperado,658.0,200.0,458.0,0.0,Florestal,630.0,Desconhecida,0,1,0,0,55.65
BL415501,2015100039729.0,2015,8,7,2015-08-07,14:18:00,2015-08-07,22:41:00,2015-08-07,14:25:00,Leiria,Alcobaça,Pataias,Estrada Atlântica - Pataias,100110,39.698472,-9.009797,124812.0,303707.0,dms_recuperado,148.0,148.0,0.0,0.0,Florestal,449.0,Intencional,0,1,0,0,8.38
DM3151214,2015160019994.0,2015,8,8,2015-08-08,11:16:00,2015-08-11,21:31:00,2015-08-08,11:22:00,Viana do Castelo,Vila Nova de Cerveira,Candemil,CORGAS - CANDEMIL,161002,41.926696,-8.690705,153741.0,550949.0,dms_recuperado,3023.99,480.43,2543.56,0.0,Florestal,448.0,Intencional,0,1,0,0,82.25
DM3151235,2015160020085.0,2015,8,8,2015-08-08,22:56:00,2015-08-11,06:23:00,2015-08-08,23:05:00,Viana do Castelo,Monção,Sá,Valinho - Vilarinho,160425,42.075871,-8.354788,181664.0,567391.0,dms_recuperado,1105.0,550.0,555.0,0.0,Florestal,711.0,Reacendimento,1,1,0,0,55.45
DM3151232,2015160020077.0,2015,8,8,2015-08-08,21:51:00,2015-08-09,07:37:00,2015-08-08,22:05:00,Viana do Castelo,Valença,Taião,Alto dos Teares - Taião de Cima,160814,41.997753,-8.599025,161411.0,558802.0,dms_recuperado,283.0,82.0,201.0,0.0,Queimada,125.0,Negligente,0,0,0,1,9.77
DM3151215,2015160020003.0,2015,8,8,2015-08-08,11:51:00,2015-08-09,10:48:00,2015-08-08,12:03:00,Viana do Castelo,Monção,Longos Vales,Costa,160411,42.045333,-8.434782,175031.0,564017.0,dms_recuperado,144.0,100.0,44.0,0.0,Queimada,122.0,Negligente,0,0,0,1,22.95
BL215478,2015060034102.0,2015,8,9,2015-08-09,16:19:00,2015-08-10,21:12:00,2015-08-09,16:27:00,Coimbra,Miranda do Corvo,Miranda do Corvo,Vale de Colmeias,60902,40.124677,-8.346631,181796.0,350705.0,dms_recuperado,714.51,686.0,28.51,0.0,Florestal,133.0,Negligente,0,1,0,0,28.88
DM4151688,2015030057024.0,2015,8,9,2015-08-09,12:10:00,2015-08-10,01:59:00,2015-08-09,12:20:00,Braga,Cabeceiras de Basto,Cabeceiras de Basto,LAPELA,30406,41.559144,-8.020499,209391.0,509986.0,dms_recuperado,394.0,75.0,319.0,0.0,Florestal,311.0,Intencional,0,1,0,0,13.82
DM4151684,2015030056988.0,2015,8,9,2015-08-09,10:10:00,2015-08-11,07:25:00,,,Braga,Terras de Bouro,Balança,CHÃOS,31001,41.700878,-8.320025,184446.0,525732.0,dms_recuperado,219.0,99.5,119.5,0.0,Florestal,711.0,Reacendimento,1,1,0,0,45.25
DM3151248,2015160020160.0,2015,8,9,2015-08-09,12:52:00,2015-08-10,08:57:00,2015-08-09,13:10:00,Viana do Castelo,Ponte de Lima,Poiares,POIARES,160734,41.652809,-8.627736,158796.0,520496.0,dms_recuperado,192.0,70.5,121.5,0.0,Florestal,448.0,Intencional,0,1,0,0,20.08
TM1151047,2015170016874.0,2015,8,9,2015-08-09,14:11:00,2015-08-10,10:10:00,2015-08-09,14:51:00,Vila Real,Montalegre,Tourém,TOURÉM (P.N.P.GERES),170632,41.887747,-7.901378,219235.0,546504.0,dms_recuperado,187.0,3.0,184.0,0.0,Florestal,711.0,Reacendimento,0,1,0,0,19.98
DM4151661,2015030056898.0,2015,8,9,2015-08-09,00:29:00,2015-08-10,08:01:00,2015-08-09,01:00:00,Braga,Vieira do Minho,Cantelães,SENHORA DA FE,31105,41.6508,-8.109991,201927.0,520161.0,dms_recuperado,124.5,116.0,8.5,0.0,Florestal,125.0,Negligente,0,1,0,0,31.53
DM3151242,2015160020116.0,2015,8,9,2015-08-09,05:24:00,2015-08-09,18:31:00,2015-08-09,05:45:00,Viana do Castelo,Ponte da Barca,Cuide de Vila Verde,DANAIA - CUIDE VILA VERDE,160606,41.771486,-8.402913,177580.0,533587.0,dms_recuperado,106.0,70.0,36.0,0.0,Florestal,448.0,Intencional,0,1,0,0,13.12
BI115527,2015090024014.0,2015,8,10,2015-08-10,14:44:00,2015-08-12,20:21:00,2015-08-10,14:52:00,Guarda,Gouveia,Mangualde da Serra,Srª do Monte -PNSE,90608,40.455852,-7.607325,244608.0,387582.0,dms_recuperado,2557.3,372.0,2129.5,55.8,Florestal,125.0,Negligente,0,1,0,0,53.62
BL1151050,2015180042317.0,2015,8,10,2015-08-10,12:20:00,2015-08-11,05:23:00,2015-08-10,12:30:00,Viseu,Mangualde,Mangualde,Cubos,180610,40.587197,-7.77049,230694.0,402102.0,dms_recuperado,760.8,81.98,678.82,0.0,Florestal,630.0,Desconhecida,0,1,0,0,17.05
DM4151726,2015030057262.0,2015,8,10,2015-08-10,09:20:00,2015-08-11,07:29:00,,,Braga,Póvoa de Lanhoso,Friande,"Alto da Paixão (Rua da Alegria 256, 4830, Portugal)",30911,41.621944,-8.284722,187251.0,517149.0,dms_recuperado,371.87,40.0,331.87,0.0,Florestal,630.0,Desconhecida,0,1,0,0,22.15
BL3151278,2015010056175.0,2015,8,10,2015-08-10,15:43:00,2015-08-12,14:28:00,2015-08-10,16:00:00,Aveiro,Arouca,Espiunca,Lugar de Fontão,10410,41.008253,-8.223471,192411.0,448808.0,dms_recuperado,353.0,282.4,70.6,0.0,Florestal,711.0,Reacendimento,1,1,0,0,46.75
BL215486,2015060034274.0,2015,8,10,2015-08-10,16:56:00,2015-08-11,03:29:00,,,Coimbra,Penacova,Penacova,RIBAS DE CIMA,61307,40.280919,-8.273219,188075.0,368027.0,dms_recuperado,140.38,133.0,5.0,2.38,Florestal,448.0,Intencional,0,1,0,0,10.55
DM3151287,2015160020333.0,2015,8,10,2015-08-10,15:50:00,2015-08-11,05:42:00,2015-08-10,15:51:00,Viana do Castelo,Arcos de Valdevez,Couto,Selim - GONDORIZ,160109,41.883163,-8.394583,178311.0,545987.0,dms_recuperado,138.0,108.0,30.0,0.0,Florestal,448.0,Intencional,0,1,0,0,13.87
DM4151721,2015030057230.0,2015,8,10,2015-08-10,03:25:00,2015-08-10,12:45:00,2015-08-10,03:42:00,Braga,Póvoa de Lanhoso,Travassos,LEIRADELA,30927,41.579813,-8.201452,194308.0,512266.0,dms_recuperado,131.86,21.86,110.0,0.0,Florestal,711.0,Reacendimento,1,1,0,0,9.33
DM4151752,2015030057424.0,2015,8,10,2015-08-10,18:30:00,2015-08-11,00:59:00,2015-08-10,18:40:00,Braga,Terras de Bouro,Chamoim,SAIM,31005,41.724936,-8.261868,189282.0,528407.0,dms_recuperado,125.0,100.0,25.0,0.0,Florestal,711.0,Reacendimento,1,1,0,0,6.48
BL215490,2015060034291.0,2015,8,10,2015-08-10,18:20:00,2015-08-11,06:11:00,2015-08-10,18:37:00,Coimbra,Penacova,Oliveira do Mondego,Lavradio,61305,40.322968,-8.221362,192497.0,372709.0,dms_recuperado,117.58,116.58,1.0,0.0,Florestal,448.0,Intencional,0,1,0,0,11.85
BI115528,2015090024024.0,2015,8,10,2015-08-10,16:31:00,2015-08-10,21:15:00,2015-08-10,16:49:00,Guarda,Vila Nova de Foz Côa,Almendra,Ribeiro do Picão,91401,41.0071,-7.077111,288740.0,449383.0,dms_recuperado,110.0,14.0,50.0,46.0,Florestal,125.0,Negligente,0,1,0,0,4.73
DM3151290,2015160020343.0,2015,8,10,2015-08-10,16:49:00,2015-08-11,01:58:00,2015-08-10,16:50:00,Viana do Castelo,Arcos de Valdevez,Sabadim,BARROSINHA - SABADIM,160133,41.906862,-8.465439,172419.0,548661.0,dms_recuperado,108.0,50.0,58.0,0.0,Florestal,448.0,Intencional,0,1,0,0,9.15
DM2153365,2015130116855.0,2015,8,10,2015-08-10,15:38:00,2015-08-11,02:21:00,2015-08-10,15:40:00,Porto,Penafiel,Santa Marta,Brenha,131130,41.199954,-8.237877,191222.0,470096.0,dms_recuperado,106.5,45.0,61.5,0.0,Florestal,145.0,Negligente,0,1,0,0,10.72
BL1151077,2015180042633.0,2015,8,11,2015-08-11,15:43:00,2015-08-11,23:42:00,2015-08-11,15:45:00,Viseu,Sernancelhe,Lamosa,LAMOSA,181811,40.884688,-7.619381,243294.0,435203.0,dms_recuperado,210.0,41.1,168.9,0.0,Florestal,630.0,Desconhecida,0,1,0,0,7.98
BL1151068,2015180042498.0,2015,8,11,2015-08-11,03:49:00,2015-08-11,23:14:00,2015-08-11,04:10:00,Viseu,Cinfães,Ferreiros de Tendais,Vila Boa de Cima,180405,41.024448,-8.024932,209094.0,450599.0,dms_recuperado,170.1,0.1,170.0,0.0,Florestal,448.0,Intencional,0,1,0,0,19.42
BL1151066,2015180042487.0,2015,8,11,2015-08-11,01:18:00,2015-08-12,22:09:00,2015-08-11,01:50:00,Viseu,São Pedro do Sul,Candal,Ponte de Povoa Leiras,181603,40.851599,-8.179377,196094.0,431407.0,dms_recuperado,170.0,1.0,169.0,0.0,Florestal,449.0,Intencional,0,1,0,0,44.85
AT315353,2015020021612.0,2015,8,16,2015-08-16,14:10:00,2015-08-16,18:00:00,2015-08-16,14:43:00,Beja,Serpa,Vila Verde de Ficalho,Monte Novo da Ferradura,21307,37.997944,-7.340833,269487.0,115041.0,dms_recuperado,127.5,0.0,0.0,127.5,Agrícola,630.0,Desconhecida,0,0,1,0,3.83
TM1151183,2015170018084.0,2015,8,21,2015-08-21,20:30:00,2015-08-22,04:30:00,2015-08-21,20:55:00,Vila Real,Chaves,Bobadela,"Cabeço (R. Norte, Portugal)",170304,41.762778,-7.306111,268657.0,533108.0,dms_recuperado,181.7,81.7,100.0,0.0,Florestal,125.0,Negligente,0,1,0,0,8.0
BI115562,2015090025303.0,2015,8,22,2015-08-22,02:36:00,2015-08-23,16:55:00,2015-08-22,02:56:00,Guarda,Sabugal,Sortelha,Lameirões - Vale do Borrego,91133,40.335561,-7.242761,275558.0,374652.0,dms_recuperado,4673.0,162.0,4499.0,12.0,Florestal,51.0,Natural,0,1,0,0,38.32
TM1151198,2015170018152.0,2015,8,22,2015-08-22,13:13:00,2015-08-23,17:50:00,2015-08-22,13:39:00,Vila Real,Alijó,Pegarinhos,Quinta da Companhia Velha - SANTA EUGÉNIA,170108,41.350064,-7.422177,259496.0,486992.0,dms_recuperado,494.0,140.0,294.0,60.0,Florestal,448.0,Intencional,0,1,0,0,28.62
TM1151195,2015170018147.0,2015,8,22,2015-08-22,12:24:00,2015-08-23,15:53:00,2015-08-22,12:40:00,Vila Real,Montalegre,Gralhas,GRALHAS,170612,41.860012,-7.705428,235504.0,543481.0,dms_recuperado,360.0,0.0,360.0,0.0,Florestal,125.0,Negligente,0,1,0,0,27.48
BI115565,2015090025348.0,2015,8,22,2015-08-22,16:07:00,2015-08-23,00:16:00,2015-08-22,16:15:00,Guarda,Trancoso,Póvoa do Concelho,Carvalheira,91314,40.754864,-7.242265,275130.0,421216.0,dms_recuperado,179.0,60.0,103.4,15.6,Florestal,311.0,Intencional,0,1,0,0,8.15
TM1151197,2015170018151.0,2015,8,22,2015-08-22,13:00:00,2015-08-22,20:20:00,2015-08-22,13:30:00,Vila Real,Ribeira de Pena,Canedo,Penalonga,170902,41.646948,-7.743735,232451.0,519802.0,dms_recuperado,130.0,70.0,60.0,0.0,Florestal,448.0,Intencional,0,1,0,0,7.33
TM1151220,2015170018703.0,2015,8,29,2015-08-29,13:07:00,2015-08-29,20:17:00,2015-08-29,13:20:00,Vila Real,Chaves,Águas Frias,"Vale da Mó (Rua Val da Nogueira, 5400, Portugal)",170301,41.736389,-7.373889,263047.0,530126.0,dms_recuperado,135.0,45.0,90.0,0.0,Florestal,125.0,Negligente,0,1,0,0,7.17
TM215577,2015040024363.0,2015,8,29,2015-08-29,10:19:00,2015-08-29,12:45:00,,,Bragança,Macedo de Cavaleiros,Talhas,TALHAS,40530,41.45924,-6.70297,319484.0,499859.0,dms_recuperado,126.5,1.3,125.2,0.0,Florestal,125.0,Negligente,0,1,0,0,2.43
TM215588,2015040024538.0,2015,8,30,2015-08-30,17:02:00,2015-08-31,03:25:00,2015-08-30,17:10:00,Bragança,Macedo de Cavaleiros,Espadanedo,Bousende,40513,41.64611,-6.91083,301830.0,520357.0,dms_recuperado,570.0,170.0,400.0,0.0,Florestal,51.0,Natural,0,1,0,0,10.38
BL1151236,2015180046679.0,2015,8,30,2015-08-30,14:14:00,2015-08-31,01:00:00,2015-08-30,14:25:00,Viseu,Moimenta da Beira,Vilar,VILAR,180720,40.980736,-7.555664,248608.0,445910.0,dms_recuperado,362.0,40.68,321.32,0.0,Florestal,630.0,Desconhecida,0,1,0,0,10.77
BL215573,2015060037314.0,2015,8,30,2015-08-30,12:42:00,2015-08-31,15:57:00,2015-08-30,12:54:00,Coimbra,Coimbra,Almalaguês,Carpinteiros,60301,40.153369,-8.406578,176692.0,353896.0,dms_recuperado,252.0,127.0,125.0,0.0,Florestal,211.0,Negligente,0,1,0,0,27.25
BI215447,2015050023479.0,2015,8,30,2015-08-30,15:28:00,2015-08-30,21:06:00,2015-08-30,15:38:00,Castelo Branco,Covilhã,Barco,Cabril,50304,40.167498,-7.573862,247638.0,355582.0,dms_recuperado,170.771,52.3,118.471,0.0,Florestal,60.0,Desconhecida,0,1,0,0,5.63
DM3151401,2015160022790.0,2015,9,3,2015-09-03,21:11:00,2015-09-04,05:51:00,2015-09-03,21:21:00,Viana do Castelo,Valença,Cerdal,Gondim,160803,41.973993,-8.610077,160475.0,556154.0,dms_recuperado,118.6244,7.0,111.6244,0.0,Queimada,126.0,Negligente,0,0,0,1,8.67
TM215608,2015040025130.0,2015,9,4,2015-09-04,20:56:00,2015-09-05,07:45:00,2015-09-04,21:05:00,Bragança,Freixo de Espada à Cinta,Mazouco,Lombo do Carvalhão - PNDI,40405,41.173427,-6.796096,312197.0,467989.0,dms_recuperado,240.0,0.0,240.0,0.0,Florestal,448.0,Intencional,0,1,0,0,10.82
DM3151409,2015160022884.0,2015,9,4,2015-09-04,21:13:00,2015-09-05,11:26:00,2015-09-04,21:30:00,Viana do Castelo,Monção,Barbeita,FERREIROS,160404,42.063527,-8.403021,177660.0,566045.0,dms_recuperado,224.0,134.0,90.0,0.0,Florestal,448.0,Intencional,0,1,0,0,14.22
DM4152045,2015030063820.0,2015,9,6,2015-09-06,13:13:00,2015-09-06,14:06:00,2015-09-06,13:14:00,Braga,Fafe,Gontim,FELGUEIRAS,30715,41.531189,-8.101377,202649.0,506865.0,dms_recuperado,193.0,15.0,178.0,0.0,Florestal,60.0,Desconhecida,0,1,0,0,0.88
DM2154002,2015130130217.0,2015,9,6,2015-09-06,14:27:00,2015-09-07,00:24:00,2015-09-06,14:30:00,Porto,Valongo,Campo,COUCE,131502,41.172915,-8.478713,171008.0,467125.0,dms_recuperado,188.4,110.35,78.05,0.0,Florestal,610.0,Desconhecida,0,1,0,0,9.95
BL3151526,2015010062943.0,2015,9,7,2015-09-07,13:26:00,2015-09-08,20:42:00,2015-09-07,13:36:00,Aveiro,Arouca,Canelas,Prolonga,10406,40.973152,-8.199661,194394.0,444889.0,dms_recuperado,260.0,255.0,5.0,0.0,Florestal,6.0,Desconhecida,0,1,0,0,31.27
DM4152079,2015030064148.0,2015,9,7,2015-09-07,18:04:00,2015-09-08,06:47:00,2015-09-07,18:20:00,Braga,Vieira do Minho,Mosteiro,RIO LONGO,31110,41.605234,-8.133559,199960.0,515102.0,dms_recuperado,110.0,30.0,80.0,0.0,Florestal,4.0,Intencional,0,1,0,0,12.72
TM1151357,2015170019703.0,2015,9,8,2015-09-08,22:54:00,2015-09-09,10:50:00,2015-09-08,23:00:00,Vila Real,Sabrosa,Passos,SÃO DOMINGOS,171007,41.208862,-7.603077,244457.0,471212.0,dms_recuperado,124.6,1.0,123.6,0.0,Florestal,448.0,Intencional,0,1,0,0,11.93
DM3151442,2015160023256.0,2015,9,8,2015-09-08,15:32:00,2015-09-09,00:11:00,2015-09-08,15:38:00,Viana do Castelo,Monção,Barbeita,OUTEIRO - LONGOS VALES,160404,42.046983,-8.409751,177102.0,564195.0,dms_recuperado,105.0,65.0,40.0,0.0,Florestal,711.0,Reacendimento,1,1,0,0,8.65
TM215646,2015040025841.0,2015,9,11,2015-09-11,12:48:00,2015-09-11,20:00:00,2015-09-11,13:03:00,Bragança,Vinhais,Vilar de Lomba,Ferreiros,41231,41.845383,-7.189166,278399.0,542188.0,dms_recuperado,196.15,2.96,192.99,0.2,Florestal,125.0,Negligente,0,1,0,0,7.2
TM215653,2015040025960.0,2015,9,12,2015-09-12,20:00:00,2015-09-13,02:00:00,2015-09-12,20:05:00,Bragança,Bragança,Babe,LABIADOS-PNM,40203,41.851266,-6.64,323998.0,543513.0,dms_recuperado,115.63,0.0,109.04,6.59,Florestal,60.0,Desconhecida,0,1,0,0,6.0
AG115581,2015080042134.0,2015,10,1,2015-10-01,12:32:00,2015-10-02,05:34:00,2015-10-01,12:44:00,Faro,Monchique,Marmelete,"Vale da Junca (Unnamed Road, 8550, Portugal)",80902,37.266667,-8.67,152273.0,33709.0,dms_recuperado,203.1,0.0,203.1,0.0,Florestal,124.0,Negligente,0,1,0,0,17.03
BL3151671,2015010069272.0,2015,10,2,2015-10-02,13:20:00,2015-10-04,02:39:00,2015-10-02,13:35:00,Aveiro,Arouca,Covelo de Paivó,COVELO DE PAIVÔ,10408,40.883121,-8.163976,197407.0,434892.0,dms_recuperado,221.0,0.0,221.0,0.0,Florestal,6.0,Desconhecida,0,1,0,0,37.32
DM416175,2016030032861.0,2016,5,2,2016-05-02,15:09:00,2016-05-02,18:31:00,2016-05-02,15:15:00,Braga,Cabeceiras de Basto,Passos,L. PORTELA (PASSOS),30412,41.485685,-8.044992,207361.0,501822.0,dms_recuperado,106.0,5.0,101.0,0.0,Florestal,630.0,Desconhecida,0,1,0,0,3.37
BL316438,2016010051060.0,2016,7,15,2016-07-15,00:24:00,2016-07-16,03:59:00,2016-07-15,00:45:00,Aveiro,Vale de Cambra,Junqueira,Calvela (Currais),11905,40.810905,-8.335791,182900.0,426899.0,dms_recuperado,309.0,247.2,61.8,0.0,Florestal,4.0,Intencional,0,1,0,0,27.58
BL316446,2016010051177.0,2016,7,15,2016-07-15,11:23:00,2016-07-15,15:49:00,2016-07-15,11:52:00,Aveiro,Santa Maria da Feira,Canedo,Lousado (Mosteiro),10903,41.006897,-8.468336,171800.0,448699.0,dms_recuperado,168.0,84.0,84.0,0.0,Florestal,6.0,Desconhecida,0,1,0,0,4.43
AT116393,2016070015580.0,2016,7,18,2016-07-18,13:43:00,2016-07-18,17:40:00,2016-07-18,13:48:00,Évora,Évora,Malagueira,Alto de São Bento,70519,38.583333,-7.938889,216818.0,179744.0,dms_recuperado,103.32,82.98,0.0,20.34,Florestal,630.0,Desconhecida,0,1,0,0,3.95
TM216110,2016040020529.0,2016,7,19,2016-07-19,18:15:00,2016-07-20,01:53:00,2016-07-19,18:17:00,Bragança,Carrazeda de Ansiães,Parambos,PARAMBOS,40311,41.237114,-7.360181,264799.0,474499.0,dms_recuperado,266.7,0.0,266.7,0.0,Florestal,449.0,Intencional,0,1,0,0,7.63
TM116258,2016170016615.0,2016,7,22,2016-07-22,15:13:00,2016-07-23,06:19:00,2016-07-22,15:24:00,Vila Real,Vila Real,Vale de Nogueiras,Ludares (Alto das Madorras),171427,41.294346,-7.624073,242639.0,480693.0,dms_recuperado,212.0,0.0,212.0,0.0,Florestal,448.0,Intencional,0,1,0,0,15.1
TM216120,2016040020923.0,2016,7,22,2016-07-22,23:40:00,2016-07-23,06:47:00,2016-07-22,23:42:00,Bragança,Freixo de Espada À Cinta,Freixo de Espada À Cinta,São João PNDI (Prados),40402,41.090145,-6.835867,308999.0,458700.0,dms_recuperado,147.0,0.0,100.0,47.0,Florestal,125.0,Negligente,0,1,0,0,7.12
DM3161696,2016160020559.0,2016,7,23,2016-07-23,22:30:00,2016-07-24,08:49:00,2016-07-23,22:45:00,Viana do Castelo,Paredes de Coura,Ferreira,S.SILVESTRE (Couto do Bouça),160508,41.945702,-8.579793,162963.0,553009.0,dms_recuperado,154.0,24.5,129.5,0.0,Florestal,448.0,Intencional,0,1,0,0,10.32
BI116262,2016090022421.0,2016,7,24,2016-07-24,01:14:00,2016-07-24,13:40:00,2016-07-24,01:30:00,Guarda,Guarda,Vila Cortês do Mondego,Quinta de Santo António,90750,40.598611,-7.313889,269232.0,403804.0,dms_recuperado,205.0,3.0,42.0,160.0,Florestal,449.0,Intencional,0,1,0,0,12.43
RO116393,2016140041537.0,2016,7,25,2016-07-25,14:38:00,2016-07-26,11:10:00,2016-07-25,14:52:00,Santarém,Coruche,Couço,"Vale da Vaqueira (Unnamed Road, Portugal)",140902,39.079722,-8.335833,182354.0,234853.0,dms_recuperado,471.43,467.43,4.0,0.0,Florestal,610.0,Desconhecida,0,1,0,0,20.53
BI2162816,2016050023351.0,2016,7,26,2016-07-26,14:55:00,2016-07-27,05:09:00,2016-07-26,15:05:00,Castelo Branco,Castelo Branco,Monforte da Beira,Monforte da Beira (Monte do Barata),50216,39.750702,-7.312705,270312.0,309474.0,dms_recuperado,1198.6122,571.5919,153.5978,473.4225,Florestal,227.0,Negligente,0,1,0,0,14.23
BI2162818,2016050023370.0,2016,7,26,2016-07-26,16:57:00,2016-07-26,21:50:00,2016-07-26,17:08:00,Castelo Branco,Castelo Branco,Cebolais de Cima,Cebolais de Cima,50206,39.751381,-7.562243,248925.0,309384.0,dms_recuperado,250.0071,134.515,61.9899,53.5022,Florestal,448.0,Intencional,0,1,0,0,4.88
AT216172,2016120014682.0,2016,7,26,2016-07-26,16:50:00,2016-07-26,21:25:00,2016-07-26,16:53:00,Portalegre,Crato,Flor da Rosa,CRATO (Bairro de Carvalho de Janeiro),120603,39.297352,-7.653677,241356.0,258928.0,dms_recuperado,123.42,34.71,11.48,77.23,Florestal,449.0,Intencional,0,1,0,0,4.58
BI116295,2016090023181.0,2016,7,30,2016-07-30,13:05:00,2016-07-31,21:36:00,2016-07-30,13:15:00,Guarda,Manteigas,São Pedro,Caldas,90803,40.388889,-7.545278,249806.0,380352.0,dms_recuperado,149.9999,75.0,74.9999,0.0,Florestal,223.0,Negligente,0,1,0,0,32.52
BI116307,2016090023285.0,2016,7,31,2016-07-31,09:35:00,2016-08-01,20:56:00,2016-07-31,09:35:00,Guarda,Manteigas,Sameiro,Barroca de São Lourenço,90801,40.407222,-7.500833,253569.0,382435.0,dms_recuperado,255.0,95.0,160.0,0.0,Florestal,4.0,Intencional,0,1,0,0,35.35
DM3161807,2016160021688.0,2016,8,2,2016-08-02,16:00:00,2016-08-03,19:48:00,2016-08-02,16:02:00,Viana do Castelo,Arcos de Valdevez,Gavieira,Peneda - PNPG (Férrea),160113,41.963932,-8.219667,192827.0,554941.0,dms_recuperado,1117.0,600.0,517.0,0.0,Florestal,125.0,Negligente,0,1,0,0,27.8
BL216261,2016060033994.0,2016,8,3,2016-08-03,15:37:00,2016-08-03,23:18:00,2016-08-03,15:50:00,Coimbra,Góis,Alvares,Obrais,60601,40.025539,-8.137237,199647.0,339669.0,dms_recuperado,160.0,129.0,31.0,0.0,Florestal,448.0,Intencional,0,1,0,0,7.68
DM2162182,2016130117860.0,2016,8,5,2016-08-05,15:30:00,2016-08-06,05:03:00,2016-08-05,15:39:00,Porto,Gondomar,Melres,Vilarinho (Costeirinha),130407,41.065371,-8.393758,178093.0,455172.0,dms_recuperado,365.0,0.0,365.0,0.0,Florestal,610.0,Desconhecida,0,1,0,0,13.55
BL316891,2016010057926.0,2016,8,6,2016-08-06,19:06:00,2016-08-11,00:43:00,2016-08-06,19:31:00,Aveiro,Arouca,Rossas,Encosta da Serra da Freita (Provisende de Baixo),10415,40.891991,-8.311121,185000.0,435900.0,dms_recuperado,2577.0,1932.75,644.25,0.0,Florestal,4.0,Intencional,0,1,0,0,101.62
BI116329,2016090023958.0,2016,8,6,2016-08-06,09:33:00,2016-08-06,22:19:00,2016-08-06,09:45:00,Guarda,Mêda,Rabaçal,Vale de Pai,90914,40.859167,-7.269722,272701.0,432769.0,dms_recuperado,661.5,353.0,200.0,108.5,Florestal,125.0,Negligente,0,1,0,0,12.77
DM3161856,2016160022114.0,2016,8,6,2016-08-06,13:15:00,2016-08-07,09:55:00,2016-08-06,13:25:00,Viana do Castelo,Arcos de Valdevez,Portela,EXTREMO (Cimo de Vila),160127,41.946388,-8.454848,173324.0,553039.0,dms_recuperado,206.5,21.0,185.5,0.0,Florestal,711.0,Reacendimento,1,1,0,0,20.67
DM2162278,2016130118647.0,2016,8,6,2016-08-06,17:26:00,2016-08-06,20:20:00,2016-08-06,17:45:00,Porto,Penafiel,Vila Cova,Lg. Buriz (VILA COVA),131137,41.169658,-8.237889,191208.0,466726.0,dms_recuperado,157.0,0.0,157.0,0.0,Florestal,145.0,Negligente,0,1,0,0,2.9
DM3161885,2016160022263.0,2016,8,7,2016-08-07,17:59:00,2016-08-10,20:50:00,2016-08-07,18:03:00,Viana do Castelo,Vila Nova de Cerveira,Covas,COVAS,161004,41.886585,-8.694601,153400.0,546499.0,dms_recuperado,6651.29,696.48,5843.15,111.66,Florestal,711.0,Reacendimento,1,1,0,0,74.85
DM3161878,2016160022240.0,2016,8,7,2016-08-07,15:25:00,2016-08-08,10:21:00,2016-08-07,15:27:00,Viana do Castelo,Paredes de Coura,Rubiães,ANTAS - RUBIAES (Ponte Nova do Crasto),160520,41.89706,-8.629881,158778.0,547630.0,dms_recuperado,3664.68,3184.28,480.4,0.0,Florestal,711.0,Reacendimento,1,1,0,0,18.93
DM416891,2016030059447.0,2016,8,7,2016-08-07,14:58:00,2016-08-09,20:47:00,2016-08-07,15:06:00,Braga,Barcelos,Tamel (Santa Leocádia),"Portelinha (N103 508, 4750, Portugal)",30267,41.566667,-8.661667,155814.0,511122.0,dms_recuperado,1694.0,1444.0,250.0,0.0,Florestal,711.0,Reacendimento,1,1,0,0,53.82
BI116346,2016090024143.0,2016,8,7,2016-08-07,15:24:00,2016-08-08,20:19:00,2016-08-07,16:00:00,Guarda,Trancoso,Aldeia Nova,Quinta do Lucas,91301,40.7,-7.427778,259509.0,414970.0,dms_recuperado,1397.9996,175.0,649.9996,573.0,Florestal,630.0,Desconhecida,0,1,0,0,28.92
BL316914,2016010058061.0,2016,8,7,2016-08-07,07:25:00,2016-08-08,12:40:00,2016-08-07,08:46:00,Aveiro,Vale de Cambra,Arões,Felgueira (Ribeira de Paraduca),11901,40.813152,-8.277264,187838.0,427139.0,dms_recuperado,984.0,787.0,197.0,0.0,Florestal,6.0,Desconhecida,0,1,0,0,29.25
BL116523,2016180042415.0,2016,8,7,2016-08-07,05:04:00,2016-08-07,09:51:00,2016-08-07,08:06:00,Viseu,Cinfães,Ferreiros de Tendais,Ruivais,180405,41.063192,-8.055801,206499.0,454899.0,dms_recuperado,708.0,48.0,660.0,0.0,Florestal,448.0,Intencional,0,1,0,0,4.78
BL116543,2016180042605.0,2016,8,7,2016-08-07,21:15:00,2016-08-09,19:02:00,2016-08-07,21:38:00,Viseu,Cinfães,Cinfães,Sanguinhedo,180403,41.051502,-8.091499,203500.0,453599.0,dms_recuperado,566.0,0.0,566.0,0.0,Florestal,448.0,Intencional,0,1,0,0,45.78
BL316912,2016010058059.0,2016,8,7,2016-08-07,06:58:00,2016-08-07,11:45:00,2016-08-07,07:12:00,Aveiro,Santa Maria da Feira,Canedo,Canto das Oliveiras (Mosteiro),10903,41.006897,-8.468336,171800.0,448699.0,dms_recuperado,550.0,220.0,330.0,0.0,Florestal,6.0,Desconhecida,0,1,0,0,4.78
DM416870,2016030059387.0,2016,8,7,2016-08-07,11:06:00,2016-08-08,06:16:00,2016-08-07,11:20:00,Braga,Póvoa de Lanhoso,Garfe,PENA (Rande),30913,41.534461,-8.24488,190674.0,507242.0,dms_recuperado,448.0,248.0,200.0,0.0,Florestal,449.0,Intencional,0,1,0,0,19.17
DM416912,2016030059511.0,2016,8,7,2016-08-07,18:00:00,2016-08-08,06:35:00,2016-08-07,18:13:00,Braga,Celorico de Basto,Basto (São Clemente),PIAS (Sernadas),30520,41.466161,-8.045611,207312.0,499654.0,dms_recuperado,429.0,45.0,384.0,0.0,Florestal,448.0,Intencional,0,1,0,0,12.58
BL316919,2016010058089.0,2016,8,7,2016-08-07,09:26:00,2016-08-08,18:05:00,2016-08-07,09:40:00,Aveiro,Estarreja,Salreu,Rochico entre A1 e A29 (Laceiras de Baixo),10806,40.737335,-8.565235,163500.0,418800.0,dms_recuperado,416.7,416.7,0.0,0.0,Florestal,6.0,Desconhecida,0,1,0,0,32.65
DM2162406,2016130119366.0,2016,8,7,2016-08-07,17:47:00,2016-08-08,21:09:00,2016-08-07,17:50:00,Porto,Lousada,Lustosa,Serra de Campelos (Agrela),130511,41.341953,-8.324253,184003.0,485873.0,dms_recuperado,359.2,322.0,33.2,4.0,Florestal,610.0,Desconhecida,0,1,0,0,27.37
BL116526,2016180042427.0,2016,8,7,2016-08-07,07:49:00,2016-08-08,11:36:00,2016-08-07,07:55:00,Viseu,Cinfães,São Cristovão de Nogueira,Cádis (Cerdeira),180413,41.063026,-8.123139,200839.0,454878.0,dms_recuperado,300.1,0.0,300.1,0.0,Florestal,448.0,Intencional,0,1,0,0,27.78
DM416908,2016030059494.0,2016,8,7,2016-08-07,16:56:00,2016-08-08,06:43:00,2016-08-07,17:15:00,Braga,Braga,São Mamede Este,"Paço (Tv. do Paço 3, 4715 Este (São Mamede), Portugal)",30344,41.573333,-8.34,182644.0,511753.0,dms_recuperado,238.0,200.0,38.0,0.0,Florestal,449.0,Intencional,0,1,0,0,13.78
BL116537,2016180042556.0,2016,8,7,2016-08-07,18:00:00,2016-08-09,10:00:00,2016-08-07,18:29:00,Viseu,Cinfães,Santiago de Piães,Ventoselas,180412,41.072216,-8.167637,197100.0,455900.0,dms_recuperado,238.0,0.0,238.0,0.0,Florestal,448.0,Intencional,0,1,0,0,40.0
DM416896,2016030059458.0,2016,8,7,2016-08-07,15:25:00,2016-08-08,04:41:00,2016-08-07,15:35:00,Braga,Fafe,Freitas,"SANTA MARINHA (Unnamed Road, 4820, Portugal)",30713,41.501667,-8.226944,192062.0,503774.0,dms_recuperado,194.0,163.0,30.0,1.0,Florestal,630.0,Desconhecida,0,1,0,0,13.27
DM3161866,2016160022184.0,2016,8,7,2016-08-07,01:13:00,2016-08-07,03:14:00,2016-08-07,02:17:00,Viana do Castelo,Arcos de Valdevez,Couto,Gandaras (Cruz Nova),160109,41.88188,-8.403852,177530.0,545860.0,dms_recuperado,185.0,165.0,20.0,0.0,Florestal,448.0,Intencional,0,1,0,0,2.02
TM216169,2016040023045.0,2016,8,7,2016-08-07,12:13:00,2016-08-07,19:57:00,2016-08-07,12:20:00,Bragança,Bragança,Santa Comba de Rossas,SANTA COMBA DE ROSSAS (ED15 (ED15) Km 223),40241,41.666821,-6.8186,309479.0,522770.0,dms_recuperado,181.05,24.26,153.56,3.23,Florestal,152.0,Negligente,0,1,0,0,7.73
DM2162417,2016130119409.0,2016,8,7,2016-08-07,18:34:00,2016-08-08,07:51:00,2016-08-07,18:50:00,Porto,Marco de Canaveses,Soalhães,Venda da Giesta (Ladário),130722,41.161578,-8.101558,202650.0,465824.0,dms_recuperado,170.0,70.0,100.0,0.0,Florestal,610.0,Desconhecida,0,1,0,0,13.28
BI116345,2016090024139.0,2016,8,7,2016-08-07,15:09:00,2016-08-08,04:03:00,2016-08-07,15:26:00,Guarda,Aguiar da Beira,Cortiçada,Campo de futebol,90103,40.756944,-7.544722,249575.0,421218.0,dms_recuperado,137.0,95.0,37.0,5.0,Florestal,630.0,Desconhecida,0,1,0,0,12.9
BI116348,2016090024157.0,2016,8,7,2016-08-07,16:57:00,2016-08-09,13:21:00,2016-08-07,17:40:00,Guarda,Gouveia,Cativelos,Foz Ribeira de Girabolhos,90603,40.53624,-7.713603,235542.0,396462.0,dms_recuperado,132.0,127.0,0.0,5.0,Florestal,448.0,Intencional,0,1,0,0,44.4
DM416888,2016030059437.0,2016,8,7,2016-08-07,14:19:00,2016-08-07,21:51:00,2016-08-07,14:50:00,Braga,Guimarães,Atães,CASAS NOVAS (Mata),30803,41.471651,-8.238437,191204.0,500266.0,dms_recuperado,131.0,55.0,76.0,0.0,Florestal,448.0,Intencional,0,1,0,0,7.53
BL316935,2016010058167.0,2016,8,7,2016-08-07,14:18:00,2016-08-08,00:07:00,2016-08-07,14:25:00,Aveiro,Mealhada,Casal Comba,"Vale de Freixo (R. Salão, 3050 Casal Comba, Portugal)",11103,40.350556,-8.468056,171440.0,375994.0,dms_recuperado,128.98,119.08,9.9,0.0,Florestal,620.0,Desconhecida,0,1,0,0,9.82
DM2162365,2016130119207.0,2016,8,7,2016-08-07,13:46:00,2016-08-08,01:55:00,2016-08-07,13:57:00,Porto,Amarante,Salvador do Monte,Vila Nova (SÃO SALVADOR),130129,41.23691,-8.095681,203139.0,474190.0,dms_recuperado,128.0,50.0,78.0,0.0,Florestal,610.0,Desconhecida,0,1,0,0,12.15
DM2162402,2016130119340.0,2016,8,7,2016-08-07,16:40:00,2016-08-08,12:11:00,2016-08-07,17:00:00,Porto,Penafiel,Marecos,Lugar de Aveleira de Além (Aveleira de Além),131118,41.200887,-8.280964,187599.0,470199.0,dms_recuperado,128.0,0.0,128.0,0.0,Florestal,145.0,Negligente,0,1,0,0,19.52
DM2162358,2016130119169.0,2016,8,7,2016-08-07,12:44:00,2016-08-08,04:36:00,2016-08-07,12:53:00,Porto,Marco de Canaveses,Vila Boa de Quires,Quires (Monte),130731,41.208106,-8.211652,193414.0,470994.0,dms_recuperado,125.35,0.0,125.35,0.0,Florestal,610.0,Desconhecida,0,1,0,0,15.87
DM3161887,2016160022264.0,2016,8,7,2016-08-07,18:26:00,2016-08-08,06:33:00,2016-08-07,18:35:00,Viana do Castelo,Ponte de Lima,Gemieira,Vilar - GEMIEIRA (Soujo do Monte),160727,41.767468,-8.52728,167226.0,533191.0,dms_recuperado,124.54,41.5,83.04,0.0,Florestal,448.0,Intencional,0,1,0,0,12.12
BI116338,2016090024068.0,2016,8,7,2016-08-07,05:51:00,2016-08-07,14:06:00,2016-08-07,06:00:00,Guarda,Gouveia,Melo,Sangas,90609,40.513056,-7.539722,250201.0,394137.0,dms_recuperado,124.0,0.5,119.0,4.5,Florestal,448.0,Intencional,0,1,0,0,8.25
BL316940,2016010058187.0,2016,8,7,2016-08-07,14:56:00,2016-08-07,23:12:00,2016-08-07,15:05:00,Aveiro,Oliveira do Bairro,Bustos,"Vale de Bustos (R. Principal 89, 3840-303, Portugal)",11401,40.491667,-8.621667,158465.0,391728.0,dms_recuperado,116.83,105.0,11.83,0.0,Florestal,610.0,Desconhecida,0,1,0,0,8.27
DM416909,2016030059502.0,2016,8,7,2016-08-07,17:33:00,2016-08-07,23:43:00,2016-08-07,17:45:00,Braga,Fafe,Arões (Santa Cristina),SOUTO NOVO (Fonte da Cruz),30726,41.440062,-8.220771,192676.0,496756.0,dms_recuperado,103.0,90.0,13.0,0.0,Florestal,448.0,Intencional,0,1,0,0,6.17
TM216171,2016040023077.0,2016,8,7,2016-08-07,14:36:00,2016-08-07,21:43:00,2016-08-07,14:45:00,Bragança,Bragança,Parâmio,PARÂMIO - PNM (Rio Baceiro),40229,41.877811,-6.86527,305247.0,546148.0,dms_recuperado,100.35,0.0,89.95,10.4,Florestal,60.0,Desconhecida,0,1,0,0,7.12
BL3161009,2016010058554.0,2016,8,8,2016-08-08,14:35:00,2016-08-16,17:21:00,2016-08-08,14:58:00,Aveiro,Arouca,Janarde,Telhe (Ribeira da Mourinha),10412,40.922745,-8.150936,198499.0,439300.0,dms_recuperado,21909.0,16431.0,5478.0,0.0,Florestal,6.0,Desconhecida,0,1,0,0,194.77
BL316984,2016010058351.0,2016,8,8,2016-08-08,04:09:00,2016-08-16,12:01:00,2016-08-08,04:20:00,Aveiro,Águeda,Préstimo,Ventoso (PRÉSTIMO),10114,40.626297,-8.339956,182499.0,406400.0,dms_recuperado,7168.11,6837.39,260.72,70.0,Florestal,6.0,Desconhecida,0,1,0,0,199.87
DM3161899,2016160022311.0,2016,8,8,2016-08-08,02:11:00,2016-08-13,00:00:00,2016-08-08,03:10:00,Viana do Castelo,Arcos de Valdevez,Cabana Maior,CABANA MAIOR - PNPG (Branda de Travanca),160105,41.901321,-8.314525,184949.0,547999.0,dms_recuperado,4444.0,600.0,3844.0,0.0,Florestal,448.0,Intencional,0,1,0,0,117.82
AG116386,2016080034923.0,2016,8,8,2016-08-08,15:00:00,2016-08-09,09:15:00,2016-08-08,15:12:00,Faro,Silves,São Marcos da Serra,"Monte do Manuel Francisco (R. de Perna Seca de Baixo, 8375 São Bartolomeu de Messines, Portugal)",81306,37.333333,-8.303611,184777.0,41002.0,dms_recuperado,1782.0,1080.0,686.0,16.0,Florestal,449.0,Intencional,0,1,0,0,18.25
BI116360,2016090024276.0,2016,8,8,2016-08-08,15:08:00,2016-08-09,19:44:00,2016-08-08,15:21:00,Guarda,Gouveia,Ribamondego,Junto ao antigo campo de futebol,90614,40.557778,-7.576944,247006.0,399103.0,dms_recuperado,1350.0,48.0,1276.0,26.0,Florestal,448.0,Intencional,0,1,0,0,28.6
DM2162584,2016130120255.0,2016,8,8,2016-08-08,20:29:00,2016-08-09,14:41:00,2016-08-08,20:55:00,Porto,Marco de Canaveses,Penha Longa,Carrapatelo,130715,41.088596,-8.133537,199965.0,457718.0,dms_recuperado,891.16,0.0,891.16,0.0,Florestal,610.0,Desconhecida,1,1,0,0,18.2
DM2162543,2016130120025.0,2016,8,8,2016-08-08,14:53:00,2016-08-09,12:09:00,2016-08-08,15:00:00,Porto,Gondomar,São Pedro da Cova,Passal,130410,41.150782,-8.497651,169400.0,464689.0,dms_recuperado,795.0,700.0,85.0,10.0,Florestal,610.0,Desconhecida,0,1,0,0,21.27
BL116556,2016180042747.0,2016,8,8,2016-08-08,11:17:00,2016-08-12,03:08:00,2016-08-08,11:37:00,Viseu,Viseu,Couto de Baixo,COUTO DE BAIXO (Eiras de Santo António),182311,40.656132,-8.005421,210800.0,409699.0,dms_recuperado,794.456,512.53,281.926,0.0,Florestal,711.0,Reacendimento,1,1,0,0,87.85
BI116355,2016090024204.0,2016,8,8,2016-08-08,00:45:00,2016-08-09,14:11:00,2016-08-08,00:55:00,Guarda,Gouveia,Rio Torto,Moinhos do Galião,90615,40.516111,-7.658889,240083.0,394433.0,dms_recuperado,747.0,463.0,269.0,15.0,Florestal,448.0,Intencional,0,1,0,0,37.43
BL116558,2016180042769.0,2016,8,8,2016-08-08,12:55:00,2016-08-09,19:15:00,2016-08-08,13:10:00,Viseu,Nelas,Senhorim,S.J.MONTE (VALE DE COVO),180905,40.530415,-7.801588,228090.0,395784.0,dms_recuperado,725.83,78.01,647.82,0.0,Florestal,630.0,Desconhecida,0,1,0,0,30.33
DM3161913,2016160022390.0,2016,8,8,2016-08-08,16:53:00,2016-08-10,01:47:00,2016-08-08,16:58:00,Viana do Castelo,Ponte de Lima,Calheiros,VILAR DO MONTE-CALHEIROS (Ribeiro de Barreiro),160713,41.829746,-8.54653,165659.0,540116.0,dms_recuperado,604.0,306.0,298.0,0.0,Florestal,711.0,Reacendimento,1,1,0,0,32.9
DM3161907,2016160022369.0,2016,8,8,2016-08-08,14:13:00,2016-08-10,05:18:00,2016-08-08,14:23:00,Viana do Castelo,Arcos de Valdevez,Mei,Cortinhas-MEI (Cortinhas),160120,41.920776,-8.470682,172000.0,550199.0,dms_recuperado,587.643,113.679,473.964,0.0,Florestal,711.0,Reacendimento,1,1,0,0,39.08
BL4161278,2016100041867.0,2016,8,8,2016-08-08,23:53:00,2016-08-11,21:45:00,2016-08-09,00:02:00,Leiria,Castanheira de Pêra,Castanheira de Pêra,Ameal (Juntas),100701,40.013168,-8.219785,192600.0,338300.0,dms_recuperado,520.0,310.0,210.0,0.0,Florestal,448.0,Intencional,0,1,0,0,69.87
BL116571,2016180042868.0,2016,8,8,2016-08-08,19:14:00,2016-08-10,17:47:00,2016-08-08,21:12:00,Viseu,Cinfães,Nespereira,lugar do castelo/Ervilhais (NESPEREIRA),180409,41.002884,-8.162845,197500.0,448200.0,dms_recuperado,394.0,46.0,348.0,0.0,Florestal,448.0,Intencional,0,1,0,0,46.55
DM2162565,2016130120137.0,2016,8,8,2016-08-08,17:05:00,2016-08-09,02:30:00,2016-08-08,17:35:00,Porto,Baião,Campelo,L. Aboboreira (CAMPELO),130202,41.16161,-8.035688,208178.0,465831.0,dms_recuperado,364.0,20.0,337.0,7.0,Florestal,711.0,Reacendimento,1,1,0,0,9.42
BL116552,2016180042656.0,2016,8,8,2016-08-08,02:25:00,2016-08-09,08:00:00,2016-08-08,02:30:00,Viseu,Cinfães,Oliveira do Douro,DESAMPARADOS,180410,41.075794,-8.052217,206800.0,456299.0,dms_recuperado,350.0,50.0,300.0,0.0,Florestal,448.0,Intencional,0,1,0,0,29.58
DM2162469,2016130119641.0,2016,8,8,2016-08-08,02:54:00,2016-08-08,18:30:00,2016-08-08,03:10:00,Porto,Marco de Canaveses,Folhada,Aboboreira (Cimo de Vila),130707,41.206403,-8.066035,205627.0,470803.0,dms_recuperado,313.0,10.0,300.0,3.0,Florestal,610.0,Desconhecida,0,1,0,0,15.6
DM2162486,2016130119676.0,2016,8,8,2016-08-08,05:10:00,2016-08-08,05:49:00,2016-08-08,05:15:00,Porto,Marco de Canaveses,Soalhães,Lugar do Outeiro (Forno),130722,41.14822,-8.109572,201977.0,464340.0,dms_recuperado,300.0,0.0,300.0,0.0,Florestal,630.0,Desconhecida,1,1,0,0,0.65
DM2162488,2016130119682.0,2016,8,8,2016-08-08,05:59:00,2016-08-09,00:49:00,2016-08-08,06:10:00,Porto,Marco de Canaveses,Soalhães,Soutelo (Moinhos),130722,41.151402,-8.11286,201701.0,464693.0,dms_recuperado,206.1,0.0,206.1,0.0,Florestal,711.0,Reacendimento,1,1,0,0,18.83
DM2162550,2016130120052.0,2016,8,8,2016-08-08,15:24:00,2016-08-09,05:02:00,2016-08-08,15:40:00,Porto,Penafiel,Abragão,Lug de Tapada (Tapada),131101,41.164103,-8.201575,194255.0,466106.0,dms_recuperado,176.1,176.1,0.0,0.0,Florestal,145.0,Negligente,0,1,0,0,13.63
DM2162524,2016130119896.0,2016,8,8,2016-08-08,12:25:00,2016-08-09,09:23:00,2016-08-08,12:35:00,Porto,Santo Tirso,Rebordões,Lugar Cimo de Vila (Cimo de Vila),131416,41.344009,-8.426139,175476.0,486126.0,dms_recuperado,170.0,119.23,39.6,11.17,Florestal,610.0,Desconhecida,0,1,0,0,20.97
TM116411,2016170018532.0,2016,8,8,2016-08-08,17:59:00,2016-08-09,07:30:00,2016-08-08,18:17:00,Vila Real,Montalegre,Vilar Perdizes (São Miguel),"CAMPOS (Unnamed Road, 5470, Portugal)",170628,41.853333,-7.611389,243326.0,542785.0,dms_recuperado,159.0,0.0,159.0,0.0,Florestal,125.0,Negligente,0,1,0,0,13.52
DM2162540,2016130120007.0,2016,8,8,2016-08-08,14:52:00,2016-08-09,09:41:00,2016-08-08,15:00:00,Porto,Amarante,Figueiró (Santa Cristina),Lugar de Carido (Tapada da Preta),130131,41.294068,-8.160038,197746.0,480538.0,dms_recuperado,120.0,80.0,38.0,2.0,Florestal,610.0,Desconhecida,0,1,0,0,18.82
BL116557,2016180042767.0,2016,8,8,2016-08-08,12:37:00,2016-08-09,01:53:00,2016-08-08,12:45:00,Viseu,Mangualde,Mangualde,Darei,180610,40.643871,-7.752452,232199.0,408400.0,dms_recuperado,118.86,107.25,11.61,0.0,Florestal,630.0,Desconhecida,0,1,0,0,13.27
BL116549,2016180042653.0,2016,8,8,2016-08-08,02:06:00,2016-08-08,23:45:00,2016-08-08,02:37:00,Viseu,Lamego,Almacave,"Serra das Meadas (CM1056, 5100 Lamego, Portugal)",180501,41.108333,-7.835278,225018.0,459958.0,dms_recuperado,101.1,22.1,79.0,0.0,Florestal,448.0,Intencional,0,1,0,0,21.65
DM3161925,2016160022456.0,2016,8,9,2016-08-09,00:36:00,2016-08-11,07:49:00,2016-08-09,00:41:00,Viana do Castelo,Viana do Castelo,Meixedo,IGREJA - VILAR MURTEDA (Cegonha),160918,41.756916,-8.725476,150737.0,532114.0,dms_recuperado,4804.055,2314.055,2490.0,0.0,Florestal,630.0,Desconhecida,0,1,0,0,55.22
BL3161054,2016010058973.0,2016,8,9,2016-08-09,18:58:00,2016-08-13,04:53:00,2016-08-09,19:20:00,Aveiro,Sever do Vouga,Pessegueiro do Vouga,"Foz (N16, 3740, Portugal)",11704,40.686111,-8.409722,176491.0,413251.0,dms_recuperado,1797.85,1752.85,45.0,0.0,Florestal,711.0,Reacendimento,1,1,0,0,81.92
DM3161945,2016160022551.0,2016,8,9,2016-08-09,17:10:00,2016-08-12,17:42:00,2016-08-09,17:20:00,Viana do Castelo,Caminha,Argela,BOUÇAS-ARGELA (Ribeiro do Real),160205,41.862811,-8.781608,146158.0,543910.0,dms_recuperado,1679.0,929.08,749.92,0.0,Florestal,448.0,Intencional,0,1,0,0,72.53
BI116371,2016090024467.0,2016,8,9,2016-08-09,23:36:00,2016-08-10,16:38:00,2016-08-10,00:15:00,Guarda,Sabugal,Pousafoles do Bispo,Cabeço do Bispo,91122,40.408611,-7.206667,278545.0,382808.0,dms_recuperado,929.0,0.0,929.0,0.0,Florestal,125.0,Negligente,0,1,0,0,17.03
AT216223,2016120015968.0,2016,8,9,2016-08-09,15:07:00,2016-08-09,20:44:00,2016-08-09,15:25:00,Portalegre,Alter do Chão,Seda,Monte da Coreia,120103,39.229252,-7.840095,225299.0,251299.0,dms_recuperado,700.056,473.028,0.0,227.028,Florestal,215.0,Negligente,0,1,0,0,5.62
BL116605,2016180043146.0,2016,8,9,2016-08-09,22:53:00,2016-08-10,02:04:00,2016-08-09,23:25:00,Viseu,Resende,Cárquere,CARQUERE (Cárquere),181303,41.089195,-7.956988,214800.0,457799.0,dms_recuperado,563.45,158.45,405.0,0.0,Florestal,448.0,Intencional,0,1,0,0,3.18
DM3161927,2016160022460.0,2016,8,9,2016-08-09,01:19:00,2016-08-10,18:18:00,2016-08-09,01:40:00,Viana do Castelo,Monção,Barroças e Taias,SANTO ANDRE - BARROCAS E TAIAS (Verdisão),160405,42.00079,-8.507316,169000.0,559099.0,dms_recuperado,488.0,188.0,300.0,0.0,Florestal,122.0,Negligente,0,1,0,0,40.98
BI116369,2016090024459.0,2016,8,9,2016-08-09,21:52:00,2016-08-10,16:00:00,2016-08-09,22:05:00,Guarda,Mêda,Carvalhal,Rebola,90903,40.891389,-7.282222,271613.0,436334.0,dms_recuperado,361.0,63.0,274.0,24.0,Florestal,125.0,Negligente,0,1,0,0,18.13
DM3161926,2016160022458.0,2016,8,9,2016-08-09,00:50:00,2016-08-09,21:08:00,2016-08-09,01:00:00,Viana do Castelo,Viana do Castelo,Outeiro,PONTE DE SAIM - OUTEIRO (Romãe),160925,41.761011,-8.788156,145528.0,532607.0,dms_recuperado,344.684,137.863,206.821,0.0,Florestal,448.0,Intencional,0,1,0,0,20.3
DM3161949,2016160022561.0,2016,8,9,2016-08-09,18:34:00,2016-08-11,02:26:00,2016-08-09,19:15:00,Viana do Castelo,Viana do Castelo,Carvoeiro,CARVOEIRO/BARROSELAS (Rato),160909,41.654026,-8.673486,154990.0,520658.0,dms_recuperado,284.832,225.0,59.832,0.0,Florestal,711.0,Reacendimento,1,1,0,0,31.87
BI116367,2016090024450.0,2016,8,9,2016-08-09,20:47:00,2016-08-10,19:07:00,2016-08-09,21:10:00,Guarda,Vila Nova de Foz Côa,Seixas,Cabeça do Lobo,91415,41.118889,-7.242778,274687.0,461638.0,dms_recuperado,276.5,100.0,160.5,16.0,Florestal,125.0,Negligente,0,1,0,0,22.33
BL116676,2016180042933.0,2016,8,9,2016-08-09,01:01:00,2016-08-11,20:10:00,,,Viseu,Cinfães,Oliveira do Douro,Montão,180410,41.074883,-8.03437,208299.0,456200.0,dms_recuperado,260.0,0.0,260.0,0.0,Florestal,711.0,Reacendimento,0,1,0,0,67.15
DM2162658,2016130120683.0,2016,8,9,2016-08-09,12:58:00,2016-08-10,16:47:00,2016-08-09,13:07:00,Porto,Penafiel,Milhundos,Brenha,131119,41.193008,-8.246858,190459.0,469320.0,dms_recuperado,148.89,0.0,148.89,0.0,Florestal,145.0,Negligente,0,1,0,0,27.82
TM116425,2016170018691.0,2016,8,9,2016-08-09,23:06:00,2016-08-10,08:35:00,2016-08-10,00:35:00,Vila Real,Montalegre,Cabril,"São Lourenço (CM1021, 5470, Portugal)",170601,41.702222,-8.019444,209462.0,525876.0,dms_recuperado,125.0,20.0,105.0,0.0,Florestal,125.0,Negligente,0,1,0,0,9.48
DM416999,2016030060022.0,2016,8,9,2016-08-09,00:44:00,2016-08-10,01:12:00,2016-08-09,01:00:00,Braga,Póvoa de Lanhoso,Sobradelo da Goma,"Veiga (R. Sr. do Pilar 374, 4830, Portugal)",30925,41.551667,-8.188333,195292.0,509315.0,dms_recuperado,115.0,35.0,80.0,0.0,Florestal,449.0,Intencional,0,1,0,0,24.47
BL3161066,2016010059055.0,2016,8,10,2016-08-10,02:27:00,2016-08-19,14:00:00,2016-08-10,02:35:00,Aveiro,Anadia,Vila Nova de Monsarros,"Algeriz (CM1694, 3780, Portugal)",10312,40.418056,-8.363056,180374.0,383452.0,dms_recuperado,3438.0,3081.0,357.0,0.0,Florestal,211.0,Negligente,0,1,0,0,227.55
DM4161072,2016030060428.0,2016,8,10,2016-08-10,09:46:00,2016-08-11,21:05:00,2016-08-10,09:50:00,Braga,Vieira do Minho,Rossas,"Chã das Tertúlias (Unnamed Road, 4850, Portugal)",31113,41.556667,-8.115278,201375.0,509869.0,dms_recuperado,1839.0,800.0,1039.0,0.0,Florestal,630.0,Desconhecida,0,1,0,0,35.32
BL3161062,2016010059040.0,2016,8,10,2016-08-10,00:09:00,2016-08-12,03:26:00,2016-08-10,00:20:00,Aveiro,Castelo de Paiva,Real,Lapa,10606,41.013607,-8.272219,188300.0,449400.0,dms_recuperado,1579.73,1200.0,379.73,0.0,Florestal,6.0,Desconhecida,0,1,0,0,51.28
DM3162000,2016160022746.0,2016,8,10,2016-08-10,21:59:00,2016-08-11,00:51:00,2016-08-10,22:30:00,Viana do Castelo,Arcos de Valdevez,Cabreiro,Lourdelo (Lordelo),160106,41.941158,-8.367665,180551.0,552435.0,dms_recuperado,953.0,50.0,903.0,0.0,Florestal,125.0,Negligente,0,1,0,0,2.87
BI116377,2016090024592.0,2016,8,10,2016-08-10,21:14:00,2016-08-11,16:25:00,2016-08-10,21:37:00,Guarda,Pinhel,Cidadelhe,Pereiro,91007,40.904722,-7.125833,284764.0,437968.0,dms_recuperado,772.0,108.0,657.0,7.0,Florestal,125.0,Negligente,0,1,0,0,19.18
DM2162796,2016130121274.0,2016,8,10,2016-08-10,08:58:00,2016-08-11,18:50:00,2016-08-10,09:00:00,Porto,Marco de Canaveses,Paredes de Viadores,Montedeiras (Granja),130714,41.13472,-8.134113,199917.0,462840.0,dms_recuperado,630.0,0.0,630.0,0.0,Florestal,711.0,Reacendimento,1,1,0,0,33.87
BI116379,2016090024597.0,2016,8,10,2016-08-10,22:12:00,2016-08-12,22:40:00,,,Guarda,Mêda,Barreira,Gateira,90902,40.884933,-7.179293,280391.0,435537.0,dms_recuperado,558.9999,67.0,47.0,444.9999,Florestal,125.0,Negligente,0,1,0,0,48.47
DM3161997,2016160022738.0,2016,8,10,2016-08-10,21:08:00,2016-08-11,22:59:00,2016-08-10,21:35:00,Viana do Castelo,Paredes de Coura,Porreiras,Lamas das Covas,160517,41.972469,-8.55562,164982.0,555972.0,dms_recuperado,472.0,43.88,428.12,0.0,Florestal,711.0,Reacendimento,1,1,0,0,25.85
BI2162872,2016050025055.0,2016,8,10,2016-08-10,09:52:00,2016-08-10,19:53:00,2016-08-10,10:00:00,Castelo Branco,Idanha-a-nova,Oledo,Fontanhão,50509,39.963032,-7.30239,270977.0,333058.0,dms_recuperado,397.739,44.147,216.301,137.291,Florestal,449.0,Intencional,0,1,0,0,10.02
BL116611,2016180043168.0,2016,8,10,2016-08-10,00:18:00,2016-08-11,20:31:00,2016-08-10,00:40:00,Viseu,Cinfães,Fornelos,Cunha,180406,41.041584,-8.204489,194000.0,452500.0,dms_recuperado,377.0,150.0,227.0,0.0,Florestal,448.0,Intencional,0,1,0,0,44.22
BL3161106,2016010059351.0,2016,8,10,2016-08-10,22:56:00,2016-08-11,00:16:00,2016-08-10,23:20:00,Aveiro,Vale de Cambra,Junqueira,Chã / Senhora da Saúde (JUNQUEIRA),11905,40.802807,-8.333396,183099.0,426000.0,dms_recuperado,322.0,109.48,202.86,9.66,Florestal,711.0,Reacendimento,1,1,0,0,1.33
DM2162817,2016130121423.0,2016,8,10,2016-08-10,12:30:00,2016-08-10,20:27:00,2016-08-10,12:40:00,Porto,Paredes,Sobrosa,Lugar da Lomba (Torre),131021,41.251148,-8.357595,181186.0,475795.0,dms_recuperado,169.2,0.0,169.2,0.0,Florestal,145.0,Negligente,0,1,0,0,7.95
DM2162848,2016130121561.0,2016,8,10,2016-08-10,15:55:00,2016-08-11,07:05:00,2016-08-10,16:05:00,Porto,Trofa,Coronado (São Mamede),Lantemil (Monte da Vela),131804,41.297207,-8.574362,163044.0,480980.0,dms_recuperado,163.7,86.29,77.41,0.0,Florestal,610.0,Desconhecida,0,1,0,0,15.17
DM2162905,2016130121854.0,2016,8,10,2016-08-10,23:49:00,2016-08-11,14:45:00,2016-08-11,00:00:00,Porto,Baião,Gestaçô,L. Águas Mortas (Boavista),130205,41.164989,-7.933352,216766.0,466221.0,dms_recuperado,150.0,1.0,149.0,0.0,Florestal,610.0,Desconhecida,0,1,0,0,14.93
DM4161106,2016030060655.0,2016,8,10,2016-08-10,23:07:00,2016-08-11,15:00:00,2016-08-10,23:45:00,Braga,Terras de Bouro,Rio Caldo,Seara (EN304 (EN304) Km 74),31013,41.684425,-8.201416,194315.0,523895.0,dms_recuperado,133.0,33.0,100.0,0.0,Florestal,44.0,Intencional,0,1,0,0,15.88
DM4161093,2016030060574.0,2016,8,10,2016-08-10,18:15:00,2016-08-11,04:42:00,2016-08-10,20:35:00,Braga,Vieira do Minho,Louredo,"Roças (Unnamed Road, 4850, Portugal)",31109,41.671667,-8.113056,201561.0,522656.0,dms_recuperado,126.0,1.5,124.5,0.0,Florestal,125.0,Negligente,0,1,0,0,10.45
BL116653,2016180043416.0,2016,8,10,2016-08-10,21:33:00,2016-08-12,02:26:00,2016-08-10,21:55:00,Viseu,Castro Daire,Parada de Ester,"Mós (CM1127, 3600, Portugal)",180316,40.943611,-8.029722,208698.0,441619.0,dms_recuperado,117.0,0.0,117.0,0.0,Florestal,630.0,Desconhecida,0,1,0,0,28.88
DM2162906,2016130121863.0,2016,8,11,2016-08-11,00:12:00,2016-08-12,00:56:00,2016-08-11,00:25:00,Porto,Baião,Santa Cruz do Douro,Azide (Pazide),130213,41.131428,-8.012608,210120.0,462482.0,dms_recuperado,277.0,110.0,167.0,0.0,Florestal,610.0,Desconhecida,0,1,0,0,24.73
DM4161114,2016030060696.0,2016,8,11,2016-08-11,02:39:00,2016-08-11,18:49:00,,,Braga,Vila Nova de Famalicão,São Martinho Vale,"CRASTO (Unnamed Road, 4770, Portugal)",31241,41.4275,-8.462778,172332.0,495578.0,dms_recuperado,269.0,258.0,10.0,1.0,Florestal,630.0,Desconhecida,0,1,0,0,16.17
DM2162955,2016130122005.0,2016,8,11,2016-08-11,08:00:00,2016-08-11,19:47:00,2016-08-11,08:15:00,Porto,Paredes,Sobreira,Lugar de Casconha (SOBREIRA),131020,41.147919,-8.389107,178511.0,464338.0,dms_recuperado,238.2,0.0,238.2,0.0,Florestal,145.0,Negligente,0,1,0,0,11.78
DM2162963,2016130122072.0,2016,8,11,2016-08-11,10:44:00,2016-08-11,17:44:00,2016-08-11,10:50:00,Porto,Paços de Ferreira,Penamaior,Lugar do Pilar (Outeiro),130913,41.294581,-8.416372,176275.0,480634.0,dms_recuperado,158.0,52.0,106.0,0.0,Florestal,610.0,Desconhecida,0,1,0,0,7.0
BL3161154,2016010059652.0,2016,8,11,2016-08-11,23:20:00,2016-08-13,03:21:00,2016-08-11,23:35:00,Aveiro,Sever do Vouga,Dornelas,Zibreiros (Dornelas),11709,40.787376,-8.393772,177999.0,424299.0,dms_recuperado,123.0,123.0,0.0,0.0,Florestal,711.0,Reacendimento,1,1,0,0,28.02
BL116669,2016180043571.0,2016,8,11,2016-08-11,14:20:00,2016-08-13,01:28:00,2016-08-11,14:26:00,Viseu,Santa Comba Dão,São João de Areias,Castelejo/Cernada (Castelejo),181406,40.408546,-8.081283,204400.0,382200.0,dms_recuperado,116.0,108.0,8.0,0.0,Florestal,212.0,Negligente,0,1,0,0,35.13
BL116690,2016180043670.0,2016,8,12,2016-08-12,05:05:00,2016-08-13,18:05:00,2016-08-12,05:35:00,Viseu,Resende,São Martinho de Mouros,Vila Verde/Meadas (Vila Verde),181314,41.110664,-7.879546,221299.0,460200.0,dms_recuperado,619.01,236.31,382.7,0.0,Florestal,448.0,Intencional,0,1,0,0,37.0
TM116453,2016170018919.0,2016,8,12,2016-08-12,00:23:00,2016-08-13,11:47:00,2016-08-12,01:00:00,Vila Real,Mondim de Basto,Ermelo,Varzigueto (PARQUE NATURAL DO ALVÃO) (Alto da Laboreira),170504,41.370949,-7.843863,224201.0,489116.0,dms_recuperado,285.9375,150.375,130.5625,5.0,Florestal,125.0,Negligente,0,1,0,0,35.4
DM3162043,2016160022928.0,2016,8,12,2016-08-12,11:03:00,2016-08-12,15:48:00,2016-08-12,11:22:00,Viana do Castelo,Ponte da Barca,Azias,MOURELO,160601,41.768043,-8.344545,182421.0,533202.0,dms_recuperado,241.0,10.0,231.0,0.0,Florestal,711.0,Reacendimento,1,1,0,0,4.75
DM3162058,2016160023002.0,2016,8,12,2016-08-12,20:57:00,2016-08-14,02:16:00,2016-08-12,21:35:00,Viana do Castelo,Ponte de Lima,Facha,Monte da Nó (São Cipriano),160718,41.723757,-8.598792,161253.0,528366.0,dms_recuperado,188.0,88.0,100.0,0.0,Florestal,125.0,Negligente,0,1,0,0,29.32
DM2163079,2016130122738.0,2016,8,12,2016-08-12,12:11:00,2016-08-12,23:55:00,2016-08-12,12:24:00,Porto,Santo Tirso,Monte Córdova,Hortal,131413,41.308277,-8.41863,176091.0,482155.0,dms_recuperado,131.86,71.34,57.07,3.45,Florestal,610.0,Desconhecida,0,1,0,0,11.73
DM2163068,2016130122649.0,2016,8,12,2016-08-12,09:45:00,2016-08-12,10:25:00,,,Porto,Marco de Canaveses,Alpendurada e Matos,Lugar de Serrinha (ALPENDURADA),130701,41.086578,-8.240242,191000.0,457500.0,dms_recuperado,100.0,0.0,100.0,0.0,Florestal,711.0,Reacendimento,1,1,0,0,0.67
RO116610,2016140046175.0,2016,8,13,2016-08-13,16:04:00,2016-08-14,06:29:00,2016-08-13,16:20:00,Santarém,Salvaterra de Magos,Glória do Ribatejo,"Sesmarias (Unnamed Road, 2125 Glória do Ribatejo, Portugal)",141501,39.0575,-8.641111,155928.0,232490.0,dms_recuperado,727.52,711.0,0.0,16.52,Florestal,448.0,Intencional,0,1,0,0,14.42
BI116402,2016090024933.0,2016,8,13,2016-08-13,21:33:00,2016-08-14,04:28:00,2016-08-13,21:50:00,Guarda,Vila Nova de Foz Côa,Touca,Quinta do Facho,91416,41.035833,-7.201667,278231.0,452449.0,dms_recuperado,253.0,49.0,175.0,29.0,Florestal,125.0,Negligente,0,1,0,0,6.92
TM116474,2016170019104.0,2016,8,13,2016-08-13,15:00:00,2016-08-14,11:38:00,2016-08-13,15:22:00,Vila Real,Alijó,Amieiro,Franzilhal (Pinheiral),170102,41.287037,-7.401998,261247.0,480014.0,dms_recuperado,188.0,138.0,50.0,0.0,Florestal,448.0,Intencional,0,1,0,0,20.63
BI116405,2016090025013.0,2016,8,14,2016-08-14,15:38:00,2016-08-15,01:58:00,2016-08-14,15:50:00,Guarda,Celorico da Beira,Mesquitela,Quinta do Cabral,90310,40.585833,-7.486667,254639.0,402253.0,dms_recuperado,602.2,40.0,449.36,112.84,Florestal,444.0,Intencional,0,1,0,0,10.33
DM3162096,2016160023176.0,2016,8,14,2016-08-14,08:55:00,2016-08-15,19:25:00,2016-08-14,09:14:00,Viana do Castelo,Melgaço,Castro Laboreiro,RIBEIRO DE CIMA - PNPG (Cruzes),160302,41.992802,-8.186383,195588.0,558145.0,dms_recuperado,224.44,0.0,224.44,0.0,Florestal,711.0,Reacendimento,1,1,0,0,34.5
DM3162129,2016160023384.0,2016,8,15,2016-08-15,17:54:00,2016-08-16,17:30:00,2016-08-15,18:05:00,Viana do Castelo,Vila Nova de Cerveira,Reboreda,Gandarela - REBOREDA (Crasto),161011,41.951241,-8.727732,150700.0,553699.0,dms_recuperado,100.0,55.0,45.0,0.0,Florestal,122.0,Negligente,0,1,0,0,23.6
DM3162142,2016160023448.0,2016,8,16,2016-08-16,10:26:00,2016-08-17,07:48:00,2016-08-16,11:06:00,Viana do Castelo,Melgaço,Castro Laboreiro,Ribeiro de Cima (Escalhão),160302,41.970779,-8.191057,195199.0,555700.0,dms_recuperado,130.0,0.0,130.0,0.0,Florestal,711.0,Reacendimento,1,1,0,0,21.37
DM4161297,2016030062751.0,2016,8,18,2016-08-18,12:11:00,2016-08-18,12:50:00,2016-08-18,12:21:00,Braga,Fafe,Ribeiros,"Monte de Ribeiros (R. da Herdade, 4820 Ribeiros, Portugal)",30725,41.491944,-8.106667,202116.0,502697.0,dms_recuperado,152.0,12.0,140.0,0.0,Florestal,448.0,Intencional,0,1,0,0,0.65
BI116440,2016090025697.0,2016,8,19,2016-08-19,23:47:00,2016-08-20,01:40:00,2016-08-20,00:20:00,Guarda,Pinhel,Azevo,Ferradosa - Faia,91003,40.852778,-7.115,285750.0,432213.0,dms_recuperado,528.41,43.5,269.91,215.0,Florestal,125.0,Negligente,0,1,0,0,1.88
BI116438,2016090025648.0,2016,8,19,2016-08-19,14:42:00,2016-08-19,18:22:00,2016-08-19,14:59:00,Guarda,Almeida,São Pedro de Rio Seco,EN 332 - Km 57,90224,40.655833,-6.856389,307869.0,410607.0,dms_recuperado,317.0,127.0,40.0,150.0,Florestal,152.0,Negligente,0,1,0,0,3.67
BI116442,2016090025748.0,2016,8,20,2016-08-20,13:14:00,2016-08-21,03:26:00,2016-08-20,13:28:00,Guarda,Pinhel,Azevo,Azevo,91003,40.848053,-7.121253,285330.0,431496.0,dms_recuperado,528.41,43.5,269.91,215.0,Florestal,125.0,Negligente,0,1,0,0,14.2
TM116552,2016170019949.0,2016,8,20,2016-08-20,21:40:00,2016-08-21,06:06:00,2016-08-20,22:00:00,Vila Real,Boticas,Cerdedo,"Casas da Serra (Unnamed Road, 5460, Portugal)",170206,41.687778,-7.889167,220210.0,524474.0,dms_recuperado,248.0,2.0,246.0,0.0,Florestal,125.0,Negligente,0,1,0,0,8.43
AT316284,2016020021017.0,2016,8,20,2016-08-20,10:58:00,2016-08-21,03:59:00,2016-08-20,11:12:00,Beja,Moura,Santo Agostinho,"Berma da ER 258 km 62,2 - Atalaia",21004,38.137222,-7.381111,265824.0,130472.0,dms_recuperado,199.1,199.1,0.0,0.0,Florestal,449.0,Intencional,0,1,0,0,17.02
BI116444,2016090025782.0,2016,8,20,2016-08-20,17:09:00,2016-08-21,00:51:00,2016-08-20,17:22:00,Guarda,Pinhel,Azevo,Lugar da Ramalhosa - Madalena,91003,40.846944,-7.151944,282652.0,431522.0,dms_recuperado,189.05,96.0,65.05,28.0,Florestal,125.0,Negligente,0,1,0,0,7.7
DM2163568,2016130127722.0,2016,8,21,2016-08-21,11:57:00,2016-08-21,14:01:00,2016-08-21,12:10:00,Porto,Baião,Teixeira,Lg. Vilarelho (Rio Teixeira),130216,41.209017,-7.908937,218803.0,471116.0,dms_recuperado,365.0,4.0,361.0,0.0,Florestal,448.0,Intencional,0,1,0,0,2.07
BI116455,2016090025993.0,2016,8,22,2016-08-22,14:46:00,2016-08-23,16:19:00,2016-08-22,14:54:00,Guarda,Seia,Vide,Quinta da Folgarosa-Balocas,91227,40.261389,-7.755278,232038.0,366116.0,dms_recuperado,438.0,405.0,22.0,11.0,Florestal,122.0,Negligente,0,1,0,0,25.55
DM4161344,2016030063825.0,2016,8,22,2016-08-22,15:34:00,2016-08-22,22:02:00,2016-08-22,15:57:00,Braga,Fafe,Moreira do Rei,VILA POUCA (Vale da Égua),30718,41.49398,-8.085443,203982.0,502741.0,dms_recuperado,153.0,33.0,120.0,0.0,Florestal,448.0,Intencional,0,1,0,0,6.47
RO116687,2016140048483.0,2016,8,23,2016-08-23,15:51:00,2016-08-24,19:00:00,2016-08-23,15:59:00,Santarém,Abrantes,Fontes,"Vale do Carregal (Unnamed Road, 2230, Portugal)",140118,39.593333,-8.218611,192558.0,291852.0,dms_recuperado,2269.6,2100.0,169.6,0.0,Florestal,448.0,Intencional,0,1,0,0,27.15
DM4161378,2016030064160.0,2016,8,23,2016-08-23,20:01:00,2016-08-23,22:40:00,,,Braga,Vila Verde,Aboim da Nóbrega,"Outeiro (R. das Cortinhas, 4730, Portugal)",31301,41.754444,-8.387778,178829.0,531687.0,dms_recuperado,130.0,10.0,120.0,0.0,Florestal,448.0,Intencional,0,1,0,0,2.65
BI116469,2016090026259.0,2016,8,24,2016-08-24,16:13:00,2016-08-24,21:46:00,2016-08-24,16:28:00,Guarda,Figueira de Castelo Rodrigo,Vilar de Amargo,Tapada de Carrascos,90416,40.936667,-7.005556,294871.0,441643.0,dms_recuperado,192.0,51.0,60.0,81.0,Florestal,125.0,Negligente,0,1,0,0,5.55
RO316835,2016150073523.0,2016,8,26,2016-08-26,15:04:00,2016-08-27,04:52:00,2016-08-26,15:10:00,Setúbal,Grândola,Grândola,Serra Penha (Corte Galego de Cima),150502,38.158066,-8.592439,159739.0,132446.0,dms_recuperado,102.2412,102.2412,0.0,0.0,Florestal,610.0,Desconhecida,0,1,0,0,13.8
TM216273,2016040026239.0,2016,8,28,2016-08-28,15:55:00,2016-08-28,23:08:00,2016-08-28,16:05:00,Bragança,Carrazeda de Ansiães,Seixo de Ansiães,SEIXO DE ANSIÃES (SEIXO DE ANCIÃES),40316,41.191402,-7.262976,272999.0,469499.0,dms_recuperado,262.0,0.0,262.0,0.0,Florestal,711.0,Reacendimento,1,1,0,0,7.22
BI116486,2016090026668.0,2016,8,28,2016-08-28,12:24:00,2016-08-29,01:06:00,2016-08-28,12:38:00,Guarda,Vila Nova de Foz Côa,Mós,Murça,91408,41.094167,-7.205556,277821.0,458917.0,dms_recuperado,182.9999,9.0,165.9999,8.0,Florestal,311.0,Intencional,0,1,0,0,12.7
DM4161448,2016030065474.0,2016,8,29,2016-08-29,06:50:00,2016-08-29,22:08:00,2016-08-29,07:15:00,Braga,Cabeceiras de Basto,Cavez,RABIÇAIS (Miras),30407,41.522094,-7.895342,219848.0,505890.0,dms_recuperado,414.0,38.0,376.0,0.0,Florestal,448.0,Intencional,0,1,0,0,15.3
DM4161455,2016030065585.0,2016,8,29,2016-08-29,15:47:00,2016-08-30,12:02:00,2016-08-29,15:58:00,Braga,Vila Verde,Mós,"Paranhô (EM537 4, 4730, Portugal)",31327,41.688056,-8.443056,174096.0,524526.0,dms_recuperado,365.0,283.0,80.0,2.0,Florestal,448.0,Intencional,0,1,0,0,20.25
DM4161458,2016030065601.0,2016,8,29,2016-08-29,16:20:00,2016-08-30,10:45:00,2016-08-29,16:30:00,Braga,Vila Verde,Gondomar,"Monte da Cerdeira (Unnamed Road, 4730, Portugal)",31322,41.746667,-8.359167,181207.0,530841.0,dms_recuperado,253.0,15.0,238.0,0.0,Florestal,448.0,Intencional,0,1,0,0,18.42
TM116735,2016170021293.0,2016,9,1,2016-09-01,22:06:00,2016-09-04,07:20:00,2016-09-01,22:35:00,Vila Real,Ribeira de Pena,Cerva,Cabriz (Alto das Poças),170903,41.457924,-7.805553,227370.0,498787.0,dms_recuperado,421.5,12.5,409.0,0.0,Florestal,125.0,Negligente,0,1,0,0,57.23
DM4161511,2016030066223.0,2016,9,1,2016-09-01,07:03:00,2016-09-01,15:34:00,2016-09-01,07:10:00,Braga,Fafe,Quinchães,"Assento (CM1691-3, 4820 Quinchães, Portugal)",30722,41.432778,-8.14,199312.0,496138.0,dms_recuperado,203.0,73.0,130.0,0.0,Florestal,448.0,Intencional,0,1,0,0,8.52
TM116717,2016170021195.0,2016,9,1,2016-09-01,02:35:00,2016-09-01,18:44:00,2016-09-01,02:50:00,Vila Real,Vila Pouca de Aguiar,Gouvães da Serra,Pinduradouro (Antas),171306,41.474064,-7.74765,232199.0,500599.0,dms_recuperado,175.0,0.0,175.0,0.0,Florestal,125.0,Negligente,0,1,0,0,16.15
DM4161556,2016030066701.0,2016,9,2,2016-09-02,23:19:00,2016-09-03,00:30:00,2016-09-02,23:45:00,Braga,Cabeceiras de Basto,Refojos de Basto,"Veiga (Unnamed Road, 4860, Portugal)",30414,41.496944,-8.041389,207554.0,503254.0,dms_recuperado,353.0,70.0,283.0,0.0,Florestal,630.0,Desconhecida,0,1,0,0,1.18
DM4161533,2016030066513.0,2016,9,2,2016-09-02,10:24:00,2016-09-02,23:27:00,2016-09-02,10:42:00,Braga,Cabeceiras de Basto,Rio Douro,Torrinheiras (VISO),30415,41.557427,-7.940727,216051.0,509805.0,dms_recuperado,249.0,8.0,241.0,0.0,Florestal,448.0,Intencional,0,1,0,0,13.05
AG116486,2016080039886.0,2016,9,3,2016-09-03,17:08:00,2016-09-05,15:33:00,2016-09-03,17:16:00,Faro,Monchique,Monchique,"Fóia (N266-3 106, 8550 Monchique, Portugal)",80903,37.31,-8.5975,158723.0,38490.0,dms_recuperado,3745.0,1661.2,2063.8,20.0,Florestal,449.0,Intencional,0,1,0,0,46.42
DM2164101,2016130135101.0,2016,9,3,2016-09-03,14:25:00,2016-09-03,18:26:00,2016-09-03,14:30:00,Porto,Valongo,Valongo,Lg. Susão (Continente) (Valongo),131505,41.187832,-8.48714,170300.0,468800.0,dms_recuperado,109.0,41.5,67.5,0.0,Florestal,610.0,Desconhecida,0,1,0,0,4.02
TM116785,2016170021591.0,2016,9,4,2016-09-04,12:12:00,2016-09-05,20:42:00,2016-09-04,12:27:00,Vila Real,Montalegre,Paradela,"Estadela (R. Principal, 5470, Portugal)",170622,41.754444,-7.938056,216223.0,531689.0,dms_recuperado,233.0,33.0,200.0,0.0,Florestal,125.0,Negligente,0,1,0,0,32.5
TM116814,2016170021732.0,2016,9,5,2016-09-05,16:17:00,2016-09-06,07:46:00,2016-09-05,16:30:00,Vila Real,Boticas,Codessoso,"Ventosa (Unnamed Road, 5460, Portugal)",170207,41.662222,-7.691111,236714.0,521701.0,dms_recuperado,1788.0,1569.0,150.0,69.0,Florestal,312.0,Negligente,1,1,0,0,15.48
BL216450,2016060039667.0,2016,9,5,2016-09-05,15:33:00,2016-09-07,09:04:00,2016-09-05,15:43:00,Coimbra,Soure,Tapéus,Carpinteiros (Carpinteiro),61510,40.035028,-8.531467,165999.0,340799.0,dms_recuperado,1383.0,195.0,1188.0,0.0,Florestal,448.0,Intencional,0,1,0,0,41.52
TM116805,2016170021687.0,2016,9,5,2016-09-05,10:48:00,2016-09-08,18:30:00,2016-09-05,11:01:00,Vila Real,Vila Pouca de Aguiar,Telões,Soutelinho do Mezio (Alto do Ribeiro do Suidro),171311,41.430027,-7.721563,234402.0,495719.0,dms_recuperado,880.0,174.0,706.0,0.0,Florestal,125.0,Negligente,0,1,0,0,79.7
BL1161020,2016180048979.0,2016,9,5,2016-09-05,13:56:00,2016-09-05,16:32:00,2016-09-05,14:16:00,Viseu,Cinfães,Tendais,Marcelim,180416,41.03619,-8.07367,205000.0,451900.0,dms_recuperado,477.0,0.0,477.0,0.0,Florestal,125.0,Negligente,0,1,0,0,2.6
BL4161531,2016100047279.0,2016,9,5,2016-09-05,16:45:00,2016-09-06,20:00:00,2016-09-05,16:50:00,Leiria,Leiria,Colmeias,Casal do Monte (COLMEIAS),100910,39.800121,-8.70875,150700.0,314800.0,dms_recuperado,405.0,394.0,11.0,0.0,Florestal,211.0,Negligente,0,1,0,0,27.25
DM4161643,2016030067462.0,2016,9,5,2016-09-05,17:18:00,2016-09-06,06:40:00,2016-09-05,17:28:00,Braga,Vieira do Minho,Rossas,"Coutada do Padre António (EM527, 4850, Portugal)",31113,41.587222,-8.1025,202452.0,513263.0,dms_recuperado,283.0,100.0,183.0,0.0,Florestal,60.0,Desconhecida,0,1,0,0,13.37
TM216317,2016040027372.0,2016,9,6,2016-09-06,11:17:00,2016-09-07,04:41:00,2016-09-06,11:20:00,Bragança,Freixo de Espada À Cinta,Lagoaça,FORNOS (Cabeço do Outeiro),40403,41.210831,-6.760759,315098.0,472200.0,dms_recuperado,5357.936,1900.0,2693.826,764.11,Florestal,448.0,Intencional,0,1,0,0,17.4
TM116838,2016170021823.0,2016,9,6,2016-09-06,11:47:00,2016-09-07,02:48:00,2016-09-06,12:00:00,Vila Real,Ribeira de Pena,Alvadia,ALVADIA - ASSUREIRA (Calhaus da Carreira),170901,41.469765,-7.776735,229772.0,500112.0,dms_recuperado,1853.0,109.0,1744.0,0.0,Florestal,711.0,Reacendimento,1,1,0,0,15.02
DM4161664,2016030067614.0,2016,9,6,2016-09-06,06:09:00,2016-09-07,23:24:00,2016-09-06,06:30:00,Braga,Cabeceiras de Basto,Rio Douro,Juguelhe,30415,41.562729,-7.946478,215570.0,510392.0,dms_recuperado,1555.0,450.0,1100.0,5.0,Florestal,448.0,Intencional,0,1,0,0,41.25
DM3162440,2016160025926.0,2016,9,6,2016-09-06,09:08:00,2016-09-06,10:22:00,2016-09-06,09:10:00,Viana do Castelo,Arcos de Valdevez,Soajo,Paradela - SOAJO (BOICINHA),160146,41.873764,-8.209932,193625.0,544925.0,dms_recuperado,350.0,40.0,310.0,0.0,Florestal,711.0,Reacendimento,1,1,0,0,1.23
DM4161688,2016030067821.0,2016,9,6,2016-09-06,17:57:00,2016-09-06,22:14:00,2016-09-06,18:15:00,Braga,Fafe,Moreira do Rei,CONFURCO (Vale da Égua),30718,41.49398,-8.085443,203982.0,502741.0,dms_recuperado,222.0,50.0,172.0,0.0,Florestal,448.0,Intencional,0,1,0,0,4.28
DM4161671,2016030067692.0,2016,9,6,2016-09-06,11:36:00,2016-09-07,11:24:00,2016-09-06,11:59:00,Braga,Vieira do Minho,Rossas,"Monte de Rossas (N205 9, 4850, Portugal)",31113,41.564444,-8.096111,202993.0,510758.0,dms_recuperado,204.0,80.0,124.0,0.0,Florestal,60.0,Desconhecida,0,1,0,0,23.8
AT216296,2016120018421.0,2016,9,6,2016-09-06,16:20:00,2016-09-06,23:01:00,2016-09-06,16:35:00,Portalegre,Ponte de Sor,Montargil,Farinha Branca,121302,39.107021,-8.188683,195191.0,237690.0,dms_recuperado,198.136,139.715,25.936,32.485,Florestal,448.0,Intencional,0,1,0,0,6.68
BL1161036,2016180049251.0,2016,9,6,2016-09-06,16:25:00,2016-09-07,04:02:00,2016-09-06,16:31:00,Viseu,Castro Daire,Mões,Granja,180312,40.896358,-7.880362,221299.0,436400.0,dms_recuperado,131.0,39.53,91.47,0.0,Florestal,630.0,Desconhecida,0,1,0,0,11.62
DM2164356,2016130136964.0,2016,9,6,2016-09-06,14:55:00,2016-09-07,05:00:00,2016-09-06,15:00:00,Porto,Paredes,Baltar,Lugar do Cruzeiro (BALTAR),131003,41.198032,-8.392053,178280.0,469904.0,dms_recuperado,115.8,115.8,0.0,0.0,Florestal,145.0,Negligente,0,1,0,0,14.08
BL3161618,2016010066584.0,2016,9,6,2016-09-06,02:55:00,2016-09-06,06:33:00,2016-09-06,03:20:00,Aveiro,Vale de Cambra,Junqueira,Chã (JUNQUEIRA),11905,40.802807,-8.333396,183099.0,426000.0,dms_recuperado,115.42,69.252,46.168,0.0,Florestal,711.0,Reacendimento,0,1,0,0,3.63
DM3162442,2016160025950.0,2016,9,6,2016-09-06,12:20:00,2016-09-08,14:53:00,2016-09-06,12:33:00,Viana do Castelo,Monção,Riba de Mouro,Santo António - RIBA DE MOURO (Branda de Santo António),160424,41.998581,-8.298501,186300.0,558799.0,dms_recuperado,115.0,15.0,100.0,0.0,Florestal,711.0,Reacendimento,1,1,0,0,50.55
AT116587,2016070019661.0,2016,9,6,2016-09-06,14:57:00,2016-09-07,00:28:00,2016-09-06,15:06:00,Évora,Vila Viçosa,Conceição,Quinta das Velhas,71403,38.772222,-7.394444,264091.0,200954.0,dms_recuperado,114.72,49.26,0.0,65.46,Florestal,211.0,Negligente,0,1,0,0,9.52
BI2162970,2016050028435.0,2016,9,7,2016-09-07,13:59:00,2016-09-08,10:15:00,2016-09-07,14:04:00,Castelo Branco,Proença-a-nova,Proença-a-nova,Braçal (PROENÇA A NOVA),50804,39.755647,-7.920143,218250.0,309724.0,dms_recuperado,949.5,845.3,22.7,81.5,Florestal,449.0,Intencional,0,1,0,0,20.27
TM116866,2016170021977.0,2016,9,7,2016-09-07,15:17:00,2016-09-09,02:35:00,2016-09-07,15:37:00,Vila Real,Vila Pouca de Aguiar,Telões,Tourencinho (Sª João do Extremo),171311,41.418179,-7.677472,238094.0,494421.0,dms_recuperado,594.0,13.0,581.0,0.0,Florestal,711.0,Reacendimento,1,1,0,0,35.3
BI116529,2016090027705.0,2016,9,7,2016-09-07,13:34:00,2016-09-08,18:18:00,2016-09-07,13:44:00,Guarda,Guarda,Trinta,Quinta do Maroto,90745,40.501389,-7.345833,266635.0,392983.0,dms_recuperado,498.0,75.0,373.0,50.0,Florestal,448.0,Intencional,0,1,0,0,28.73
TM116868,2016170021984.0,2016,9,7,2016-09-07,16:05:00,2016-09-08,11:46:00,2016-09-07,16:15:00,Vila Real,Montalegre,Viade de Baixo,"VIADE DE BAIXO (Largo Francisco Barbosa, 5470, Portugal)",170634,41.761667,-7.868333,222020.0,532506.0,dms_recuperado,185.5,0.0,185.5,0.0,Florestal,125.0,Negligente,0,1,0,0,19.68
AG116511,2016080040766.0,2016,9,8,2016-09-08,21:20:00,2016-09-09,07:17:00,2016-09-08,21:25:00,Faro,Silves,Silves,"Barranco do João Dias (Unnamed Road, 8300 Silves, Portugal)",81307,37.211667,-8.463333,170695.0,27342.0,dms_recuperado,150.0003,0.0,150.0003,0.0,Florestal,448.0,Intencional,0,1,0,0,9.95
DM4161746,2016030068342.0,2016,9,8,2016-09-08,15:32:00,2016-09-09,04:20:00,2016-09-08,15:40:00,Braga,Esposende,Vila Chã,MONTE S. LOURENÇO (VILA CHÃ),30615,41.571811,-8.754623,148165.0,511572.0,dms_recuperado,121.0,121.0,0.0,0.0,Florestal,448.0,Intencional,0,1,0,0,12.8
DM2164594,2016130138680.0,2016,9,9,2016-09-09,14:13:00,2016-09-10,10:00:00,2016-09-09,14:24:00,Porto,Baião,Ovil,Lugar de S.João (Esporão),130211,41.173963,-8.002895,210928.0,467207.0,dms_recuperado,548.02,8.02,540.0,0.0,Florestal,610.0,Desconhecida,0,1,0,0,19.78
TM116905,2016170022182.0,2016,9,9,2016-09-09,15:15:00,2016-09-10,22:08:00,2016-09-09,15:35:00,Vila Real,Chaves,Sanfins,RIBEIRA DE SÃO GONÇALO (Outeiros),170327,41.788917,-7.227381,275291.0,535894.0,dms_recuperado,495.0,331.0,164.0,0.0,Florestal,448.0,Intencional,0,1,0,0,30.88
TM116918,2016170022229.0,2016,9,10,2016-09-10,01:45:00,2016-09-11,03:19:00,2016-09-10,01:45:00,Vila Real,Valpaços,Bouçoães,Vilartão (Ribeiro Pontão do Malho),171205,41.760967,-7.215654,276299.0,532799.0,dms_recuperado,335.0,171.0,164.0,0.0,Florestal,448.0,Intencional,0,1,0,0,25.57
BL4161567,2016100048131.0,2016,9,10,2016-09-10,13:13:00,2016-09-10,23:00:00,2016-09-10,13:23:00,Leiria,Pombal,Pombal,Carvalhais,101509,39.875833,-8.644444,156150.0,323369.0,dms_recuperado,125.0,120.0,5.0,0.0,Florestal,448.0,Intencional,0,1,0,0,9.78
TM116967,2016170022516.0,2016,9,12,2016-09-12,17:54:00,2016-09-13,03:15:00,2016-09-12,19:07:00,Vila Real,Montalegre,Gralhas,"GRALHAS (R. Fonte 21, 5470-160 Gralhas, Portugal)",170612,41.849167,-7.701667,235827.0,542274.0,dms_recuperado,940.0,14.0,926.0,0.0,Florestal,125.0,Negligente,0,1,0,0,9.35
DM4161832,2016030069465.0,2016,9,12,2016-09-12,14:00:00,2016-09-13,04:11:00,,,Braga,Cabeceiras de Basto,Gondiães,"Carvalhosa (Unnamed Road, 4860, Portugal)",30409,41.580556,-7.866667,222114.0,512584.0,dms_recuperado,630.0,286.0,344.0,0.0,Florestal,448.0,Intencional,0,1,0,0,14.18
DM3162552,2016160026661.0,2016,9,12,2016-09-12,13:16:00,2016-09-12,19:30:00,2016-09-12,13:18:00,Viana do Castelo,Arcos de Valdevez,Alvora,EOLICAS - LOUREDA (ALAGOA DE CIMA),160103,41.969654,-8.433278,175122.0,555617.0,dms_recuperado,393.0,0.0,393.0,0.0,Florestal,711.0,Reacendimento,1,1,0,0,6.23
TM116969,2016170022497.0,2016,9,12,2016-09-12,16:00:00,2016-09-13,02:44:00,2016-09-12,19:02:00,Vila Real,Montalegre,Reigoso,"REIGOSO (R. do Cruzeiro 13, 5470, Portugal)",170625,41.719722,-7.934444,216533.0,527833.0,dms_recuperado,158.0,16.5,141.5,0.0,Florestal,125.0,Negligente,0,1,0,0,10.73
BL216484,2016060040762.0,2016,9,12,2016-09-12,12:08:00,2016-09-13,05:41:00,2016-09-12,12:19:00,Coimbra,Pampilhosa da Serra,Pampilhosa da Serra,SOEIRINHO,61206,40.093263,-7.985362,212600.0,347199.0,dms_recuperado,142.0,111.0,31.0,0.0,Florestal,236.0,Negligente,0,1,0,0,17.55
TM216351,2016040028194.0,2016,9,12,2016-09-12,19:59:00,2016-09-13,03:02:00,2016-09-12,20:15:00,Bragança,Bragança,Aveleda,AVELEDA - PNM (Pena Veladeira),40202,41.907536,-6.63213,324543.0,549761.0,dms_recuperado,113.43,0.0,113.43,0.0,Florestal,60.0,Desconhecida,0,1,0,0,7.05
DM3162546,2016160026626.0,2016,9,12,2016-09-12,09:17:00,2016-09-12,19:46:00,2016-09-12,09:30:00,Viana do Castelo,Melgaço,Parada do Monte,CURISCOS - PARADA DO MONTE (Mourim),160312,42.020401,-8.263937,189167.0,561218.0,dms_recuperado,100.0,0.0,100.0,0.0,Florestal,711.0,Reacendimento,1,1,0,0,10.48
DM3162554,2016160026669.0,2016,9,12,2016-09-12,15:02:00,2016-09-12,19:59:00,2016-09-12,15:22:00,Viana do Castelo,Melgaço,Gave,COVELO - GAVE (Costa do Covelo),160308,42.031639,-8.280983,187757.0,562469.0,dms_recuperado,100.0,0.0,100.0,0.0,Florestal,711.0,Reacendimento,1,1,0,0,4.95
BI116552,2016090028261.0,2016,9,12,2016-09-12,16:34:00,2016-09-13,00:22:00,2016-09-12,16:50:00,Guarda,Sabugal,Seixo do Coa,Marra-Seixo do Côa,91132,40.465,-7.025,293876.0,389237.0,dms_recuperado,100.0,6.7,93.0,0.3,Florestal,223.0,Negligente,0,1,0,0,7.8
TM216371,2016040029054.0,2016,9,21,2016-09-21,16:35:00,2016-09-22,00:30:00,2016-09-21,16:37:00,Bragança,Freixo de Espada À Cinta,Fornos,Ferrarias PNDI (Ferrarias),40401,41.170589,-6.784238,313198.0,467700.0,dms_recuperado,226.0,0.0,225.0,1.0,Florestal,448.0,Intencional,0,1,0,0,7.92
TM216382,2016040029299.0,2016,9,23,2016-09-23,22:26:00,2016-09-24,09:16:00,2016-09-23,22:55:00,Bragança,Torre de Moncorvo,Lousa,LOUSA (Lagares),40911,41.158951,-7.20668,277760.0,465944.0,dms_recuperado,329.38,0.0,329.38,0.0,Florestal,125.0,Negligente,0,1,0,0,10.83
BI116614,2016090029923.0,2016,9,28,2016-09-28,23:30:00,2016-09-29,11:42:00,2016-09-28,23:50:00,Guarda,Guarda,Mizarela,Quinta das Terras da Igreja,90726,40.565833,-7.345833,266667.0,399947.0,dms_recuperado,238.0,15.0,143.0,80.0,Florestal,125.0,Negligente,0,1,0,0,12.2
BI116621,2016090030121.0,2016,9,30,2016-09-30,16:34:00,2016-10-01,03:30:00,2016-09-30,16:45:00,Guarda,Aguiar da Beira,Pinheiro,Caldas da Cavaca,90110,40.785,-7.577222,246912.0,424144.0,dms_recuperado,120.0,98.0,22.0,0.0,Florestal,448.0,Intencional,0,1,0,0,10.93
BI116647,2016090030547.0,2016,10,4,2016-10-04,19:58:00,2016-10-05,15:37:00,2016-10-04,20:30:00,Guarda,Guarda,Videmonte,Saladinhas,90749,40.525,-7.377222,264042.0,395404.0,dms_recuperado,383.0,81.0,302.0,0.0,Florestal,125.0,Negligente,0,1,0,0,19.65
BI116652,2016090030643.0,2016,10,5,2016-10-05,20:05:00,2016-10-06,14:37:00,2016-10-05,20:30:00,Guarda,Trancoso,Fiães,Barrocal,91307,40.711389,-7.395,262379.0,416090.0,dms_recuperado,149.0,15.0,100.0,34.0,Florestal,125.0,Negligente,0,1,0,0,18.53
TM1161119,2016170024560.0,2016,10,6,2016-10-06,14:25:00,2016-10-06,23:11:00,2016-10-06,14:58:00,Vila Real,Alijó,Vila Verde,Vale de Agodim (Cabeço Alto),170117,41.353522,-7.567597,247327.0,487294.0,dms_recuperado,169.0,169.0,0.0,0.0,Florestal,125.0,Negligente,0,1,0,0,8.77
BL1161231,2016180054851.0,2016,10,7,2016-10-07,11:17:00,2016-10-08,00:35:00,2016-10-07,11:53:00,Viseu,Castro Daire,Cujó,Cujo,180305,40.937222,-7.847778,223907.0,441137.0,dms_recuperado,133.0,0.0,133.0,0.0,Florestal,630.0,Desconhecida,0,1,0,0,13.3
BI2163009,2016050031370.0,2016,10,7,2016-10-07,14:02:00,2016-10-08,01:25:00,2016-10-07,14:30:00,Castelo Branco,Fundão,Capinha,Capinha (VALE DOURADO),50411,40.206287,-7.370088,264962.0,360018.0,dms_recuperado,131.867,31.109,99.677,1.081,Florestal,630.0,Desconhecida,0,1,0,0,11.38
TM1161147,2016170024767.0,2016,10,8,2016-10-08,16:50:00,2016-10-08,23:22:00,2016-10-08,16:51:00,Vila Real,Vila Pouca de Aguiar,Parada de Monteiros,Minheu (Praina da Maçã),171307,41.53672,-7.700927,236068.0,507577.0,dms_recuperado,195.0,25.0,170.0,0.0,Florestal,125.0,Negligente,0,1,0,0,6.53
BL1161248,2016180055087.0,2016,10,8,2016-10-08,13:53:00,2016-10-08,23:20:00,2016-10-08,14:14:00,Viseu,Cinfães,Alhões,Alhões,180401,40.985714,-8.010735,210300.0,446299.0,dms_recuperado,142.0,0.0,142.0,0.0,Florestal,125.0,Negligente,0,1,0,0,9.45
BL1161275,2016180055461.0,2016,10,10,2016-10-10,11:35:00,2016-10-10,13:38:00,2016-10-10,11:43:00,Viseu,Cinfães,Bustelo,Rossão (BUSTELO),180402,41.008137,-8.013253,210084.0,448789.0,dms_recuperado,186.0,0.0,186.0,0.0,Florestal,122.0,Negligente,0,1,0,0,2.05
DM3163312,2016160032186.0,2016,11,1,2016-11-01,22:07:00,2016-11-02,00:50:00,2016-11-01,22:30:00,Viana do Castelo,Monção,Portela,MANGOEIRO - ABEDIM (Cabecinha),160423,41.970948,-8.488088,170579.0,555778.0,dms_recuperado,164.0,0.0,164.0,0.0,Florestal,126.0,Negligente,0,1,0,0,2.72
TM1161276,2016170031263.0,2016,12,30,2016-12-30,12:00:00,2016-12-30,14:06:00,2016-12-30,12:20:00,Vila Real,Montalegre,Fervidelas,"Coça da Perdiz (R. Estrada 6, 5470-141, Portugal)",170610,41.753056,-7.912222,218372.0,531539.0,dms_recuperado,104.0,1.0,103.0,0.0,Florestal,125.0,Negligente,0,1,0,0,2.1
BL11713,2017180001372.0,2017,1,7,2017-01-07,20:13:00,2017-01-07,21:47:00,2017-01-07,20:25:00,Viseu,Resende,Felgueiras,São Cristóvão,181305,41.05224,-7.933296,216799.0,453699.0,dms_recuperado,110.0,0.0,110.0,0.0,Florestal,125.0,Negligente,0,1,0,0,1.57
TM11753,2017170001527.0,2017,1,17,2017-01-17,17:01:00,2017-01-18,01:33:00,2017-01-17,17:50:00,Vila Real,Vila Real,Adoufe,Escariz (Outeiro do Cuco),171402,41.365698,-7.752975,231807.0,488562.0,dms_recuperado,250.0,2.0,248.0,0.0,Florestal,125.0,Negligente,0,1,0,0,8.53
BI117211,2017090008329.0,2017,3,16,2017-03-16,14:54:00,2017-03-17,00:56:00,,,Guarda,Guarda,Codesseiro,Galo,90714,40.640833,-7.216944,277393.0,408562.0,dms_recuperado,146.0,40.0,100.0,6.0,Florestal,311.0,Intencional,0,1,0,0,10.03
TM217130,2017040007472.0,2017,3,16,2017-03-16,14:40:00,2017-03-16,20:30:00,2017-03-16,17:15:00,Bragança,Bragança,França,FRANÇA PNM (Alto da Fonte Jungueira),40215,41.89401,-6.746241,315099.0,548099.0,dms_recuperado,124.9,0.0,124.9,0.0,Florestal,312.0,Negligente,0,1,0,0,5.83
TM117395,2017170006692.0,2017,3,17,2017-03-17,12:25:00,2017-03-17,20:13:00,2017-03-17,13:35:00,Vila Real,Montalegre,Meixide,Meixide,170614,41.813797,-7.5976,244499.0,538400.0,dms_recuperado,156.0,18.0,138.0,0.0,Florestal,125.0,Negligente,0,1,0,0,7.8
BL117471,2017180016060.0,2017,3,30,2017-03-30,15:11:00,2017-03-30,21:32:00,2017-03-30,16:03:00,Viseu,Castro Daire,Castro Daire,Farejinhas,180304,40.9099,-7.896928,219900.0,437900.0,dms_recuperado,110.0,9.0,101.0,0.0,Florestal,122.0,Negligente,0,1,0,0,6.35
DM3171484,2017160010986.0,2017,4,7,2017-04-07,14:07:00,2017-04-07,21:05:00,2017-04-07,14:38:00,Viana do Castelo,Ponte da Barca,Britelo,MOSTEIRÔ (Danta),160604,41.833398,-8.258622,189577.0,540446.0,dms_recuperado,177.0,0.0,177.0,0.0,Florestal,125.0,Negligente,0,1,0,0,6.97
BL317349,2017010026643.0,2017,4,9,2017-04-09,14:46:00,2017-04-10,03:41:00,2017-04-09,15:00:00,Aveiro,Arouca,Escariz,Vila Chã (Cruz de Santa Cristina),10409,40.956397,-8.359647,180929.0,443062.0,dms_recuperado,287.0,287.0,0.0,0.0,Florestal,711.0,Reacendimento,1,1,0,0,12.92
TM217247,2017040010085.0,2017,4,11,2017-04-11,14:56:00,2017-04-12,02:00:00,2017-04-11,15:32:00,Bragança,Vinhais,Curopos,ALVAREDOS (Rio de Trutas),41205,41.801168,-7.074307,287999.0,537399.0,dms_recuperado,106.09,0.0,106.09,0.0,Florestal,448.0,Intencional,0,1,0,0,11.07
DM417631,2017030027812.0,2017,4,12,2017-04-12,13:47:00,2017-04-12,22:52:00,2017-04-12,14:00:00,Braga,Cabeceiras de Basto,Refojos de Basto,"Rio de Ouro (R. de Santa Comba, 4860 Cabeceiras de Basto, Portugal)",30414,41.506667,-7.974167,213158.0,504344.0,dms_recuperado,106.0,96.0,10.0,0.0,Florestal,620.0,Desconhecida,0,1,0,0,9.08
DM217684,2017130057436.0,2017,4,16,2017-04-16,07:25:00,2017-04-16,21:29:00,2017-04-16,08:30:00,Porto,Amarante,Aboadela,"Costa da Pedrada (Unnamed Road, 4600, Portugal)",130101,41.279444,-7.941389,215963.0,479122.0,dms_recuperado,200.0,27.0,173.0,0.0,Florestal,610.0,Desconhecida,0,1,0,0,14.07
TM117707,2017170009623.0,2017,4,19,2017-04-19,14:25:00,2017-04-20,08:51:00,2017-04-19,14:45:00,Vila Real,Vila Real,Campeã,Vila Nova - CAMPEÃ (Vale do Mogo),171406,41.284693,-7.89431,220007.0,479524.0,dms_recuperado,189.0,12.0,177.0,0.0,Florestal,121.0,Negligente,0,1,0,0,18.43
DM3171857,2017160012517.0,2017,4,20,2017-04-20,01:39:00,2017-04-20,20:49:00,2017-04-20,02:15:00,Viana do Castelo,Ponte da Barca,Entre Ambos-os-rios,LOURIDO - P.N.P.G (Chã da Moura),160607,41.817917,-8.273877,188306.0,538729.0,dms_recuperado,544.0,100.0,444.0,0.0,Florestal,125.0,Negligente,0,1,0,0,19.17
DM417814,2017030030253.0,2017,4,21,2017-04-21,21:23:00,2017-04-22,04:54:00,2017-04-21,21:24:00,Braga,Celorico de Basto,Britelo,"Ribeira da Galiza (Unnamed Road, 4890, Portugal)",30504,41.375833,-7.978056,212869.0,489824.0,dms_recuperado,225.0,225.0,0.0,0.0,Florestal,711.0,Reacendimento,0,1,0,0,7.52
DM417825,2017030030131.0,2017,4,21,2017-04-21,14:08:00,2017-04-22,00:21:00,2017-04-21,14:08:00,Braga,Vieira do Minho,Anjos,"Chão do Pastor (Unnamed Road, 4850, Portugal)",31102,41.611111,-8.041389,207545.0,515934.0,dms_recuperado,222.5,50.0,172.5,0.0,Florestal,60.0,Desconhecida,0,1,0,0,10.22
DM3171884,2017160012752.0,2017,4,22,2017-04-22,09:53:00,2017-04-23,01:18:00,2017-04-22,10:00:00,Viana do Castelo,Monção,Merufe,SERRA DA ANTA - MERUFE (Aradelas),160415,42.023475,-8.424877,175838.0,561593.0,dms_recuperado,142.0,2.0,140.0,0.0,Florestal,125.0,Negligente,0,1,0,0,15.42
TM117775,2017170010254.0,2017,4,25,2017-04-25,13:30:00,2017-04-25,22:45:00,2017-04-25,14:15:00,Vila Real,Alijó,Ribalonga,FREIXO VELHO (Lajinhas),170111,41.351705,-7.519545,251349.0,487119.0,dms_recuperado,130.0,22.0,108.0,0.0,Florestal,125.0,Negligente,0,1,0,0,9.25
TM117777,2017170010352.0,2017,4,26,2017-04-26,14:50:00,2017-04-26,20:31:00,2017-04-26,15:10:00,Vila Real,Alijó,Ribalonga,RIBALONGA (Fraga Velha),170111,41.350047,-7.533078,250218.0,486928.0,dms_recuperado,100.0,0.0,100.0,0.0,Florestal,,,1,1,0,0,5.68
TM117780,2017170010400.0,2017,4,27,2017-04-27,08:22:00,2017-04-27,12:09:00,2017-04-27,09:20:00,Vila Real,Alijó,Ribalonga,RIBALONGA (Fraga Velha),170111,41.346595,-7.532548,250265.0,486545.0,dms_recuperado,100.0,0.0,100.0,0.0,Florestal,,,1,1,0,0,3.78
BL317538,2017010031536.0,2017,4,28,2017-04-28,00:52:00,2017-04-28,19:22:00,2017-04-28,01:20:00,Aveiro,Águeda,Belazaima do Chão,Feridouro (Cabeço do Meio),10106,40.52472,-8.339838,182483.0,395120.0,dms_recuperado,281.73,277.73,4.0,0.0,Florestal,6.0,Desconhecida,0,1,0,0,18.5
BI117445,2017090013595.0,2017,5,3,2017-05-03,17:58:00,2017-05-04,02:21:00,,,Guarda,Pinhel,Cidadelhe,Cova da Raposa-Quinta do Espinhaço,91007,40.940278,-7.115833,285569.0,441923.0,dms_recuperado,134.0,0.0,84.0,50.0,Florestal,125.0,Negligente,0,1,0,0,8.38
AT117447,2017070012904.0,2017,6,10,2017-06-10,12:28:00,2017-06-10,14:50:00,2017-06-10,12:45:00,Évora,Évora,Torre de Coelheiros,Herdades da Bota e Pereira,70513,38.501068,-7.909488,219505.0,170444.0,dms_recuperado,117.37,0.0,0.0,117.37,Agrícola,221.0,Negligente,0,0,1,0,2.37
TM117883,2017170014577.0,2017,6,14,2017-06-14,23:55:00,2017-06-15,03:11:00,2017-06-15,00:15:00,Vila Real,Vila Real,Andrães,MAGALHÃ (Jorjais),171403,41.237772,-7.669722,238849.0,474388.0,dms_recuperado,280.0,258.0,20.0,2.0,Florestal,448.0,Intencional,0,1,0,0,3.27
TM117885,2017170014621.0,2017,6,15,2017-06-15,16:10:00,2017-06-15,16:44:00,2017-06-15,16:20:00,Vila Real,Vila Real,Andrães,MAGALHÃ (Ribeira de Tanha),171403,41.25447,-7.677522,238185.0,476239.0,dms_recuperado,120.0,120.0,0.0,0.0,Florestal,,,1,1,0,0,0.57
TM117889,2017170014702.0,2017,6,16,2017-06-16,13:45:00,2017-06-17,10:10:00,2017-06-16,14:00:00,Vila Real,Alijó,Vila Verde,FREIXO (Ribeiro de Baixo),170117,41.354035,-7.534533,250093.0,487370.0,dms_recuperado,167.0,33.0,134.0,0.0,Florestal,125.0,Negligente,0,1,0,0,20.42
BI117532,2017090018231.0,2017,6,16,2017-06-16,15:18:00,2017-06-16,20:41:00,2017-06-16,15:35:00,Guarda,Trancoso,Vila Garcia,Quinta da Castanheira,91328,40.785833,-7.238333,275429.0,424654.0,dms_recuperado,122.0,25.0,54.0,43.0,Florestal,221.0,Negligente,0,1,0,0,5.38
BL4171577,2017100032538.0,2017,6,17,2017-06-17,14:43:00,2017-06-22,09:22:00,2017-06-17,15:00:00,Leiria,Pedrógão Grande,Pedrógão Grande,"Escalos Fundeiros (CM1164, 3270, Portugal)",101302,39.949167,-8.159444,197650.0,331374.0,dms_recuperado,30358.84,30358.84,0.0,0.0,Florestal,211.0,Negligente,0,1,0,0,114.65
BL217377,2017060026571.0,2017,6,17,2017-06-17,14:52:00,2017-06-22,19:30:00,2017-06-17,15:02:00,Coimbra,Góis,Alvares,Fonte Limpa (Ribeiro Porco),60601,40.042001,-8.063979,205900.0,341499.0,dms_recuperado,17520.65,9483.8,8036.85,0.0,Florestal,51.0,Natural,0,1,0,0,124.63
BI2173833,2017050019798.0,2017,6,17,2017-06-17,18:09:00,2017-06-20,04:01:00,2017-06-17,18:25:00,Castelo Branco,Oleiros,Orvalho,"Cabeça Gorda, Casas da Zebreira",50609,39.99641,-7.74048,233530.0,336508.0,dms_recuperado,409.41,111.59,293.12,4.7,Florestal,51.0,Natural,0,1,0,0,57.87
RO117445,2017140034444.0,2017,6,17,2017-06-17,20:09:00,2017-06-18,17:58:00,2017-06-17,20:14:00,Santarém,Ferreira do Zêzere,Ferreira do Zêzere,"Horta da Serra (CM1067, 2240, Portugal)",141106,39.71,-8.27,188147.0,304830.0,dms_recuperado,310.5,270.0,29.0,11.5,Florestal,610.0,Desconhecida,0,1,0,0,21.82
BI2173830,2017050019786.0,2017,6,17,2017-06-17,18:08:00,2017-06-17,19:10:00,2017-06-17,18:25:00,Castelo Branco,Oleiros,Orvalho,Vale da Barreira (Celadinha),50609,40.010233,-7.732803,234179.0,338046.0,dms_recuperado,201.82,58.23,142.09,1.5,Florestal,51.0,Natural,0,1,0,0,1.03
AT217198,2017120011498.0,2017,6,17,2017-06-17,16:48:00,2017-06-17,23:15:00,2017-06-17,17:00:00,Portalegre,Nisa,Alpalhão,Alpalhão - M 1176 - Caminho das termas (Tapada da Sarinha),121201,39.433208,-7.65076,241527.0,274013.0,dms_recuperado,189.1713,30.9662,48.4543,109.7508,Florestal,51.0,Natural,0,1,0,0,6.45
AT117490,2017070013581.0,2017,6,17,2017-06-17,19:39:00,2017-06-18,00:23:00,2017-06-17,20:03:00,Évora,Reguengos de Monsaraz,Monsaraz,Herdade da Machoa do Germano,71103,38.490498,-7.383898,265363.0,169512.0,dms_recuperado,150.79,0.0,0.0,150.79,Agrícola,51.0,Natural,0,0,1,0,4.73
TM117896,2017170014831.0,2017,6,17,2017-06-17,15:54:00,2017-06-18,04:39:00,2017-06-17,16:30:00,Vila Real,Sabrosa,São Martinho de Antas,Roalde (Queda),171012,41.23768,-7.64593,240843.0,474389.0,dms_recuperado,141.0,127.0,14.0,0.0,Florestal,,,1,1,0,0,12.75
TM217393,2017040016889.0,2017,6,18,2017-06-18,15:03:00,2017-06-19,09:05:00,2017-06-18,15:50:00,Bragança,Vinhais,Rebordelo,Vale de Armeiro,41219,41.768573,-7.148835,281846.0,533706.0,dms_recuperado,340.72,28.445,312.275,0.0,Florestal,412.0,Negligente,0,1,0,0,18.03
AT117500,2017070013684.0,2017,6,18,2017-06-18,16:50:00,2017-06-19,01:09:00,2017-06-18,17:10:00,Évora,Évora,São Vicente do Pigeiro,Herdade da Correia,70511,38.444728,-7.6543,241798.0,164274.0,dms_recuperado,202.25,0.0,0.0,202.25,Agrícola,227.0,Negligente,0,0,1,0,8.32
AT117518,2017070013858.0,2017,6,20,2017-06-20,15:11:00,2017-06-20,19:01:00,2017-06-20,15:27:00,Évora,Viana do Alentejo,Viana do Alentejo,HERDADE CASA VELHA,71302,38.35511,-8.037895,208320.0,154222.0,dms_recuperado,390.99,60.64,0.0,330.35,Florestal,610.0,Desconhecida,0,1,0,0,3.83
TM217409,2017040017196.0,2017,6,20,2017-06-20,23:12:00,2017-06-21,05:01:00,2017-06-20,23:25:00,Bragança,Miranda do Douro,Miranda do Douro,Aldeia Nova (RIO DOURO),40608,41.548518,-6.221398,359509.0,510561.0,dms_recuperado,245.07,58.0,187.07,0.0,Florestal,51.0,Natural,0,1,0,0,5.82
TM217420,2017040017308.0,2017,6,21,2017-06-21,16:45:00,2017-06-23,00:55:00,2017-06-21,17:05:00,Bragança,Torre de Moncorvo,Lousa,LOUSA (Cabeço das Baralhas),40911,41.164682,-7.165747,281189.0,466618.0,dms_recuperado,1610.47,97.83,1512.64,0.0,Florestal,51.0,Natural,0,1,0,0,32.17
TM217421,2017040017311.0,2017,6,21,2017-06-21,16:58:00,2017-06-22,13:20:00,2017-06-21,17:05:00,Bragança,Torre de Moncorvo,Cabeça Boa,Cabanas de Cima,40903,41.202032,-7.128552,284263.0,470801.0,dms_recuperado,1360.5,0.0,1360.5,0.0,Florestal,51.0,Natural,0,1,0,0,20.37
TM217428,2017040017550.0,2017,6,23,2017-06-23,13:53:00,2017-06-24,01:03:00,2017-06-23,14:05:00,Bragança,Macedo de Cavaleiros,Castelãos,Cabeço da Pinha,40508,41.535508,-6.927795,300588.0,508053.0,dms_recuperado,114.67,8.47,106.2,0.0,Florestal,60.0,Desconhecida,0,1,0,0,11.17
AT317267,2017020016865.0,2017,6,30,2017-06-30,22:17:00,2017-07-01,10:45:00,2017-06-30,22:27:00,Beja,Vidigueira,Vidigueira,Monte da Melroeira,21403,38.226944,-7.759722,232600.0,140218.0,dms_recuperado,109.0,109.0,0.0,0.0,Florestal,610.0,Desconhecida,0,1,0,0,12.47
RO117583,2017140037426.0,2017,7,1,2017-07-01,17:23:00,2017-07-02,03:05:00,2017-07-01,17:35:00,Santarém,Mação,Amêndoa,Vinha Velha (Pé da Serra),141302,39.652901,-8.029407,208899.0,298299.0,dms_recuperado,177.3981,140.0,30.4601,6.938,Florestal,222.0,Negligente,0,1,0,0,9.7
AT117570,2017070014860.0,2017,7,1,2017-07-01,15:57:00,2017-07-01,18:20:00,2017-07-01,16:28:00,Évora,Mourão,Mourão,Herdade do Canhão,70803,38.34899,-7.243407,277772.0,153913.0,dms_recuperado,100.39,0.0,0.0,100.39,Agrícola,60.0,Desconhecida,0,0,1,0,2.38
RO117608,2017140037823.0,2017,7,3,2017-07-03,12:02:00,2017-07-03,22:00:00,2017-07-03,12:10:00,Santarém,Tomar,São Pedro de Tomar,Portela,141813,39.538321,-8.368078,179799.0,285600.0,dms_recuperado,175.5,136.5,39.0,0.0,Florestal,448.0,Intencional,0,1,0,0,9.97
RO117607,2017140037821.0,2017,7,3,2017-07-03,12:01:00,2017-07-03,17:14:00,2017-07-03,12:09:00,Santarém,Abrantes,Tramagal,Crucifixo,140115,39.443009,-8.266692,188499.0,274999.0,dms_recuperado,100.2,92.0,8.2,0.0,Florestal,221.0,Negligente,0,1,0,0,5.22
AT117613,2017070015295.0,2017,7,6,2017-07-06,16:04:00,2017-07-06,20:14:00,2017-07-06,16:21:00,Évora,Reguengos de Monsaraz,Campo,Vale Gamito,71101,38.336725,-7.497575,255562.0,152368.0,dms_recuperado,100.51,0.0,0.0,100.51,Agrícola,610.0,Desconhecida,0,0,1,0,4.17
BI2173930,2017050022342.0,2017,7,14,2017-07-14,14:56:00,2017-07-15,03:15:00,2017-07-14,15:05:00,Castelo Branco,Covilhã,Paul,"Santuário Nossa Senhora das Dores, Sitio do Sumagral",50314,40.19625,-7.63091,242762.0,358745.0,dms_recuperado,297.854,283.974,0.0,13.88,Florestal,60.0,Desconhecida,0,1,0,0,12.32
TM217468,2017040020012.0,2017,7,15,2017-07-15,14:32:00,2017-07-15,21:48:00,2017-07-15,14:44:00,Bragança,Mirandela,Vale de Asnes,VALE DE ASNES (Lamela),40731,41.467005,-7.059407,289699.0,500300.0,dms_recuperado,207.0,123.0,54.0,30.0,Florestal,448.0,Intencional,0,1,0,0,7.27
AT317301,2017020018111.0,2017,7,15,2017-07-15,15:00:00,2017-07-15,21:18:00,2017-07-15,15:06:00,Beja,Moura,São João Baptista,"Monte do Vale da Parra (N255, 7860 Moura, Portugal)",21007,38.163056,-7.420833,262307.0,133324.0,dms_recuperado,108.1,108.1,0.0,0.0,Florestal,449.0,Intencional,0,1,0,0,6.3
TM117983,2017170017663.0,2017,7,16,2017-07-16,01:55:00,2017-07-19,01:58:00,2017-07-16,02:10:00,Vila Real,Alijó,Vila Chã,CHÃ (Caneiro),170116,41.305003,-7.487943,254032.0,481952.0,dms_recuperado,4576.54,2299.8,1779.22,497.52,Florestal,448.0,Intencional,0,1,0,0,72.05
BL1171005,2017180036740.0,2017,7,16,2017-07-16,15:52:00,2017-07-19,11:15:00,2017-07-16,16:06:00,Viseu,Mangualde,Póvoa de Cervães,PÓVOA DE CERVÃES (Lameiro da Mó),180613,40.56173,-7.69742,236899.0,399299.0,dms_recuperado,3048.0,1727.771,1320.229,0.0,Florestal,448.0,Intencional,0,1,0,0,67.38
TM217472,2017040020142.0,2017,7,16,2017-07-16,19:39:00,2017-07-18,02:44:00,2017-07-16,19:55:00,Bragança,Freixo de Espada À Cinta,Mazouco,MAZOUCO (EN221 (EN221) Km 78),40405,41.160962,-6.795385,312279.0,466616.0,dms_recuperado,2230.0,0.0,2230.0,0.0,Florestal,448.0,Intencional,0,1,0,0,31.08
BL1171007,2017180036744.0,2017,7,16,2017-07-16,16:09:00,2017-07-18,00:04:00,2017-07-16,16:20:00,Viseu,Mangualde,Abrunhosa-a-velha,ABRUNHOSA A VELHA (Quinta da Ribeira),180601,40.578608,-7.63944,241799.0,401200.0,dms_recuperado,1809.0,187.576,1621.424,0.0,Florestal,448.0,Intencional,0,1,0,0,31.92
BI117627,2017090021550.0,2017,7,16,2017-07-16,18:48:00,2017-07-17,00:00:00,2017-07-16,19:03:00,Guarda,Vila Nova de Foz Côa,Murça,Murça,91409,41.089167,-7.238889,275041.0,458358.0,dms_recuperado,1712.4,445.0,1060.0,207.4,Florestal,448.0,Intencional,0,1,0,0,5.2
TM217471,2017040020105.0,2017,7,16,2017-07-16,12:48:00,2017-07-17,07:06:00,2017-07-16,13:04:00,Bragança,Mirandela,Alvites,ALVITES,40704,41.57172,-7.084082,287497.0,511905.0,dms_recuperado,1164.0,0.0,1164.0,0.0,Florestal,449.0,Intencional,0,1,0,0,18.3
BL1171006,2017180036742.0,2017,7,16,2017-07-16,16:06:00,2017-07-17,23:10:00,2017-07-16,16:10:00,Viseu,Mangualde,Cunha Baixa,Abrunhosa do Mato,180605,40.540286,-7.744774,232900.0,396900.0,dms_recuperado,107.0,43.162,63.838,0.0,Florestal,448.0,Intencional,0,1,0,0,31.07
BI117633,2017090021641.0,2017,7,17,2017-07-17,13:15:00,2017-07-19,03:06:00,2017-07-17,13:26:00,Guarda,Guarda,Rochoso,Chão Velho,90737,40.503889,-7.090833,288248.0,393482.0,dms_recuperado,7443.211,2975.31,2690.711,1777.19,Florestal,223.0,Negligente,0,1,0,0,37.85
BI2173945,2017050022655.0,2017,7,17,2017-07-17,15:51:00,2017-07-18,11:15:00,2017-07-17,15:59:00,Castelo Branco,Oleiros,Mosteiro,Cavalinho (EN238 (EN238) Km 60),50607,39.893558,-7.977705,213291.0,325026.0,dms_recuperado,291.78,287.78,3.0,1.0,Florestal,449.0,Intencional,0,1,0,0,19.4
TM217476,2017040020365.0,2017,7,18,2017-07-18,14:02:00,2017-07-19,05:51:00,2017-07-18,14:20:00,Bragança,Torre de Moncorvo,Açoreira,AÇOREIRA,40901,41.142703,-7.042078,291599.0,464300.0,dms_recuperado,1528.14,329.63,1176.06,22.45,Florestal,448.0,Intencional,0,1,0,0,15.82
BI117640,2017090021768.0,2017,7,18,2017-07-18,14:37:00,2017-07-19,06:15:00,2017-07-18,14:47:00,Guarda,Gouveia,Ribamondego,Tabugal-Junto à empresa Viegas,90614,40.5525,-7.568889,247701.0,398506.0,dms_recuperado,1265.0,104.0,712.0,449.0,Florestal,225.0,Negligente,0,1,0,0,15.63
BI2173957,2017050023195.0,2017,7,23,2017-07-23,13:47:00,2017-07-28,00:03:00,2017-07-23,13:50:00,Castelo Branco,Sertã,Várzea Dos Cavaleiros,Mosteiro de São Tiago (Vale da Quinta),50914,39.812601,-8.014031,210196.0,316032.0,dms_recuperado,33639.68,16579.06,13178.86,3881.76,Florestal,449.0,Intencional,0,1,0,0,106.27
BI2173962,2017050023219.0,2017,7,23,2017-07-23,17:55:00,2017-07-27,11:50:00,2017-07-23,18:21:00,Castelo Branco,Castelo Branco,Santo André das Tojeiras,Vale do Coelheiro,50221,39.779898,-7.740432,233639.0,312468.0,dms_recuperado,4531.72,2565.0,1535.63,431.09,Florestal,448.0,Intencional,0,1,0,0,89.92
AT217311,2017120014532.0,2017,7,23,2017-07-23,16:11:00,2017-07-24,09:39:00,2017-07-23,16:31:00,Portalegre,Gavião,Belver,Domingos da Vinha (Vale da Junqueira),120902,39.52781,-7.921972,218153.0,284427.0,dms_recuperado,1257.95,696.17,507.1,54.68,Florestal,610.0,Desconhecida,0,1,0,0,17.47
TM217494,2017040020994.0,2017,7,23,2017-07-23,17:20:00,2017-07-24,06:45:00,2017-07-23,17:35:00,Bragança,Vila Flor,Vale Frechoso,VALE FRECHOSO,41015,41.360407,-7.119716,284799.0,488400.0,dms_recuperado,781.14,297.104,333.28,150.756,Florestal,448.0,Intencional,0,1,0,0,13.42
BI2173959,2017050023203.0,2017,7,23,2017-07-23,15:30:00,2017-07-24,05:56:00,2017-07-23,15:43:00,Castelo Branco,Castelo Branco,Lousa,S. Gens/Ribeira do Alpreade,50213,39.966043,-7.349302,266966.0,333356.0,dms_recuperado,612.932,474.399,65.709,72.824,Florestal,449.0,Intencional,0,1,0,0,14.43
TM217495,2017040021016.0,2017,7,24,2017-07-24,00:24:00,2017-07-25,10:25:00,2017-07-24,00:45:00,Bragança,Carrazeda de Ansiães,Beira Grande,BEIRA GRANDE (SEIXO DOS CORVOS),40302,41.160145,-7.298203,270077.0,465999.0,dms_recuperado,235.199,97.643,137.556,0.0,Florestal,121.0,Negligente,0,1,0,0,34.02
TM217496,2017040021111.0,2017,7,24,2017-07-24,15:50:00,2017-07-25,02:05:00,2017-07-24,15:54:00,Bragança,Carrazeda de Ansiães,Amedo,AMEDO (Ribeira Dama),40301,41.260345,-7.333657,266999.0,477100.0,dms_recuperado,157.0,53.0,90.0,14.0,Florestal,60.0,Desconhecida,0,1,0,0,10.25
BI2173976,2017050023401.0,2017,7,25,2017-07-25,18:12:00,2017-07-26,06:58:00,2017-07-25,18:18:00,Castelo Branco,Sertã,Marmeleiro,Marmeleiro (ED244 (ED244) Km 4),50908,39.761914,-8.079426,204600.0,310399.0,dms_recuperado,182.87,66.03,103.2,13.64,Florestal,449.0,Intencional,0,1,0,0,12.77
AT317330,2017020019054.0,2017,7,25,2017-07-25,18:28:00,2017-07-25,20:20:00,2017-07-25,18:44:00,Beja,Beja,São Brissos,"IP8 (EN121) Km 66 (N121, 7800, Portugal)",20514,38.048611,-7.958611,215216.0,120368.0,dms_recuperado,127.0,0.0,0.0,127.0,Agrícola,211.0,Negligente,0,0,1,0,1.87
BL1171080,2017180038641.0,2017,7,26,2017-07-26,11:47:00,2017-07-26,13:38:00,2017-07-26,12:05:00,Viseu,Mangualde,Cunha Baixa,Abrunhosa do Mato (Turgal),180605,40.553963,-7.741383,233180.0,398419.0,dms_recuperado,1439.0,172.533,1266.467,0.0,Florestal,711.0,Reacendimento,0,1,0,0,1.85
BL217558,2017060032979.0,2017,7,26,2017-07-26,18:22:00,2017-07-28,00:26:00,2017-07-26,18:23:00,Coimbra,Penacova,Lorvão,São Mamede (Barroco do Vale Covo),61304,40.250787,-8.330574,183199.0,364699.0,dms_recuperado,293.0,283.0,10.0,0.0,Florestal,223.0,Negligente,0,1,0,0,30.07
BI117685,2017090022724.0,2017,7,27,2017-07-27,13:22:00,2017-07-28,02:59:00,2017-07-27,13:38:00,Guarda,Almeida,Miuzela,Lameira Carreira,90217,40.522222,-7.0,295922.0,395630.0,dms_recuperado,488.0,70.0,217.5,200.5,Florestal,212.0,Negligente,0,1,0,0,13.62
BI117686,2017090022741.0,2017,7,27,2017-07-27,15:31:00,2017-07-27,22:09:00,2017-07-27,15:40:00,Guarda,Figueira de Castelo Rodrigo,Reigada,Fonte de Badagonais,90413,40.787222,-6.903333,303704.0,425140.0,dms_recuperado,464.0,191.0,241.0,32.0,Florestal,610.0,Desconhecida,0,1,0,0,6.63
TM217514,2017040021745.0,2017,7,29,2017-07-29,16:17:00,2017-07-30,06:02:00,2017-07-29,16:33:00,Bragança,Torre de Moncorvo,Adeganha,NOSSA SENHORA DO CASTELO (Lameiras),40902,41.252057,-7.050471,290743.0,476436.0,dms_recuperado,670.0,150.0,520.0,0.0,Florestal,711.0,Reacendimento,1,1,0,0,13.75
TM1171084,2017170019724.0,2017,8,2,2017-08-02,14:14:00,2017-08-03,03:24:00,2017-08-02,14:22:00,Vila Real,Chaves,Oura,"Olgas (N2 45, 5425-323 Oura, Portugal)",170320,41.605556,-7.571944,246689.0,515478.0,dms_recuperado,441.0,224.0,217.0,0.0,Florestal,448.0,Intencional,0,1,0,0,13.17
BL3171282,2017010059596.0,2017,8,3,2017-08-03,16:57:00,2017-08-04,10:11:00,2017-08-03,17:05:00,Aveiro,Castelo de Paiva,Real,Amieira (Pinheiro),10606,41.021667,-8.271992,188320.0,450295.0,dms_recuperado,152.6,152.6,0.0,0.0,Florestal,413.0,Negligente,0,1,0,0,17.23
RO117916,2017140044797.0,2017,8,4,2017-08-04,16:29:00,2017-08-05,08:45:00,2017-08-04,16:34:00,Santarém,Sardoal,Sardoal,Cabeça das Mós (Casas Louras),141703,39.533156,-8.133104,200000.0,285000.0,dms_recuperado,229.37,200.0,9.37,20.0,Florestal,448.0,Intencional,0,1,0,0,16.27
BI117730,2017090023719.0,2017,8,4,2017-08-04,20:05:00,2017-08-04,23:55:00,2017-08-04,20:41:00,Guarda,Pinhel,Azevo,Azevo,91003,40.88,-7.129444,284494.0,435230.0,dms_recuperado,120.99,0.0,99.99,21.0,Florestal,125.0,Negligente,0,1,0,0,3.83
DM2172654,2017130119580.0,2017,8,6,2017-08-06,16:01:00,2017-08-07,05:01:00,2017-08-06,16:10:00,Porto,Santo Tirso,Couto (Santa Cristina),Cerejeira,131420,41.326491,-8.504742,168889.0,484206.0,dms_recuperado,105.0,71.94,33.06,0.0,Florestal,711.0,Reacendimento,1,1,0,0,13.0
BI2174023,2017050024624.0,2017,8,7,2017-08-07,21:21:00,2017-08-08,15:03:00,2017-08-07,22:00:00,Castelo Branco,Covilhã,Unhais da Serra,Pedra Figueira (Central Hidroeléctrica Pedra Figueira),50325,40.285771,-7.599568,245371.0,368701.0,dms_recuperado,914.583,280.249,621.221,13.113,Florestal,630.0,Desconhecida,0,1,0,0,17.7
RO3171101,2017150068285.0,2017,8,7,2017-08-07,12:17:00,2017-08-07,21:38:00,2017-08-07,12:40:00,Setúbal,Sesimbra,Sesimbra (Castelo),Lagoa Pequena (Bico do Passarão),151101,38.521656,-9.152476,111100.0,173200.0,dms_recuperado,247.0948,190.2,56.8948,0.0,Florestal,630.0,Desconhecida,0,1,0,0,9.35
BI117749,2017090024067.0,2017,8,7,2017-08-07,14:11:00,2017-08-07,20:24:00,2017-08-07,14:23:00,Guarda,Gouveia,Ribamondego,Quinta do Vale Tamão,90614,40.569722,-7.5775,246946.0,400421.0,dms_recuperado,188.0,0.0,188.0,0.0,Florestal,448.0,Intencional,0,1,0,0,6.22
AT217354,2017120015744.0,2017,8,7,2017-08-07,14:54:00,2017-08-07,20:17:00,2017-08-07,15:08:00,Portalegre,Elvas,Caia e São Pedro,Estrada da Ponte das Hortas (Ribeira do Ceto),120705,38.912605,-7.156975,284663.0,216557.0,dms_recuperado,119.84,0.0,0.0,119.84,Agrícola,236.0,Negligente,0,0,1,0,5.38
BL217647,2017060035202.0,2017,8,8,2017-08-08,13:49:00,2017-08-09,10:11:00,2017-08-08,13:53:00,Coimbra,Tábua,Covas,Varzea de Candosa (Quinta dos Cantos),61604,40.36389,-7.96556,214232.0,377253.0,dms_recuperado,262.0,160.0,102.0,0.0,Florestal,448.0,Intencional,0,1,0,0,20.37
RO117960,2017140045924.0,2017,8,9,2017-08-09,18:14:00,2017-08-13,11:04:00,2017-08-09,18:28:00,Santarém,Abrantes,Aldeia do Mato,Ribeira da Brunheira,140101,39.542963,-8.285498,186900.0,286099.0,dms_recuperado,4621.4364,4000.0,600.4364,21.0,Florestal,448.0,Intencional,0,1,0,0,88.83
TM1171142,2017170020720.0,2017,8,9,2017-08-09,16:27:00,2017-08-10,21:14:00,2017-08-09,16:40:00,Vila Real,Vila Real,Adoufe,Paredes (Outeiro do Cuco),171402,41.362983,-7.748585,232176.0,488262.0,dms_recuperado,560.0,200.0,360.0,0.0,Florestal,125.0,Negligente,0,1,0,0,28.78
BL3171379,2017010061371.0,2017,8,9,2017-08-09,15:49:00,2017-08-10,08:15:00,2017-08-09,16:10:00,Aveiro,Vagos,Ouca,Tabuaço,11805,40.494795,-8.639164,157099.0,391900.0,dms_recuperado,220.46,220.46,0.0,0.0,Florestal,711.0,Reacendimento,1,1,0,0,16.43
BL3171371,2017010061292.0,2017,8,9,2017-08-09,11:30:00,2017-08-09,12:28:00,2017-08-09,11:40:00,Aveiro,Vagos,Ouca,Tabuaço,11805,40.493912,-8.62936,157930.0,391797.0,dms_recuperado,127.45,127.45,0.0,0.0,Florestal,610.0,Desconhecida,0,1,0,0,0.97
BL1171219,2017180041807.0,2017,8,9,2017-08-09,21:46:00,2017-08-10,05:14:00,2017-08-09,22:10:00,Viseu,Cinfães,Ramires,Vale de Papas (Ribeiro do Enforcado),180411,41.040598,-7.991432,211914.0,452397.0,dms_recuperado,112.0,0.0,112.0,0.0,Florestal,448.0,Intencional,0,1,0,0,7.47
RO3171131,2017150069198.0,2017,8,10,2017-08-10,15:07:00,2017-08-12,09:30:00,2017-08-10,15:15:00,Setúbal,Grândola,Azinheira Dos Barros e São Mamede do Sádão,Canal Caveira (SENHORA DO VISO),150501,38.066088,-8.509823,166939.0,122204.0,dms_recuperado,2357.0,2357.0,0.0,0.0,Florestal,221.0,Negligente,0,1,0,0,42.38
BL3171398,2017010061652.0,2017,8,10,2017-08-10,12:33:00,2017-08-14,07:06:00,2017-08-10,12:40:00,Coimbra,Cantanhede,Murtede,"Cortelho (R. Santa Luzia 299, 3060 Murtede, Portugal)",60208,40.328333,-8.489722,169598.0,373538.0,dms_recuperado,1201.8,827.95,373.85,0.0,Florestal,448.0,Intencional,0,1,0,0,90.55
AT317376,2017020020519.0,2017,8,10,2017-08-10,18:11:00,2017-08-10,20:26:00,2017-08-10,18:22:00,Beja,Castro Verde,Castro Verde,Bicadas,20602,37.722222,-8.131667,200028.0,84151.0,dms_recuperado,197.7,159.7,0.0,38.0,Florestal,151.0,Negligente,0,1,0,0,2.25
BL4171971,2017100043917.0,2017,8,11,2017-08-11,19:40:00,2017-08-14,18:59:00,2017-08-11,19:51:00,Leiria,Alvaiázere,Pussos,Alqueidão - Junto Km 162.1 A13,100206,39.832603,-8.340485,182248.0,318268.0,dms_recuperado,22824.488,19610.57,1550.188,1663.73,Florestal,448.0,Intencional,0,1,0,0,71.32
BL217678,2017060035725.0,2017,8,11,2017-08-11,14:50:00,2017-08-13,19:57:00,2017-08-11,15:15:00,Coimbra,Cantanhede,Portunhos,PORTUNHOS (Alto do Vizo),60212,40.29251,-8.555324,164100.0,369400.0,dms_recuperado,2049.83,1933.4,116.43,0.0,Florestal,448.0,Intencional,0,1,0,0,53.12
BL217676,2017060035713.0,2017,8,11,2017-08-11,13:35:00,2017-08-12,02:54:00,2017-08-11,13:37:00,Coimbra,Cantanhede,Bolho,Venda Nova do Bolho (Devesas),60202,40.410576,-8.528967,166400.0,382500.0,dms_recuperado,221.74,207.0,14.74,0.0,Florestal,448.0,Intencional,0,1,0,0,13.32
BL217698,2017060035909.0,2017,8,12,2017-08-12,16:26:00,2017-08-14,20:32:00,2017-08-12,16:30:00,Coimbra,Coimbra,Torres do Mondego,Carvalhosas (ER110 (ER110) Km 17),60329,40.192152,-8.380899,178899.0,358199.0,dms_recuperado,2150.86,2150.86,0.0,0.0,Florestal,448.0,Intencional,0,1,0,0,52.1
RO1171017,2017140046595.0,2017,8,12,2017-08-12,15:58:00,2017-08-14,07:59:00,2017-08-12,16:13:00,Santarém,Tomar,Serra,Carvalhal (Ribeira da Ponte),141815,39.589761,-8.311212,184700.0,291299.0,dms_recuperado,708.1755,216.0,337.1755,155.0,Florestal,448.0,Intencional,0,1,0,0,40.02
DM2172961,2017130123005.0,2017,8,12,2017-08-12,14:42:00,2017-08-13,03:58:00,2017-08-12,14:45:00,Porto,Paredes,Sobreira,Lg. Stª Comba (Santa Comba),131020,41.115013,-8.394588,178040.0,460685.0,dms_recuperado,330.0,330.0,0.0,0.0,Florestal,6.0,Desconhecida,0,1,0,0,13.27
DM3174228,2017160025939.0,2017,8,12,2017-08-12,22:45:00,2017-08-14,02:40:00,2017-08-12,23:15:00,Viana do Castelo,Arcos de Valdevez,Cabreiro,Sobreira (Vale de Branco),160106,41.943537,-8.4217,176071.0,552713.0,dms_recuperado,148.0,30.0,118.0,0.0,Florestal,448.0,Intencional,0,1,0,0,27.92
BL1171255,2017180042331.0,2017,8,12,2017-08-12,02:02:00,2017-08-12,14:23:00,2017-08-12,02:03:00,Viseu,Cinfães,Ramires,RAMIRES (SANTA BÁRBARA),180411,41.045282,-8.005968,210691.0,452915.0,dms_recuperado,145.0,0.0,145.0,0.0,Florestal,448.0,Intencional,0,1,0,0,12.35
BL217694,2017060035888.0,2017,8,12,2017-08-12,13:49:00,2017-08-13,04:46:00,2017-08-12,13:59:00,Coimbra,Montemor-o-velho,Vila Nova da Barca,Marujal (Vala dos Baracinhos),61013,40.140696,-8.678764,153500.0,352600.0,dms_recuperado,115.352,107.0,8.352,0.0,Florestal,711.0,Reacendimento,1,1,0,0,14.95
BI2174040,2017050025136.0,2017,8,13,2017-08-13,01:27:00,2017-08-17,02:47:00,2017-08-13,01:41:00,Castelo Branco,Castelo Branco,Louriçal do Campo,Lameiros do Monte,50212,40.041665,-7.526763,251747.0,341635.0,dms_recuperado,6159.47,1195.01,4420.37,544.09,Florestal,,,0,1,0,0,97.33
BI2174047,2017050025201.0,2017,8,13,2017-08-13,18:40:00,2017-08-16,19:50:00,2017-08-13,18:40:00,Castelo Branco,Vila de Rei,Vila de Rei,Zaboeira (Zabreira),51003,39.702213,-8.223086,192282.0,303774.0,dms_recuperado,1337.75,777.6,460.57,99.58,Florestal,,,0,1,0,0,73.17
TM1171181,2017170021286.0,2017,8,13,2017-08-13,16:22:00,2017-08-14,09:00:00,2017-08-13,16:34:00,Vila Real,Chaves,Lama de Arcos,Vila Frade,170314,41.810917,-7.397053,261166.0,538203.0,dms_recuperado,439.0,87.8,219.5,131.7,Florestal,448.0,Intencional,0,1,0,0,16.63
TM1171178,2017170021255.0,2017,8,13,2017-08-13,12:59:00,2017-08-14,03:16:00,2017-08-13,13:11:00,Vila Real,Sabrosa,Parada de Pinhão,PARADA DO PINHÃO (Pioleiro),171005,41.330195,-7.614758,243395.0,484679.0,dms_recuperado,187.0,82.0,87.0,18.0,Florestal,448.0,Intencional,0,1,0,0,14.28
BL217716,2017060036055.0,2017,8,13,2017-08-13,16:28:00,2017-08-14,18:15:00,2017-08-13,16:50:00,Coimbra,Oliveira do Hospital,Aldeia das Dez,Santuário Senhora das Preces (Casal Cimeiro),61101,40.282159,-7.860311,223200.0,368199.0,dms_recuperado,146.0,9.0,137.0,0.0,Florestal,448.0,Intencional,0,1,0,0,25.78
TM217553,2017040023759.0,2017,8,13,2017-08-13,11:17:00,2017-08-13,18:22:00,2017-08-13,11:30:00,Bragança,Miranda do Douro,Palaçoulo,PALAÇOULO (Senhora da Assunção),40609,41.46236,-6.446682,340898.0,500600.0,dms_recuperado,109.6,47.5,62.1,0.0,Florestal,31.0,Intencional,0,1,0,0,7.08
TM217556,2017040023851.0,2017,8,14,2017-08-14,02:35:00,2017-08-15,03:21:00,2017-08-14,02:53:00,Bragança,Macedo de Cavaleiros,Chacim,CHACIM (Ribeiro do Amedo),40509,41.462748,-6.903879,302699.0,500000.0,dms_recuperado,1050.0,0.0,276.0,774.0,Florestal,125.0,Negligente,0,1,0,0,24.77
TM217559,2017040023943.0,2017,8,14,2017-08-14,15:46:00,2017-08-15,12:00:00,2017-08-14,16:00:00,Bragança,Torre de Moncorvo,Carviçais,CARVIÇAIS (EN220 (EN220) Km 29),40905,41.183558,-6.861692,306677.0,469042.0,dms_recuperado,973.8,76.78,875.34,21.68,Florestal,448.0,Intencional,0,1,0,0,20.23
BI117795,2017090024976.0,2017,8,14,2017-08-14,20:20:00,2017-08-15,04:00:00,2017-08-14,20:55:00,Guarda,Figueira de Castelo Rodrigo,Vilar de Amargo,Quadrelas,90416,40.965278,-7.013333,294169.0,444809.0,dms_recuperado,115.0,50.0,65.0,0.0,Florestal,125.0,Negligente,0,1,0,0,7.67
TM1171205,2017170021591.0,2017,8,15,2017-08-15,14:48:00,2017-08-17,20:52:00,2017-08-15,15:00:00,Vila Real,Ribeira de Pena,Cerva,Mata Loba (Pé Branco),170903,41.502353,-7.892268,220111.0,503698.0,dms_recuperado,510.5,500.5,10.0,0.0,Florestal,448.0,Intencional,0,1,0,0,54.07
BI117804,2017090025135.0,2017,8,15,2017-08-15,23:14:00,2017-08-16,04:22:00,2017-08-15,23:53:00,Guarda,Figueira de Castelo Rodrigo,Colmeal,Quinta da Moreirola,90405,40.831389,-7.082778,288492.0,429876.0,dms_recuperado,122.0,102.0,20.0,0.0,Florestal,4.0,Intencional,0,1,0,0,5.13
RO2171838,2017110148974.0,2017,8,15,2017-08-15,14:08:00,2017-08-16,00:30:00,2017-08-15,14:25:00,Lisboa,Vila Franca de Xira,Calhandriz,A-dos-Melros - EN 10-6 (Casal do Félix),111404,38.92722,-9.05944,119670.0,218137.0,dms_recuperado,100.0,0.0,100.0,0.0,Florestal,417.0,Intencional,0,1,0,0,10.37
TM1171217,2017170021738.0,2017,8,16,2017-08-16,17:04:00,2017-08-17,20:50:00,2017-08-16,17:16:00,Vila Real,Valpaços,Possacos,POSSACOS/AGASALHO (ER206 (ER206) Km 167),171216,41.61085,-7.257732,272969.0,516090.0,dms_recuperado,159.0,70.0,60.0,29.0,Florestal,448.0,Intencional,0,1,0,0,27.77
TM1171232,2017170021832.0,2017,8,17,2017-08-17,12:43:00,2017-08-18,01:44:00,2017-08-17,13:00:00,Vila Real,Boticas,Ardãos,"Fragas da Sezeda (R. Laborada 11, 5460, Portugal)",170202,41.774444,-7.59,245057.0,534214.0,dms_recuperado,494.0,93.0,394.0,7.0,Florestal,125.0,Negligente,0,1,0,0,13.02
BL1171328,2017180043566.0,2017,8,17,2017-08-17,03:00:00,2017-08-18,05:43:00,2017-08-17,03:02:00,Viseu,Resende,São Martinho de Mouros,Vila Verde,181314,41.11134,-7.881123,221167.0,460274.0,dms_recuperado,468.0,22.0,446.0,0.0,Florestal,448.0,Intencional,0,1,0,0,26.72
BI117813,2017090025385.0,2017,8,17,2017-08-17,21:08:00,2017-08-18,09:13:00,2017-08-17,21:27:00,Guarda,Vila Nova de Foz Côa,Almendra,Fumo,91401,40.995556,-7.084167,288173.0,448089.0,dms_recuperado,327.0,0.0,325.0,2.0,Florestal,125.0,Negligente,0,1,0,0,12.08
BL3171578,2017010063829.0,2017,8,17,2017-08-17,13:52:00,2017-08-17,23:19:00,2017-08-17,14:02:00,Aveiro,Aveiro,Eirol,"Vale da Lagoa - Eirol, Portugal)",10503,40.609722,-8.535833,165804.0,404796.0,dms_recuperado,116.476,116.476,0.0,0.0,Florestal,4.0,Intencional,0,1,0,0,9.45
BI117819,2017090025488.0,2017,8,18,2017-08-18,16:39:00,2017-08-19,01:52:00,2017-08-18,16:50:00,Guarda,Gouveia,Rio Torto,Mina do Bouco,90615,40.518333,-7.641667,241550.0,394689.0,dms_recuperado,260.0,112.0,138.0,10.0,Florestal,448.0,Intencional,0,1,0,0,9.22
BI2174080,2017050025759.0,2017,8,19,2017-08-19,15:18:00,2017-08-23,07:45:00,2017-08-19,15:20:00,Castelo Branco,Covilhã,Covilhã (São Martinho),Barrigais (ED230 (ED230) Km 0),50319,40.257737,-7.514523,252625.0,365635.0,dms_recuperado,3212.56,1187.91,1935.77,88.88,Florestal,610.0,Desconhecida,0,1,0,0,88.45
TM1171254,2017170022135.0,2017,8,19,2017-08-19,16:55:00,2017-08-20,22:06:00,2017-08-19,17:08:00,Vila Real,Ribeira de Pena,Ribeira de Pena (Salvador),Vilarinho (Ponte Louredo),170905,41.49196,-7.840815,224411.0,502557.0,dms_recuperado,443.5,443.5,0.0,0.0,Florestal,448.0,Intencional,0,1,0,0,29.18
BL1171368,2017180044273.0,2017,8,20,2017-08-20,09:01:00,2017-08-22,04:00:00,2017-08-20,09:20:00,Viseu,Resende,Panchorra,Talhada (Senhora da Visitação),181309,41.03231,-7.952035,215229.0,451483.0,dms_recuperado,750.0,0.0,750.0,0.0,Florestal,448.0,Intencional,0,1,0,0,42.98
BL1171372,2017180044329.0,2017,8,20,2017-08-20,13:26:00,2017-08-21,17:15:00,2017-08-20,13:50:00,Viseu,Cinfães,Cinfães,Sanguinhedo,180403,41.051504,-8.091499,203500.0,453599.0,dms_recuperado,527.0,0.0,527.0,0.0,Florestal,125.0,Negligente,0,1,0,0,27.82
DM4171840,2017030062420.0,2017,8,20,2017-08-20,09:20:00,2017-08-21,12:49:00,2017-08-20,09:30:00,Braga,Cabeceiras de Basto,Rio Douro,"Tapada (EM519-1, 4860, Portugal)",30415,41.533889,-7.951389,215070.0,507382.0,dms_recuperado,354.0,304.0,50.0,0.0,Florestal,711.0,Reacendimento,1,1,0,0,27.48
BL4172072,2017100045822.0,2017,8,20,2017-08-20,16:50:00,2017-08-22,21:00:00,2017-08-20,17:02:00,Leiria,Porto de Mós,Alvados,PNSAC - Barrenta (Barrenta),101603,39.578336,-8.752299,146800.0,290199.0,dms_recuperado,317.35,4.03,313.32,0.0,Florestal,610.0,Desconhecida,0,1,0,0,52.17
BI117827,2017090025741.0,2017,8,20,2017-08-20,18:46:00,2017-08-20,22:45:00,2017-08-20,18:58:00,Guarda,Vila Nova de Foz Côa,Almendra,Tapada do Padre,91401,40.984444,-7.1025,286627.0,446851.0,dms_recuperado,259.0,0.0,240.0,19.0,Florestal,4.0,Intencional,0,1,0,0,3.98
DM4171866,2017030062565.0,2017,8,20,2017-08-20,18:49:00,2017-08-21,09:45:00,2017-08-20,19:00:00,Braga,Celorico de Basto,Corgo,Ladario (Caleiro),30509,41.44581,-7.988685,212071.0,497400.0,dms_recuperado,224.0,82.0,142.0,0.0,Florestal,37.0,Intencional,0,1,0,0,14.93
DM2173419,2017130127689.0,2017,8,20,2017-08-20,14:50:00,2017-08-21,19:00:00,2017-08-20,15:00:00,Porto,Baião,Tresouras,Lg. Vale Figueira (Quinta da Bouça),130218,41.146225,-7.904668,219179.0,464143.0,dms_recuperado,164.0,0.0,164.0,0.0,Florestal,311.0,Intencional,0,1,0,0,28.17
DM3174322,2017160026972.0,2017,8,21,2017-08-21,00:52:00,2017-08-22,13:00:00,2017-08-21,01:30:00,Viana do Castelo,Melgaço,Paços,Campo do Souto (Telheira),160310,42.1149,-8.218042,192979.0,571710.0,dms_recuperado,462.0,64.0,398.0,0.0,Florestal,711.0,Reacendimento,1,1,0,0,36.13
BI117837,2017090025878.0,2017,8,21,2017-08-21,19:40:00,2017-08-22,07:49:00,2017-08-21,19:50:00,Guarda,Vila Nova de Foz Côa,Almendra,Tapada do Padre,91401,40.982222,-7.099444,286894.0,446598.0,dms_recuperado,377.58,0.0,352.58,25.0,Florestal,4.0,Intencional,0,1,0,0,12.15
BI117838,2017090025881.0,2017,8,21,2017-08-21,19:52:00,2017-08-22,13:46:00,2017-08-21,20:05:00,Guarda,Pinhel,Cidadelhe,Cochinho,91007,40.884167,-7.124167,284945.0,435670.0,dms_recuperado,246.06,0.0,73.82,172.24,Florestal,125.0,Negligente,0,1,0,0,17.9
DM4171887,2017030062693.0,2017,8,21,2017-08-21,08:44:00,2017-08-22,18:18:00,2017-08-21,09:00:00,Braga,Cabeceiras de Basto,Cavez,Moimenta (Chamardeira),30407,41.509717,-7.904027,219127.0,504513.0,dms_recuperado,189.0,27.0,152.0,10.0,Florestal,448.0,Intencional,0,1,0,0,33.57
DM4171889,2017030062732.0,2017,8,21,2017-08-21,10:53:00,2017-08-22,19:40:00,2017-08-21,11:00:00,Braga,Terras de Bouro,Rio Caldo,Seara-PNPG (EN304 (EN304) Km 74),31013,41.684424,-8.201416,194315.0,523895.0,dms_recuperado,115.0,40.0,75.0,0.0,Florestal,44.0,Intencional,0,1,0,0,32.78
BL1171393,2017180044564.0,2017,8,21,2017-08-21,14:03:00,2017-08-22,07:59:00,2017-08-21,14:05:00,Viseu,São Pedro do Sul,Manhouce,MANHOUCE (Quinta da Barreira),181607,40.831278,-8.222478,192463.0,429146.0,dms_recuperado,110.0,90.0,20.0,0.0,Florestal,449.0,Intencional,0,1,0,0,17.93
BI117841,2017090025895.0,2017,8,21,2017-08-21,22:34:00,2017-08-22,07:30:00,2017-08-21,22:43:00,Guarda,Pinhel,Cidadelhe,Quinta do Canto,91007,40.897778,-7.132778,284205.0,437198.0,dms_recuperado,109.0,11.0,77.0,21.0,Florestal,125.0,Negligente,0,1,0,0,8.93
TM1171285,2017170022525.0,2017,8,22,2017-08-22,15:07:00,2017-08-24,00:00:00,2017-08-22,15:15:00,Vila Real,Sabrosa,Paços,VILELA (Varzea),171007,41.218227,-7.609223,243934.0,472246.0,dms_recuperado,340.0,70.0,270.0,0.0,Florestal,448.0,Intencional,0,1,0,0,32.88
BL1171417,2017180044928.0,2017,8,22,2017-08-22,21:57:00,2017-08-23,04:15:00,2017-08-22,22:30:00,Viseu,Cinfães,Santiago de Piães,Sanfins (Soalheira),180412,41.052408,-8.161679,197599.0,453699.0,dms_recuperado,111.06,53.36,57.7,0.0,Florestal,448.0,Intencional,0,1,0,0,6.3
BI2174094,2017050026111.0,2017,8,23,2017-08-23,13:18:00,2017-08-27,09:56:00,2017-08-23,13:24:00,Castelo Branco,Oleiros,Cambas,Selada das Pedras (ER112 (ER112) Km 39),50603,40.017955,-7.861843,223158.0,338862.0,dms_recuperado,4361.16,3781.46,482.82,96.88,Florestal,60.0,Desconhecida,0,1,0,0,92.63
BI117852,2017090026098.0,2017,8,23,2017-08-23,13:44:00,2017-08-25,20:15:00,2017-08-23,13:51:00,Guarda,Guarda,Fernão Joanes,"EN 18.1, KM 8.72",90718,40.471389,-7.345556,266684.0,389661.0,dms_recuperado,2936.0,400.0,2436.0,100.0,Florestal,223.0,Negligente,0,1,0,0,54.52
BI117853,2017090026105.0,2017,8,23,2017-08-23,14:31:00,2017-08-24,11:01:00,2017-08-23,14:40:00,Guarda,Celorico da Beira,Lajeosa do Mondego,Bairro do Alto da Levada,90307,40.623889,-7.338611,267123.0,406584.0,dms_recuperado,958.4,189.65,474.0,294.75,Florestal,142.0,Negligente,0,1,0,0,20.5
BI2174095,2017050026123.0,2017,8,23,2017-08-23,15:14:00,2017-08-24,21:05:00,2017-08-23,15:23:00,Castelo Branco,Sertã,Várzea Dos Cavaleiros,Mosteiro de São Tiago (Ribeiro da Portela),50914,39.824929,-8.032656,208600.0,317399.0,dms_recuperado,267.646,190.866,64.703,12.077,Florestal,449.0,Intencional,0,1,0,0,29.85
BL1171424,2017180045087.0,2017,8,23,2017-08-23,14:38:00,2017-08-23,20:41:00,2017-08-23,14:55:00,Viseu,Lamego,Lazarim,Perafita (Parafita),180511,41.028035,-7.867488,222340.0,451026.0,dms_recuperado,110.0,1.0,109.0,0.0,Florestal,225.0,Negligente,0,1,0,0,6.05
BI2174100,2017050026176.0,2017,8,24,2017-08-24,00:53:00,2017-08-27,09:57:00,2017-08-24,00:53:00,Castelo Branco,Oleiros,Estreito,Poeiros,50604,39.922524,-7.754124,232399.0,328299.0,dms_recuperado,1015.17,923.52,72.11,19.54,Florestal,236.0,Negligente,0,1,0,0,81.07
BI117866,2017090026371.0,2017,8,25,2017-08-25,21:28:00,2017-08-26,04:53:00,2017-08-25,21:40:00,Guarda,Pinhel,Bogalhal,Canto das Hortinhas,91004,40.805278,-7.109444,286282.0,426932.0,dms_recuperado,1197.85,278.26,562.58,357.01,Florestal,125.0,Negligente,0,1,0,0,7.42
BI117864,2017090026332.0,2017,8,25,2017-08-25,15:29:00,2017-08-26,04:18:00,2017-08-25,15:40:00,Guarda,Figueira de Castelo Rodrigo,Cinco Vilas,Azenha da Lacerda,90404,40.781667,-6.983056,296989.0,424461.0,dms_recuperado,307.875,171.381,136.494,0.0,Florestal,630.0,Desconhecida,0,1,0,0,12.82
TM217640,2017040025862.0,2017,8,26,2017-08-26,17:36:00,2017-08-29,12:49:00,2017-08-26,17:45:00,Bragança,Freixo de Espada À Cinta,Poiares,POIARES -PNDI (Fonte de Cal),40406,41.043833,-6.863323,306766.0,453522.0,dms_recuperado,4766.65,0.0,3881.46,885.19,Florestal,448.0,Intencional,0,1,0,0,67.22
TM217639,2017040025855.0,2017,8,26,2017-08-26,17:09:00,2017-08-27,05:20:00,2017-08-26,17:18:00,Bragança,Freixo de Espada À Cinta,Ligares,LIGARES (Vale de Corvos),40404,41.052203,-6.95131,299356.0,454348.0,dms_recuperado,1454.79,0.0,1436.525,18.265,Florestal,448.0,Intencional,0,1,0,0,12.18
BI117875,2017090026482.0,2017,8,26,2017-08-26,20:02:00,2017-08-28,03:17:00,2017-08-26,21:30:00,Guarda,Vila Nova de Foz Côa,Almendra,Seixo,91401,40.982778,-7.018056,293732.0,446746.0,dms_recuperado,720.55,0.0,490.0,230.55,Florestal,4.0,Intencional,0,1,0,0,31.25
BI117880,2017090026502.0,2017,8,26,2017-08-26,23:15:00,2017-08-28,02:59:00,2017-08-26,23:21:00,Guarda,Celorico da Beira,Forno Telheiro,Quinta das Aramadas,90306,40.694722,-7.395556,262248.0,414431.0,dms_recuperado,668.46,127.02,401.07,140.37,Florestal,125.0,Negligente,0,1,0,0,27.73
TM217644,2017040025880.0,2017,8,26,2017-08-26,20:03:00,2017-08-28,02:31:00,2017-08-26,20:15:00,Bragança,Miranda do Douro,Picote,PICOTE PNDI (Ponte da Ribeira),40611,41.402752,-6.374088,347097.0,494100.0,dms_recuperado,393.04,82.0,311.04,0.0,Florestal,630.0,Desconhecida,0,1,0,0,30.47
BI117878,2017090026496.0,2017,8,26,2017-08-26,21:53:00,2017-08-27,04:29:00,2017-08-26,22:30:00,Guarda,Figueira de Castelo Rodrigo,Vilar de Amargo,Salgueiros/Palainha,90416,40.954167,-7.025278,293175.0,443558.0,dms_recuperado,118.0,4.5,113.0,0.5,Florestal,125.0,Negligente,0,1,0,0,6.6
BI117872,2017090026428.0,2017,8,26,2017-08-26,13:26:00,2017-08-26,18:52:00,2017-08-26,13:38:00,Guarda,Vila Nova de Foz Côa,Numão,Vale da Enfroia,91411,41.110833,-7.277222,271792.0,460720.0,dms_recuperado,110.0,30.0,65.0,15.0,Florestal,125.0,Negligente,0,1,0,0,5.43
BL1171476,2017180045953.0,2017,8,27,2017-08-27,10:02:00,2017-08-27,10:36:00,2017-08-27,10:14:00,Viseu,Sernancelhe,Sarzeda,Seixo,181815,40.9432,-7.443176,258099.0,441799.0,dms_recuperado,1117.34,50.59,1066.75,0.0,Florestal,448.0,Intencional,0,1,0,0,0.57
BI117881,2017090026549.0,2017,8,27,2017-08-27,12:00:00,2017-08-28,18:58:00,2017-08-27,12:18:00,Guarda,Figueira de Castelo Rodrigo,Almofala,Cabeço de Milreiro,90402,40.879444,-6.838056,309072.0,435487.0,dms_recuperado,675.28,132.0,300.0,243.28,Florestal,125.0,Negligente,0,1,0,0,30.97
BI117885,2017090026564.0,2017,8,27,2017-08-27,14:08:00,2017-08-28,01:01:00,2017-08-27,14:17:00,Guarda,Guarda,Seixo Amarelo,Quinta do Indio,90743,40.432778,-7.350556,266312.0,385352.0,dms_recuperado,303.0,50.0,253.0,0.0,Florestal,143.0,Negligente,0,1,0,0,10.88
DM2173824,2017130134308.0,2017,9,2,2017-09-02,04:40:00,2017-09-03,09:00:00,2017-09-02,04:50:00,Porto,Penafiel,Rio Mau,Lug. Serra (Estirada),131138,41.067653,-8.367978,180261.0,455419.0,dms_recuperado,607.0,23.0,584.0,0.0,Florestal,6.0,Desconhecida,0,1,0,0,28.33
BI2174121,2017050027056.0,2017,9,3,2017-09-03,16:47:00,2017-09-04,19:04:00,2017-09-03,16:49:00,Castelo Branco,Covilhã,Erada,Abuceira,50310,40.22056,-7.67389,239088.0,361425.0,dms_recuperado,871.7778,550.4082,282.0122,39.3573,Florestal,449.0,Intencional,0,1,0,0,26.28
BI117916,2017090027278.0,2017,9,3,2017-09-03,18:32:00,2017-09-04,12:15:00,2017-09-03,18:45:00,Guarda,Figueira de Castelo Rodrigo,Cinco Vilas,Vale Fundo,90404,40.758611,-6.964167,298621.0,421896.0,dms_recuperado,604.0,206.0,398.0,0.0,Florestal,125.0,Negligente,0,1,0,0,17.72
BI2174134,2017050027233.0,2017,9,5,2017-09-05,15:45:00,2017-09-06,03:58:00,2017-09-05,15:50:00,Castelo Branco,Covilhã,Paul,Fundo da Várzea,50314,40.184623,-7.631637,242708.0,357454.0,dms_recuperado,2566.92,1728.1072,484.6029,354.2099,Florestal,236.0,Negligente,0,1,0,0,12.22
TM217674,2017040027137.0,2017,9,6,2017-09-06,21:33:00,2017-09-07,08:44:00,2017-09-06,22:15:00,Bragança,Macedo de Cavaleiros,Talhas,TALHAS (Avela),40530,41.505437,-6.676015,321656.0,505036.0,dms_recuperado,102.32,22.88,79.44,0.0,Florestal,125.0,Negligente,0,1,0,0,11.18
TM217675,2017040027155.0,2017,9,7,2017-09-07,01:12:00,2017-09-07,08:28:00,2017-09-07,01:24:00,Bragança,Torre de Moncorvo,Adeganha,Nozelos,40902,41.297727,-7.058603,289999.0,481499.0,dms_recuperado,116.9,0.0,116.9,0.0,Florestal,448.0,Intencional,0,1,0,0,7.27
BI2174147,2017050027511.0,2017,9,8,2017-09-08,17:35:00,2017-09-11,01:00:00,2017-09-08,17:42:00,Castelo Branco,Sertã,Pedrógão Pequeno,Carvalhal (Vale do Rei),50911,39.881416,-8.126174,200593.0,323667.0,dms_recuperado,3878.228,2772.735,823.642,281.851,Florestal,211.0,Negligente,0,1,0,0,55.42
BL1171548,2017180048707.0,2017,9,9,2017-09-09,14:45:00,2017-09-10,04:52:00,2017-09-09,14:58:00,Viseu,Sernancelhe,Macieira,MACIEIRA (Fraga do Marco),181812,40.969008,-7.48304,254721.0,444640.0,dms_recuperado,246.0,14.49,231.51,0.0,Florestal,448.0,Intencional,0,1,0,0,14.12
TM217690,2017040027718.0,2017,9,11,2017-09-11,15:07:00,2017-09-11,21:15:00,2017-09-11,15:29:00,Bragança,Bragança,Outeiro,Paradinha,40226,41.69377,-6.576382,329598.0,526100.0,dms_recuperado,212.6,35.05,173.5,4.05,Florestal,60.0,Desconhecida,0,1,0,0,6.13
BL1171581,2017180050131.0,2017,9,16,2017-09-16,12:26:00,2017-09-16,23:06:00,2017-09-16,12:44:00,Viseu,Sernancelhe,Macieira,MACIEIRA (SANTA BÁRBARA PRIMEIRO),181812,40.989355,-7.4831,254699.0,446899.0,dms_recuperado,235.0,0.0,235.0,0.0,Florestal,125.0,Negligente,0,1,0,0,10.67
AG117658,2017080040441.0,2017,9,16,2017-09-16,16:09:00,2017-09-17,02:38:00,2017-09-16,16:19:00,Faro,Loulé,Almancil,"Casas Velhas (EM540, 8135, Portugal)",80801,37.058056,-8.001111,211622.0,10420.0,dms_recuperado,100.14,89.919,3.837,6.384,Florestal,227.0,Negligente,0,1,0,0,10.48
RO1171337,2017140055515.0,2017,9,23,2017-09-23,15:18:00,2017-09-24,18:30:00,2017-09-23,15:30:00,Santarém,Mação,Aboboreira,Vale da Amendoa,141301,39.607158,-8.029602,208888.0,293221.0,dms_recuperado,558.5897,400.0,158.5897,0.0,Florestal,448.0,Intencional,0,1,0,0,27.2
BI117969,2017090029162.0,2017,9,23,2017-09-23,18:04:00,2017-09-23,23:42:00,2017-09-23,18:16:00,Guarda,Vila Nova de Foz Côa,Vila Nova de Foz Côa,Pocinho,91417,41.128889,-7.122222,284789.0,462857.0,dms_recuperado,120.0,8.0,94.0,18.0,Florestal,630.0,Desconhecida,0,1,0,0,5.63
TM217730,2017040029147.0,2017,9,24,2017-09-24,12:29:00,2017-09-25,02:01:00,2017-09-24,12:45:00,Bragança,Macedo de Cavaleiros,Castelãos,Castelãos (Vale de Infestas),40508,41.513503,-6.929258,300500.0,505607.0,dms_recuperado,652.73,652.73,0.0,0.0,Florestal,412.0,Negligente,0,1,0,0,13.53
BL1171704,2017180053755.0,2017,10,3,2017-10-03,23:49:00,2017-10-04,10:27:00,2017-10-04,00:20:00,Viseu,Cinfães,Tendais,Cimo de Vila (Macieira),180416,41.00472,-8.050555,206947.0,448406.0,dms_recuperado,131.0,0.0,131.0,0.0,Florestal,448.0,Intencional,0,1,0,0,10.63
BL1171713,2017180053899.0,2017,10,4,2017-10-04,15:19:00,2017-10-04,19:41:00,2017-10-04,15:30:00,Viseu,Cinfães,Tendais,Macieira,180416,41.001962,-8.05706,206400.0,448099.0,dms_recuperado,126.0,0.0,126.0,0.0,Florestal,711.0,Reacendimento,1,1,0,0,4.37
BL1171725,2017180054022.0,2017,10,5,2017-10-05,09:23:00,2017-10-06,07:24:00,2017-10-05,09:40:00,Viseu,Castro Daire,Almofala,ALMOFALA (Corgo do Altar),180301,40.941935,-7.783812,229415.0,441489.0,dms_recuperado,417.0,0.0,417.0,0.0,Florestal,448.0,Intencional,0,1,0,0,22.02
BI1171010,2017090030448.0,2017,10,5,2017-10-05,20:40:00,2017-10-06,03:22:00,2017-10-05,21:10:00,Guarda,Vila Nova de Foz Côa,Vila Nova de Foz Côa,Lugar da Chã,91417,41.114167,-7.098056,286832.0,461258.0,dms_recuperado,142.0,3.0,139.0,0.0,Florestal,311.0,Intencional,0,1,0,0,6.7
TM1171581,2017170027162.0,2017,10,5,2017-10-05,14:50:00,2017-10-05,20:12:00,2017-10-05,15:40:00,Vila Real,Montalegre,Viade de Baixo,Negrões (Alto da Fragoseira),170634,41.723106,-7.835344,224779.0,528231.0,dms_recuperado,116.0,0.0,116.0,0.0,Florestal,125.0,Negligente,0,1,0,0,5.37
BL217986,2017060044928.0,2017,10,6,2017-10-06,23:21:00,2017-10-11,17:58:00,2017-10-06,23:30:00,Coimbra,Pampilhosa da Serra,Fajão,Castanheira,61203,40.187665,-7.890045,220699.0,357699.0,dms_recuperado,7455.5,6889.0,566.5,0.0,Florestal,417.0,Intencional,0,1,0,0,114.62
BL4172292,2017100054724.0,2017,10,6,2017-10-06,14:14:00,2017-10-07,17:19:00,2017-10-06,14:25:00,Leiria,Pombal,Abiul,Vale Cabritos -Casais Novos,101501,39.835833,-8.516667,167062.0,318857.0,dms_recuperado,1354.0,1354.0,0.0,0.0,Florestal,448.0,Intencional,0,1,0,0,27.08
DM4172273,2017030074923.0,2017,10,6,2017-10-06,11:38:00,2017-10-06,19:23:00,2017-10-06,11:50:00,Braga,Cabeceiras de Basto,Cabeceiras de Basto,"Selhariz (EM1709, 4860, Portugal)",30406,41.543611,-8.040833,207603.0,508430.0,dms_recuperado,139.0,0.0,139.0,0.0,Florestal,31.0,Intencional,0,1,0,0,7.75
TM1171603,2017170027317.0,2017,10,7,2017-10-07,01:30:00,2017-10-08,21:01:00,2017-10-07,02:50:00,Vila Real,Ribeira de Pena,Alvadia,ALVADIA (Coutada),170901,41.438512,-7.765541,230722.0,496644.0,dms_recuperado,1874.0,14.1,1859.9,0.0,Florestal,125.0,Negligente,0,1,0,0,43.52
BL1171770,2017180054526.0,2017,10,7,2017-10-07,15:22:00,2017-10-13,19:35:00,2017-10-07,15:40:00,Viseu,Vila Nova de Paiva,Fráguas,QUINTA DA LAPA E.N.225,182202,40.836111,-7.768889,230617.0,429938.0,dms_recuperado,934.0,238.0,696.0,0.0,Florestal,448.0,Intencional,0,1,0,0,148.22
BL1171766,2017180054502.0,2017,10,7,2017-10-07,13:45:00,2017-10-09,18:00:00,2017-10-07,13:48:00,Viseu,Castro Daire,Mezio,MEZIO (MÉZIO),180311,40.985528,-7.891906,220300.0,446299.0,dms_recuperado,824.0,0.0,824.0,0.0,Florestal,125.0,Negligente,0,1,0,0,52.25
BL1171767,2017180054507.0,2017,10,7,2017-10-07,14:14:00,2017-10-09,05:20:00,2017-10-07,14:26:00,Viseu,Mortágua,Espinho,Carvalhal/FALGAROSO (Eiras),180804,40.458867,-8.298175,186000.0,387799.0,dms_recuperado,774.0,774.0,0.0,0.0,Florestal,448.0,Intencional,0,1,0,0,39.1
BI1171016,2017090030572.0,2017,10,7,2017-10-07,00:20:00,2017-10-07,11:19:00,2017-10-07,00:35:00,Guarda,Sabugal,Sortelha,Cruz de João Pinto,91133,40.3575,-7.168611,281832.0,377166.0,dms_recuperado,392.0,37.0,330.0,25.0,Florestal,448.0,Intencional,0,1,0,0,10.98
DM4172297,2017030075238.0,2017,10,7,2017-10-07,09:29:00,2017-10-08,21:48:00,2017-10-07,09:50:00,Braga,Terras de Bouro,Covide,Touro (Pontelha),31008,41.708803,-8.208305,193744.0,526602.0,dms_recuperado,340.0,20.0,320.0,0.0,Florestal,44.0,Intencional,0,1,0,0,36.32
DM2174598,2017130153476.0,2017,10,7,2017-10-07,11:59:00,2017-10-08,03:06:00,2017-10-07,12:10:00,Porto,Marco de Canaveses,Penha Longa,Lg. Cardia (PENHA LONGA),130715,41.108235,-8.160514,197700.0,459899.0,dms_recuperado,214.0,0.0,214.0,0.0,Florestal,711.0,Reacendimento,1,1,0,0,15.12
DM2174594,2017130153451.0,2017,10,7,2017-10-07,11:06:00,2017-10-08,00:00:00,2017-10-07,11:15:00,Porto,Valongo,Valongo,Santa Justa (Alto da Passagem),131505,41.179865,-8.50266,168994.0,467921.0,dms_recuperado,157.0,0.0,157.0,0.0,Florestal,610.0,Desconhecida,0,1,0,0,12.9
BL4172300,2017100054943.0,2017,10,7,2017-10-07,15:42:00,2017-10-08,22:30:00,2017-10-07,15:50:00,Leiria,Alvaiázere,Almoster,rua de S. Tiago - Casal Mouco,100201,39.859728,-8.424102,175100.0,321300.0,dms_recuperado,131.0,131.0,0.0,0.0,Florestal,448.0,Intencional,0,1,0,0,30.8
DM4172327,2017030075447.0,2017,10,7,2017-10-07,23:29:00,2017-10-08,02:45:00,2017-10-07,23:40:00,Braga,Fafe,Moreira do Rei,"Pouso (N311 204, 4820 Moreira do Rei, Portugal)",30718,41.493611,-8.095556,203030.0,502886.0,dms_recuperado,119.0,5.0,114.0,0.0,Florestal,448.0,Intencional,0,1,0,0,3.27
BL1171772,2017180054533.0,2017,10,7,2017-10-07,15:39:00,2017-10-08,22:05:00,2017-10-07,15:39:00,Viseu,Sernancelhe,Quintela,Lapa (Arco),181814,40.864852,-7.602105,244769.0,433005.0,dms_recuperado,110.0,62.64,47.36,0.0,Florestal,448.0,Intencional,0,1,0,0,30.43
RO1171433,2017140058754.0,2017,10,8,2017-10-08,17:08:00,2017-10-09,19:15:00,2017-10-08,17:09:00,Santarém,Ourém,Freixianda,Amenta (Vale das Quebradas),142108,39.817007,-8.484162,169942.0,316574.0,dms_recuperado,1006.0,980.0,10.0,16.0,Florestal,,,0,1,0,0,26.12
TM1171621,2017170027461.0,2017,10,8,2017-10-08,08:40:00,2017-10-09,11:15:00,2017-10-08,09:50:00,Vila Real,Boticas,Cerdedo,"Pedra do Sono (Unnamed Road, 5460, Portugal)",170206,41.690278,-7.853056,223215.0,524761.0,dms_recuperado,690.0,210.0,480.0,0.0,Florestal,125.0,Negligente,0,1,0,0,26.58
BL1171789,2017180054721.0,2017,10,8,2017-10-08,18:30:00,2017-10-11,15:56:00,2017-10-08,18:35:00,Viseu,Castro Daire,Ermida,Carvalhosa,180306,40.964937,-7.958505,214699.0,443999.0,dms_recuperado,619.0,0.0,619.0,0.0,Florestal,448.0,Intencional,0,1,0,0,69.43
TM217786,2017040030733.0,2017,10,8,2017-10-08,02:00:00,2017-10-08,15:40:00,2017-10-08,02:25:00,Bragança,Bragança,Quintela de Lampaças,Veigas Quintela de Lampaças (Veigas),40233,41.622438,-6.889002,303686.0,517754.0,dms_recuperado,479.79,31.14,448.65,0.0,Florestal,60.0,Desconhecida,0,1,0,0,13.67
DM4172329,2017030075483.0,2017,10,8,2017-10-08,03:15:00,2017-10-08,04:01:00,2017-10-08,03:20:00,Braga,Fafe,São Gens,"Longras (R. da Capela, 4820 São Gens, Portugal)",30728,41.460556,-8.109167,201891.0,499221.0,dms_recuperado,335.0,253.0,82.0,0.0,Florestal,448.0,Intencional,0,1,0,0,0.77
BL1171785,2017180054693.0,2017,10,8,2017-10-08,16:12:00,2017-10-09,17:19:00,2017-10-08,16:28:00,Viseu,São Pedro do Sul,Vila Maior,VILA MAIOR (Torre),181619,40.784935,-8.038349,207999.0,424000.0,dms_recuperado,160.0,123.0,37.0,0.0,Florestal,448.0,Intencional,0,1,0,0,25.12
DM4172349,2017030075686.0,2017,10,8,2017-10-08,17:56:00,2017-10-09,14:23:00,2017-10-08,18:00:00,Braga,Celorico de Basto,Codeçoso,Meia via (EN210 (EN210) Km 31),30508,41.320972,-8.028162,208789.0,483531.0,dms_recuperado,122.0,67.0,55.0,0.0,Florestal,448.0,Intencional,0,1,0,0,20.45
DM4172341,2017030075640.0,2017,10,8,2017-10-08,14:59:00,2017-10-08,22:45:00,2017-10-08,15:15:00,Braga,Celorico de Basto,Arnoia,"Salmães (EM1748-1, 4890, Portugal)",30502,41.360833,-8.030833,208458.0,488153.0,dms_recuperado,103.0,83.0,20.0,0.0,Florestal,448.0,Intencional,0,1,0,0,7.77
BL1171812,2017180054889.0,2017,10,9,2017-10-09,15:08:00,2017-10-12,20:20:00,2017-10-09,16:00:00,Viseu,Castro Daire,Cabril,Vitoreira (Portela),180303,40.938953,-8.116504,201400.0,441100.0,dms_recuperado,438.0,193.35,244.65,0.0,Florestal,448.0,Intencional,0,1,0,0,77.2
DM2174777,2017130154600.0,2017,10,9,2017-10-09,10:32:00,2017-10-09,10:55:00,,,Porto,Amarante,Bustelo,BUSTELO (Alto da Armada),130105,41.236932,-8.006694,210600.0,474199.0,dms_recuperado,300.62,60.0,230.62,10.0,Florestal,711.0,Reacendimento,1,1,0,0,0.38
DM3174682,2017160032077.0,2017,10,9,2017-10-09,23:14:00,2017-10-10,09:25:00,2017-10-09,23:58:00,Viana do Castelo,Arcos de Valdevez,Rio Frio,Vila Franca,160130,41.868358,-8.491813,170222.0,544384.0,dms_recuperado,170.0,60.0,110.0,0.0,Florestal,125.0,Negligente,0,1,0,0,10.18
BL1171810,2017180054886.0,2017,10,9,2017-10-09,14:57:00,2017-10-10,10:59:00,2017-10-09,15:10:00,Viseu,Nelas,Lapa do Lobo,Lapa do Lobo (Carriceiras),180908,40.474108,-7.904248,219408.0,389504.0,dms_recuperado,155.03,15.2319,139.7981,0.0,Florestal,448.0,Intencional,0,1,0,0,20.03
BL1171819,2017180054958.0,2017,10,9,2017-10-09,20:45:00,2017-10-10,09:30:00,2017-10-09,21:13:00,Viseu,Oliveira de Frades,São João da Serra,CASA FLORESTAL DA SERNADINHA,181008,40.768056,-8.260833,189114.0,422331.0,dms_recuperado,127.0,119.0,8.0,0.0,Florestal,449.0,Intencional,0,1,0,0,12.75
TM1171675,2017170027819.0,2017,10,11,2017-10-11,15:30:00,2017-10-12,19:31:00,2017-10-11,16:00:00,Vila Real,Chaves,Vilas Boas,Redial (Pereira de Selão),170347,41.667912,-7.53256,250017.0,522232.0,dms_recuperado,513.0,232.0,129.0,152.0,Florestal,448.0,Intencional,0,1,0,0,28.02
RO1171456,2017140059321.0,2017,10,11,2017-10-11,18:21:00,2017-10-11,19:11:00,2017-10-11,18:32:00,Santarém,Ourém,Freixianda,Cumeada (Vale da Cumeada),142108,39.804653,-8.49023,169417.0,315205.0,dms_recuperado,277.0,175.0,92.0,10.0,Florestal,,,0,1,0,0,0.83
DM4172435,2017030076896.0,2017,10,12,2017-10-12,16:54:00,2017-10-13,02:30:00,2017-10-12,17:10:00,Braga,Guimarães,Leitões,A11 - Km 36 (Agras Moura),30826,41.471775,-8.395395,178092.0,500308.0,dms_recuperado,1007.0,967.0,40.0,0.0,Florestal,214.0,Negligente,0,1,0,0,9.6
BL1171848,2017180055515.0,2017,10,12,2017-10-12,13:44:00,2017-10-13,21:44:00,2017-10-12,13:47:00,Viseu,São Pedro do Sul,Santa Cruz da Trapa,SANTA MARIA-PAÇÔ,181610,40.783139,-8.151561,198443.0,423796.0,dms_recuperado,300.0,118.0,182.0,0.0,Florestal,448.0,Intencional,0,1,0,0,32.0
TM1171700,2017170027934.0,2017,10,12,2017-10-12,15:37:00,2017-10-14,01:45:00,2017-10-12,16:15:00,Vila Real,Montalegre,Covelo do Gerês,São Bento de Sexta Freita (Sexta Freita),170607,41.72946,-7.974015,213239.0,528906.0,dms_recuperado,280.0,13.0,267.0,0.0,Florestal,125.0,Negligente,0,1,0,0,34.13
BL1171850,2017180055539.0,2017,10,12,2017-10-12,15:06:00,2017-10-13,21:12:00,2017-10-12,15:25:00,Viseu,Castro Daire,Pepim,Carranqueira (Senhora das Boas Novas),180317,40.881732,-7.964503,214212.0,434758.0,dms_recuperado,276.0,104.15,171.85,0.0,Florestal,448.0,Intencional,0,1,0,0,30.1
TM1171695,2017170027894.0,2017,10,12,2017-10-12,09:10:00,2017-10-12,23:00:00,2017-10-12,09:11:00,Vila Real,Montalegre,Reigoso,Bustelo (Corga das Lameiras de Mazeda),170625,41.72969,-7.918277,217877.0,528942.0,dms_recuperado,214.0,10.0,204.0,0.0,Florestal,125.0,Negligente,0,1,0,0,13.83
BL1171851,2017180055551.0,2017,10,12,2017-10-12,16:02:00,2017-10-12,19:21:00,2017-10-12,16:58:00,Viseu,Cinfães,Bustelo,BUSTELO (Ribeiro de Bestança),180402,41.000135,-8.023783,209199.0,447899.0,dms_recuperado,190.0,0.0,190.0,0.0,Florestal,630.0,Desconhecida,0,1,0,0,3.32
BL1171877,2017180055829.0,2017,10,13,2017-10-13,15:56:00,2017-10-14,01:13:00,2017-10-13,16:47:00,Viseu,Cinfães,Gralheira,GRALHEIRA,180407,41.005471,-7.967908,213899.0,448499.0,dms_recuperado,247.0,0.0,247.0,0.0,Florestal,125.0,Negligente,0,1,0,0,9.28
DM2175031,2017130157235.0,2017,10,13,2017-10-13,11:45:00,2017-10-13,17:48:00,2017-10-13,11:50:00,Porto,Santo Tirso,Lamelas,Vilar,131412,41.274397,-8.479908,170945.0,478411.0,dms_recuperado,195.2,190.0,5.2,0.0,Florestal,610.0,Desconhecida,0,1,0,0,6.05
BL1171865,2017180055714.0,2017,10,13,2017-10-13,09:24:00,2017-10-13,11:18:00,2017-10-13,09:40:00,Viseu,Castro Daire,Ester,Póvoa de Montemuro (Murada),180307,40.940681,-8.001318,211099.0,441300.0,dms_recuperado,146.0,0.0,146.0,0.0,Florestal,125.0,Negligente,0,1,0,0,1.9
DM3174748,2017160032568.0,2017,10,14,2017-10-14,20:21:00,2017-10-16,12:24:00,2017-10-14,20:22:00,Viana do Castelo,Monção,Merufe,Central Eletrica (Chã da Moura),160415,42.013875,-8.419278,176298.0,560525.0,dms_recuperado,3134.0,690.0,2444.0,0.0,Florestal,125.0,Negligente,0,1,0,0,40.05
DM4172482,2017030077518.0,2017,10,14,2017-10-14,15:31:00,2017-10-16,17:22:00,2017-10-14,15:45:00,Braga,Vieira do Minho,Anjos,"Fonte de Tras da Tapada (R. de Santa Luzia, 4850, Portugal)",31102,41.611667,-8.058333,206129.0,516008.0,dms_recuperado,1615.0,430.0,1185.0,0.0,Florestal,60.0,Desconhecida,0,1,0,0,49.85
DM4172473,2017030077414.0,2017,10,14,2017-10-14,10:13:00,2017-10-15,14:02:00,2017-10-14,10:16:00,Braga,Terras de Bouro,Vilar da Veiga,Porto da Lage,31017,41.731689,-8.128166,200414.0,529142.0,dms_recuperado,305.0,0.0,305.0,0.0,Florestal,125.0,Negligente,0,1,0,0,27.82
BL1171891,2017180056018.0,2017,10,14,2017-10-14,14:43:00,2017-10-14,20:56:00,2017-10-14,14:50:00,Viseu,Resende,Felgueiras,Feirão /Dornas (São Cristóvão),181305,41.050017,-7.930406,217043.0,453453.0,dms_recuperado,232.1,0.1,232.0,0.0,Florestal,448.0,Intencional,0,1,0,0,6.22
BL2171045,2017060046260.0,2017,10,15,2017-10-15,08:41:00,2017-10-17,02:31:00,2017-10-15,08:44:00,Coimbra,Lousã,Vilarinho,Prilhão (VILARINHO),60705,40.12575,-8.210545,193399.0,350800.0,dms_recuperado,53618.8116,47215.4332,909.9541,5493.4242,Florestal,211.0,Negligente,0,1,0,0,41.83
BL2171054,2017060046312.0,2017,10,15,2017-10-15,12:28:00,2017-10-18,11:24:00,2017-10-15,13:00:00,Coimbra,Arganil,Coja,ESCULCA,60108,40.239133,-7.967421,214100.0,363399.0,dms_recuperado,37958.5031,26532.8658,5989.6959,5435.9413,Florestal,711.0,Reacendimento,1,1,0,0,70.93
BI2174250,2017050030693.0,2017,10,15,2017-10-15,12:02:00,2017-10-17,04:08:00,2017-10-15,12:08:00,Castelo Branco,Sertã,Figueiredo,Ponte das Portelinhas,50907,39.832133,-8.031477,208700.0,318200.0,dms_recuperado,33192.611,19279.1984,12703.9346,1209.478,Florestal,449.0,Intencional,0,1,0,0,40.1
BL2171055,2017060046330.0,2017,10,15,2017-10-15,14:36:00,2017-10-17,02:02:00,2017-10-15,14:50:00,Coimbra,Figueira da Foz,Quiaios,Cova de Serpe (QUIAIOS),60510,40.215389,-8.853222,138700.0,361000.0,dms_recuperado,19025.53,15487.68,3537.85,0.0,Florestal,448.0,Intencional,0,1,0,0,35.43
BL4172371,2017100056554.0,2017,10,15,2017-10-15,14:33:00,2017-10-17,03:12:00,2017-10-15,14:40:00,Leiria,Alcobaça,Pataias,Burinhosa (DEPÓSITO DO LOPES),100110,39.704758,-8.984297,127000.0,304399.0,dms_recuperado,17264.5853,16864.0484,84.116,316.4209,Florestal,711.0,Reacendimento,1,1,0,0,36.65
BL1171935,2017180056272.0,2017,10,15,2017-10-15,17:21:00,2017-10-17,02:42:00,2017-10-15,17:21:00,Viseu,Vouzela,Campia,Albitelhe (GIBOSO),182403,40.626648,-8.25848,189393.0,406425.0,dms_recuperado,15745.3838,11213.9551,3110.4555,1420.9732,Florestal,448.0,Intencional,0,1,0,0,33.35
BI1171056,2017090031401.0,2017,10,15,2017-10-15,06:03:00,2017-10-17,04:02:00,2017-10-15,06:20:00,Guarda,Seia,Sabugueiro,Brejo,91210,40.394444,-7.63,242604.0,380942.0,dms_recuperado,11924.63,5389.85,6469.5,65.28,Florestal,448.0,Intencional,0,1,0,0,45.98
BI1171061,2017090031426.0,2017,10,15,2017-10-15,10:26:00,2017-10-17,04:02:00,2017-10-15,10:37:00,Guarda,Seia,Sandomil,Decompras,91212,40.370556,-7.773611,230430.0,378210.0,dms_recuperado,11807.94,11328.05,0.0,479.89,Florestal,448.0,Intencional,0,1,0,0,41.6
BL3172442,2017010080611.0,2017,10,15,2017-10-15,07:15:00,2017-10-15,08:33:00,2017-10-15,07:25:00,Aveiro,Vale de Cambra,Macieira de Cambra,Furna / Perrinho/ Pintalhos,11906,40.88871,-8.371065,179947.0,435547.0,dms_recuperado,8973.63,6470.61,1746.48,756.54,Florestal,711.0,Reacendimento,1,1,0,0,1.3
BI1171071,2017090031515.0,2017,10,15,2017-10-15,22:30:00,2017-10-17,04:02:00,2017-10-15,23:00:00,Guarda,Gouveia,São Pedro,Casal da Boavista,90618,40.465556,-7.514167,252391.0,388881.0,dms_recuperado,6203.65,564.0,4081.65,1558.0,Florestal,125.0,Negligente,0,1,0,0,29.53
BI1171072,2017090031513.0,2017,10,15,2017-10-15,22:25:00,2017-10-17,05:22:00,2017-10-15,22:35:00,Guarda,Fornos de Algodres,Cortiçô,Estrada Municipal Algodres-Maceira,90503,40.671111,-7.496944,253678.0,411737.0,dms_recuperado,5875.0,3445.0,1952.0,478.0,Florestal,448.0,Intencional,0,1,0,0,30.95
BI1171067,2017090031467.0,2017,10,15,2017-10-15,15:57:00,2017-10-17,03:29:00,2017-10-15,16:40:00,Guarda,Guarda,Rochoso,Pousadinhas,90737,40.515,-7.117778,285946.0,394701.0,dms_recuperado,3998.19,712.0,1981.19,1305.0,Florestal,446.0,Intencional,0,1,0,0,35.53
BI1171073,2017090031521.0,2017,10,15,2017-10-15,23:00:00,2017-10-17,04:02:00,2017-10-15,23:20:00,Guarda,Seia,Vide,EM 1134 - Casas Figueiras,91227,40.261111,-7.805278,227787.0,366045.0,dms_recuperado,2701.68,2577.03,110.98,13.67,Florestal,448.0,Intencional,0,1,0,0,29.03
BL4172366,2017100056537.0,2017,10,15,2017-10-15,13:51:00,2017-10-16,23:20:00,2017-10-15,14:05:00,Leiria,Alcobaça,Pataias,Légua,100110,39.683585,-9.034407,122679.0,302091.0,dms_recuperado,2578.0,2347.7,230.3,0.0,Florestal,711.0,Reacendimento,1,1,0,0,33.48
BI1171063,2017090031436.0,2017,10,15,2017-10-15,11:59:00,2017-10-16,12:57:00,2017-10-15,12:30:00,Guarda,Pinhel,Pereiro,Lameiro do Moinho,91016,40.755,-6.996111,295918.0,421471.0,dms_recuperado,2286.93,104.47,1010.41,1172.05,Florestal,125.0,Negligente,0,1,0,0,24.97
BI1171070,2017090031494.0,2017,10,15,2017-10-15,18:50:00,2017-10-17,00:58:00,2017-10-15,19:09:00,Guarda,Sabugal,Pousafoles do Bispo,Berringueira,91122,40.408889,-7.196111,279429.0,382830.0,dms_recuperado,2165.0,275.0,1814.0,76.0,Florestal,448.0,Intencional,0,1,0,0,30.13
BI2174253,2017050030716.0,2017,10,15,2017-10-15,16:26:00,2017-10-17,08:38:00,2017-10-15,16:40:00,Castelo Branco,Castelo Branco,Salgueiro do Campo,Vale Cimeiro,50220,39.89854,-7.583337,247017.0,325712.0,dms_recuperado,1596.21,1138.76,233.19,224.26,Florestal,448.0,Intencional,0,1,0,0,40.2
BL3172479,2017010080787.0,2017,10,15,2017-10-15,16:44:00,2017-10-15,18:32:00,2017-10-15,16:55:00,Aveiro,Aveiro,Nariz,Cilha - Nariz,10507,40.537222,-8.588889,161261.0,396797.0,dms_recuperado,1574.7,1574.7,0.0,0.0,Florestal,610.0,Desconhecida,0,1,0,0,1.8
DM4172544,2017030077905.0,2017,10,15,2017-10-15,19:42:00,2017-10-16,08:29:00,2017-10-15,19:50:00,Braga,Cabeceiras de Basto,Bucos,"Além do Rio (Unnamed Road, 4860, Portugal)",30405,41.5725,-8.026389,208797.0,511661.0,dms_recuperado,1323.0,323.0,1000.0,0.0,Florestal,446.0,Intencional,0,1,0,0,12.78
BL1171930,2017180056254.0,2017,10,15,2017-10-15,16:23:00,2017-10-17,00:14:00,2017-10-15,16:32:00,Viseu,Castro Daire,Mões,Soutelo (Ribeiro de Soutelo),180312,40.840802,-7.923597,217671.0,430220.0,dms_recuperado,1265.0,735.0,530.0,0.0,Florestal,448.0,Intencional,0,1,0,0,31.85
BI2174256,2017050030728.0,2017,10,15,2017-10-15,18:41:00,2017-10-17,08:44:00,2017-10-15,18:57:00,Castelo Branco,Sertã,Pedrógão Pequeno,Nespereira,50911,39.886585,-8.114367,201603.0,324241.0,dms_recuperado,960.303,831.059,54.525,74.719,Florestal,60.0,Desconhecida,0,1,0,0,38.05
DM3174762,2017160032634.0,2017,10,15,2017-10-15,11:28:00,2017-10-16,10:25:00,2017-10-15,11:37:00,Viana do Castelo,Melgaço,São Paio,Cavaleiro Alvo (Cabeço do Terroal),160317,42.078786,-8.231036,191900.0,567699.0,dms_recuperado,875.0,179.0,696.0,0.0,Florestal,125.0,Negligente,1,1,0,0,22.95
BL1171919,2017180056181.0,2017,10,15,2017-10-15,10:26:00,2017-10-16,11:00:00,2017-10-15,10:55:00,Viseu,Resende,Feirão,FEIRÃO,181304,41.028563,-7.924613,217536.0,451072.0,dms_recuperado,775.0,0.0,775.0,0.0,Florestal,448.0,Intencional,0,1,0,0,24.57
BI1171074,2017090031519.0,2017,10,15,2017-10-15,23:22:00,2017-10-17,04:03:00,2017-10-15,23:45:00,Guarda,Guarda,Ramela,Beringueira,90734,40.452222,-7.259722,273977.0,387601.0,dms_recuperado,662.0,430.0,232.0,0.0,Florestal,448.0,Intencional,0,1,0,0,28.68
BL2171058,2017060046354.0,2017,10,15,2017-10-15,16:00:00,2017-10-19,08:28:00,2017-10-15,16:10:00,Coimbra,Figueira da Foz,Paião,Copeiro (PAIÃO),60509,40.070708,-8.801288,143000.0,344900.0,dms_recuperado,537.0,375.0,162.0,0.0,Florestal,124.0,Negligente,0,1,0,0,88.47
DM2175188,2017130158715.0,2017,10,15,2017-10-15,15:30:00,2017-10-16,09:15:00,2017-10-15,15:33:00,Porto,Valongo,Alfena,Lombelho (Tapada),131501,41.221275,-8.518977,167645.0,472525.0,dms_recuperado,464.0,164.0,300.0,0.0,Florestal,610.0,Desconhecida,0,1,0,0,17.75
RO1171489,2017140060152.0,2017,10,15,2017-10-15,15:53:00,2017-10-16,19:20:00,2017-10-15,16:20:00,Santarém,Tomar,Madalena,Brazões (Casal do Marco),141807,39.586341,-8.450418,172740.0,290953.0,dms_recuperado,440.0,85.0,190.0,165.0,Florestal,448.0,Intencional,0,1,0,0,27.45
BL4172378,2017100056576.0,2017,10,15,2017-10-15,15:40:00,2017-10-16,06:34:00,2017-10-15,15:55:00,Leiria,Óbidos,Olho Marinho,OLHO MARINHO/Cezaredas,101203,39.317147,-9.236985,104800.0,261599.0,dms_recuperado,412.0,28.0,302.0,82.0,Florestal,630.0,Desconhecida,0,1,0,0,14.9
BL2171062,2017060046361.0,2017,10,15,2017-10-15,16:39:00,2017-10-16,19:19:00,2017-10-15,16:45:00,Coimbra,Condeixa-a-nova,Condeixa-a-velha,Poço,60405,40.07933,-8.477796,170600.0,345700.0,dms_recuperado,380.0,8.8,371.2,0.0,Florestal,448.0,Intencional,0,1,0,0,26.67
BL3172470,2017010080764.0,2017,10,15,2017-10-15,15:59:00,2017-10-18,00:00:00,2017-10-15,16:10:00,Aveiro,Oliveira do Bairro,Oiã,"ER333 (ER333) Km 10 (R. Ribeiro 10, 3770-355 Palhaça, Portugal)",11403,40.53,-8.578611,162139.0,395950.0,dms_recuperado,363.0,333.0,30.0,0.0,Florestal,610.0,Desconhecida,0,1,0,0,56.02
DM3174764,2017160032645.0,2017,10,15,2017-10-15,13:28:00,2017-10-16,06:59:00,2017-10-15,13:37:00,Viana do Castelo,Valença,Ganfei,Vilar (Fonte Sêca),160808,42.033958,-8.603922,161016.0,562823.0,dms_recuperado,354.0,180.0,174.0,0.0,Florestal,125.0,Negligente,0,1,0,0,17.52
DM3174767,2017160032667.0,2017,10,15,2017-10-15,15:21:00,2017-10-16,11:56:00,2017-10-15,15:40:00,Viana do Castelo,Arcos de Valdevez,Cabreiro,Tabarca (Fonte da Vidoeira),160106,41.946262,-8.355473,181564.0,552999.0,dms_recuperado,320.0,68.0,252.0,0.0,Florestal,448.0,Intencional,0,1,0,0,20.58
DM2175247,2017130158904.0,2017,10,15,2017-10-15,21:33:00,2017-10-16,14:50:00,2017-10-15,21:45:00,Porto,Penafiel,Sebolido,Lugar da Praia (Portelas),131134,41.047487,-8.348472,181895.0,453175.0,dms_recuperado,313.0,0.0,313.0,0.0,Florestal,5.0,Natural,0,1,0,0,17.28
BL4172392,2017100056650.0,2017,10,15,2017-10-15,20:02:00,2017-10-16,07:06:00,2017-10-15,20:35:00,Leiria,Caldas da Rainha,Foz do Arelho,"Vale da Cavada, Foz do Arelho",100606,39.434512,-9.207478,107500.0,274600.0,dms_recuperado,262.0,25.0,177.0,60.0,Florestal,630.0,Desconhecida,0,1,0,0,11.07
BL3172456,2017010080714.0,2017,10,15,2017-10-15,13:34:00,2017-10-21,02:15:00,2017-10-15,13:40:00,Aveiro,Vagos,Santo André de Vagos,Rua das Carreirinhas - Quintã,11810,40.509954,-8.672314,154300.0,393599.0,dms_recuperado,243.95,243.95,0.0,0.0,Florestal,610.0,Desconhecida,0,1,0,0,132.68
DM2175215,2017130158813.0,2017,10,15,2017-10-15,17:46:00,2017-10-17,01:20:00,2017-10-15,18:00:00,Porto,Vila Nova de Gaia,Sandim,Lugar Vale da Cana (IC24 (IC24) Km 7),131715,41.048753,-8.502382,168955.0,453359.0,dms_recuperado,221.8,0.0,221.8,0.0,Florestal,610.0,Desconhecida,0,1,0,0,31.57
TM1171758,2017170028234.0,2017,10,15,2017-10-15,11:03:00,2017-10-15,13:00:00,2017-10-15,11:36:00,Vila Real,Boticas,Alturas do Barroso,Atilhó (Couto de Indureiras),170201,41.714852,-7.780367,229358.0,527331.0,dms_recuperado,221.0,15.5,205.5,0.0,Florestal,448.0,Intencional,0,1,0,0,1.95
DM4172502,2017030077652.0,2017,10,15,2017-10-15,00:18:00,2017-10-15,20:02:00,2017-10-15,00:25:00,Braga,Braga,Santa Lucrécia de Algeriz,"Vale do Fojo (N103, 4710, Portugal)",30339,41.582222,-8.37,180149.0,512738.0,dms_recuperado,208.0,58.0,150.0,0.0,Florestal,6.0,Desconhecida,0,1,0,0,19.73
DM4172512,2017030077764.0,2017,10,15,2017-10-15,12:15:00,2017-10-16,05:52:00,2017-10-15,12:25:00,Braga,Póvoa de Lanhoso,Louredo,Louredo (Borrães),30916,41.545055,-8.284153,187399.0,508424.0,dms_recuperado,200.0,100.0,100.0,0.0,Florestal,6.0,Desconhecida,0,1,0,0,17.62
DM4172523,2017030077818.0,2017,10,15,2017-10-15,14:55:00,2017-10-16,01:51:00,2017-10-15,15:10:00,Braga,Cabeceiras de Basto,Cabeceiras de Basto,"Lapela (Unnamed Road, 4860, Portugal)",30406,41.553056,-8.060278,205979.0,509486.0,dms_recuperado,190.0,15.0,175.0,0.0,Florestal,448.0,Intencional,0,1,0,0,10.93
BL4172386,2017100056648.0,2017,10,15,2017-10-15,20:10:00,2017-10-16,11:52:00,2017-10-15,20:30:00,Leiria,Porto de Mós,Alqueidão da Serra,Casais dos Vales,101602,39.601567,-8.78627,143900.0,292799.0,dms_recuperado,169.0,6.0,163.0,0.0,Florestal,630.0,Desconhecida,0,1,0,0,15.7
RO2172861,2017110188729.0,2017,10,15,2017-10-15,19:58:00,2017-10-16,09:15:00,2017-10-15,20:15:00,Lisboa,Mafra,Milharado,Jerumelo/Vale da Guarda (Jeromelo),110911,38.955049,-9.23826,104200.0,221399.0,dms_recuperado,161.17,29.6,131.57,0.0,Florestal,630.0,Desconhecida,0,1,0,0,13.28
DM2175150,2017130158566.0,2017,10,15,2017-10-15,11:43:00,2017-10-16,00:22:00,2017-10-15,11:59:00,Porto,Trofa,Bougado (São Martinho),Lg. Coura (Vala Naval),131803,41.332662,-8.522927,167369.0,484897.0,dms_recuperado,154.3,154.3,0.0,0.0,Florestal,610.0,Desconhecida,0,1,0,0,12.65
RO2172844,2017110188593.0,2017,10,15,2017-10-15,16:30:00,2017-10-16,04:45:00,2017-10-15,16:37:00,Lisboa,Mafra,Santo Isidoro,SANTO ISIDORO (Quinta dos Chãos),110913,38.996683,-9.395884,90601.0,226199.0,dms_recuperado,150.6,47.55,103.05,0.0,Florestal,630.0,Desconhecida,0,1,0,0,12.25
BL3172478,2017010080789.0,2017,10,15,2017-10-15,16:56:00,2017-10-18,17:52:00,2017-10-15,17:02:00,Aveiro,Mealhada,Ventosa do Bairro,"Quinta do Lagar do Vacas (R. Dr. Américo P. Couto, 3060, Portugal)",11108,40.402222,-8.501944,168597.0,381743.0,dms_recuperado,144.7,65.0,79.7,0.0,Florestal,211.0,Negligente,0,1,0,0,72.93
DM3174784,2017160032721.0,2017,10,15,2017-10-15,22:22:00,2017-10-16,13:20:00,2017-10-15,22:27:00,Viana do Castelo,Monção,Portela,Mangueiro,160423,41.990063,-8.483117,171000.0,557899.0,dms_recuperado,134.0,67.0,67.0,0.0,Florestal,121.0,Negligente,0,1,0,0,14.97
TM1171774,2017170028289.0,2017,10,15,2017-10-15,19:20:00,2017-10-16,23:44:00,2017-10-15,19:55:00,Vila Real,Peso da Régua,Sedielos,ALDERETE (Bouças),170809,41.204095,-7.868038,222235.0,470579.0,dms_recuperado,131.0,0.0,131.0,0.0,Florestal,448.0,Intencional,0,1,0,0,28.4
TM1171768,2017170028270.0,2017,10,15,2017-10-15,16:53:00,2017-10-16,12:59:00,2017-10-15,17:55:00,Vila Real,Boticas,Codessoso,"Crastos (N312, 5460, Portugal)",170207,41.640833,-7.719444,234365.0,519314.0,dms_recuperado,126.0,41.0,85.0,0.0,Florestal,125.0,Negligente,0,1,0,0,20.1
DM3174768,2017160032666.0,2017,10,15,2017-10-15,15:18:00,2017-10-16,17:20:00,2017-10-15,15:28:00,Viana do Castelo,Arcos de Valdevez,Soajo,Cunhas PNPG (Agrelos),160146,41.868075,-8.2573,189692.0,544298.0,dms_recuperado,120.0,120.0,0.0,0.0,Florestal,125.0,Negligente,0,1,0,0,26.03
DM2175183,2017130158699.0,2017,10,15,2017-10-15,14:44:00,2017-10-16,18:48:00,2017-10-15,15:20:00,Porto,Gondomar,Lomba,Lugar do Portal (CARVOAL),130405,41.036498,-8.40378,177241.0,451968.0,dms_recuperado,117.0,0.0,117.0,0.0,Florestal,610.0,Desconhecida,0,1,0,0,28.07
AT217499,2017120021155.0,2017,10,15,2017-10-15,15:44:00,2017-10-16,00:15:00,2017-10-15,16:08:00,Portalegre,Ponte de Sor,Montargil,Carvalhoso (Vale da Areia),121302,39.113022,-8.172095,196627.0,238356.0,dms_recuperado,107.1702,102.1612,0.0,5.009,Florestal,211.0,Negligente,0,1,0,0,8.52
DM4172501,2017030077650.0,2017,10,15,2017-10-15,00:00:00,2017-10-15,07:57:00,2017-10-15,00:20:00,Braga,Vieira do Minho,Cantelães,Cantelaes (Fagundes),31105,41.6508,-8.109991,201928.0,520158.0,dms_recuperado,105.0,35.0,70.0,0.0,Florestal,4.0,Intencional,0,1,0,0,7.95
TM1171781,2017170028305.0,2017,10,15,2017-10-15,23:25:00,2017-10-16,10:07:00,2017-10-15,23:40:00,Vila Real,Boticas,Granja,"Capela (R. Oliveiras, 5460-451, Portugal)",170212,41.691389,-7.643056,240698.0,524962.0,dms_recuperado,102.0,66.0,31.0,5.0,Florestal,448.0,Intencional,0,1,0,0,10.7
BL2171076,2017060046437.0,2017,10,16,2017-10-16,07:13:00,2017-10-16,23:01:00,,,Coimbra,Pampilhosa da Serra,Fajão,Camba,61203,40.177701,-7.86425,222899.0,356599.0,dms_recuperado,739.0,0.0,739.0,0.0,Florestal,711.0,Reacendimento,1,1,0,0,15.8
BI1171075,2017090031566.0,2017,10,16,2017-10-16,16:10:00,2017-10-17,04:30:00,2017-10-16,19:50:00,Guarda,Guarda,Avelãs de Ambom,Serra - EM 577-2,90707,40.619722,-7.231667,276185.0,406202.0,dms_recuperado,365.0,219.0,109.5,36.5,Florestal,125.0,Negligente,0,1,0,0,12.33
TM217833,2017040031777.0,2017,10,16,2017-10-16,03:32:00,2017-10-16,10:45:00,2017-10-16,03:35:00,Bragança,Torre de Moncorvo,Açoreira,Sequeiros (SENHORA DA TEIXEIRA),40901,41.151385,-7.071818,289090.0,465233.0,dms_recuperado,114.4,0.0,114.4,0.0,Florestal,448.0,Intencional,0,1,0,0,7.22
RO3181892,2018150065095.0,2018,7,21,2018-07-21,16:10:00,2018-07-21,19:58:00,2018-07-21,16:17:00,Setúbal,Palmela,Pinhal Novo,Lagoa da Palha (Vale Sanceiro),150803,38.651457,-8.879585,135016.0,187380.0,dms_recuperado,145.161,92.2828,0.0,52.8783,Florestal,114.0,Negligente,0,1,0,0,3.8
AG118728,2018080033743.0,2018,8,3,2018-08-03,13:32:00,2018-08-11,21:50:00,2018-08-03,13:34:00,Faro,Monchique,Monchique,Perna da Negra (Boa Vista),80903,37.396835,-8.588963,159631.0,47953.0,dms_recuperado,26763.8255,15835.8219,9801.7562,1126.2474,Florestal,60.0,Desconhecida,0,1,0,0,200.3
RO118722,2018150069600.0,2018,8,4,2018-08-04,13:08:00,2018-08-05,16:00:00,2018-08-04,13:25:00,Santarém,Benavente,Samora Correia,Herdade de Pancas (Pancas),140502,38.808124,-8.917098,131900.0,204800.0,dms_recuperado,464.944,450.8952,4.2655,9.7833,Florestal,211.0,Negligente,0,1,0,0,26.87
RO118723,2018140047517.0,2018,8,4,2018-08-04,15:15:00,2018-08-05,09:58:00,2018-08-04,15:25:00,Santarém,Santarém,Alcanede,Prado,141604,39.397537,-8.773075,144872.0,270138.0,dms_recuperado,289.52,289.52,0.0,0.0,Florestal,211.0,Negligente,0,1,0,0,18.72
AT218211,2018120016607.0,2018,8,4,2018-08-04,16:30:00,2018-08-04,21:10:00,2018-08-04,16:57:00,Portalegre,Crato,Monte da Pedra,Mato do Rego (MONTE DA PEDRA),120605,39.365177,-7.775928,230781.0,266410.0,dms_recuperado,261.7532,136.1368,7.0257,118.5907,Florestal,51.0,Natural,0,1,0,0,4.67
AT218209,2018120016606.0,2018,8,4,2018-08-04,16:29:00,2018-08-04,20:34:00,2018-08-04,16:48:00,Portalegre,Crato,Monte da Pedra,Fonte Santa (Taipas),120605,39.34917,-7.74667,233310.0,264643.0,dms_recuperado,119.6431,47.6001,0.0,72.043,Florestal,51.0,Natural,0,1,0,0,4.08
AT218217,2018120016739.0,2018,8,5,2018-08-05,15:29:00,2018-08-06,06:46:00,2018-08-05,15:42:00,Portalegre,Marvão,Santa Maria de Marvão,Marvão (EN359 (EN359) Km 116),121002,39.400678,-7.389598,264043.0,270554.0,dms_recuperado,133.575,133.575,0.0,0.0,Florestal,211.0,Negligente,0,1,0,0,15.28
AG118766,2018080034504.0,2018,8,7,2018-08-07,15:43:00,2018-08-07,21:36:00,2018-08-07,16:07:00,Faro,Castro Marim,Azinhal,"IC27 (EN122) Km 111 (EM512, 8950 Azinhal, Portugal)",80401,37.281944,-7.471944,258528.0,35479.0,dms_recuperado,109.6701,59.5555,26.6397,23.4749,Florestal,610.0,Desconhecida,0,1,0,0,5.88
TM218541,2018040023151.0,2018,8,9,2018-08-09,00:18:00,2018-08-09,07:17:00,2018-08-09,00:20:00,Bragança,Vinhais,Agrochão,AGROCHÃO,41201,41.683692,-7.028193,291999.0,524400.0,dms_recuperado,160.0,70.0,90.0,0.0,Florestal,60.0,Desconhecida,0,1,0,0,6.98
TM218561,2018040024307.0,2018,8,16,2018-08-16,14:34:00,2018-08-16,20:12:00,2018-08-16,14:44:00,Bragança,Alfândega da Fé,Gouveia,Gouveia (Coutada),40107,41.291533,-7.009018,294161.0,480864.0,dms_recuperado,158.88,0.0,158.88,0.0,Florestal,125.0,Negligente,0,1,0,0,5.63
BI1181682,2018090028235.0,2018,8,22,2018-08-22,18:18:00,2018-08-23,06:46:00,2018-08-22,18:30:00,Guarda,Guarda,Benespera,Monteiro,90709,40.416389,-7.266111,273496.0,383622.0,dms_recuperado,309.0,0.0,309.0,0.0,Florestal,51.0,Natural,0,1,0,0,12.47
TM218593,2018040025391.0,2018,8,23,2018-08-23,15:13:00,2018-08-24,03:52:00,2018-08-23,15:27:00,Bragança,Alfândega da Fé,Alfândega da Fé,Quinta Do Zacarias (Cabeço da Santa),40102,41.338122,-6.917978,301715.0,486141.0,dms_recuperado,611.0,12.1,539.936,58.964,Florestal,60.0,Desconhecida,0,1,0,0,12.65
BI1181692,2018090028488.0,2018,8,24,2018-08-24,16:13:00,2018-08-25,21:15:00,2018-08-24,16:24:00,Guarda,Seia,Loriga,Fontão,91207,40.301944,-7.720278,234990.0,370614.0,dms_recuperado,224.57,224.11,0.0,0.46,Florestal,630.0,Desconhecida,0,1,0,0,29.03
AT318350,2018020023021.0,2018,9,1,2018-09-01,11:40:00,2018-09-01,20:29:00,2018-09-01,12:22:00,Beja,Almodôvar,Santa Cruz,Malhões,20205,37.374167,-8.001111,211576.0,45515.0,dms_recuperado,988.606,695.621,174.591,118.394,Florestal,221.0,Negligente,0,1,0,0,8.82
DM4183134,2018030070137.0,2018,9,1,2018-09-01,09:43:00,2018-09-02,17:50:00,2018-09-01,09:47:00,Braga,Póvoa de Lanhoso,Oliveira,Porto de Bois (ÉGUAS),30920,41.595555,-8.214248,193237.0,514025.0,dms_recuperado,183.0,140.0,43.0,0.0,Florestal,419.0,Negligente,0,1,0,0,32.12
TM1181418,2018170027744.0,2018,9,23,2018-09-23,21:04:00,2018-09-24,21:02:00,2018-09-23,21:20:00,Vila Real,Alijó,Vila Verde,PARAFITA (ED15 (ED15) Km 130),170117,41.377572,-7.552,248614.0,489974.0,dms_recuperado,474.5788,21.6814,421.6879,31.2096,Florestal,125.0,Negligente,0,1,0,0,23.97
DM4183307,2018030076696.0,2018,9,25,2018-09-25,05:56:00,2018-09-25,19:43:00,2018-09-25,06:30:00,Braga,Fafe,Monte,"Monte de Reais (EM610, 4820, Portugal)",30717,41.524167,-8.178611,196107.0,506285.0,dms_recuperado,130.0,30.0,100.0,0.0,Florestal,60.0,Desconhecida,0,1,0,0,13.78
DM4183328,2018030077022.0,2018,9,26,2018-09-26,06:17:00,2018-09-26,19:24:00,2018-09-26,06:43:00,Braga,Póvoa de Lanhoso,Oliveira,POVOA_LANHOSO (Passos),30920,41.586937,-8.210042,193587.0,513067.0,dms_recuperado,274.0,220.0,54.0,0.0,Florestal,125.0,Negligente,0,1,0,0,13.12
DM4183383,2018030078106.0,2018,9,29,2018-09-29,11:13:00,2018-09-29,18:47:00,2018-09-29,11:24:00,Viana do Castelo,Ponte da Barca,Crasto,Oural (Bogalheira),160605,41.738715,-8.455528,173180.0,529973.0,dms_recuperado,232.0,45.0,187.0,0.0,Florestal,711.0,Reacendimento,0,1,0,0,7.57
BI1181761,2018090032591.0,2018,10,1,2018-10-01,21:33:00,2018-10-02,15:41:00,2018-10-01,21:45:00,Guarda,Trancoso,Aldeia Nova,Barrocal,91301,40.741111,-7.418611,260250.0,419552.0,dms_recuperado,794.0,87.0,371.0,336.0,Florestal,125.0,Negligente,0,1,0,0,18.13
DM4183407,2018030078772.0,2018,10,1,2018-10-01,16:12:00,2018-10-01,22:59:00,2018-10-01,16:55:00,Braga,Vila Verde,Aboim da Nóbrega,Zebreiros (Calçadinha),31301,41.738696,-8.383695,179156.0,529951.0,dms_recuperado,250.0,50.0,200.0,0.0,Florestal,711.0,Reacendimento,1,1,0,0,6.78
DM2183684,2018130159042.0,2018,10,1,2018-10-01,20:25:00,2018-10-02,17:43:00,2018-10-01,20:40:00,Porto,Baião,Ancede,Esmoriz (Quinta de Esmoriz),130201,41.116975,-8.067203,205537.0,460872.0,dms_recuperado,169.0,8.5,160.5,0.0,Florestal,610.0,Desconhecida,0,1,0,0,21.3
DM4183416,2018030078924.0,2018,10,2,2018-10-02,11:02:00,2018-10-03,21:38:00,2018-10-02,11:11:00,Braga,Vila Verde,Codeceda,"Penedo Longo (Unnamed Road, Portugal)",31310,41.732222,-8.457222,172930.0,529424.0,dms_recuperado,400.0,30.0,370.0,0.0,Florestal,711.0,Reacendimento,1,1,0,0,34.6
RO2182659,2018110199921.0,2018,10,6,2018-10-06,22:50:00,2018-10-07,14:27:00,2018-10-06,23:01:00,Lisboa,Cascais,Alcabideche,PNSC Serra de Sintra (Fonte da Peninha),110501,38.767805,-9.463376,84383.0,200873.0,dms_recuperado,423.6491,47.4031,321.4392,54.8067,Florestal,630.0,Desconhecida,0,1,0,0,15.62
DM3189364,2018160038900.0,2018,10,9,2018-10-09,19:21:00,2018-10-10,04:01:00,2018-10-09,19:53:00,Viana do Castelo,Arcos de Valdevez,Vale,IGREJA (Eirinhas),160149,41.835417,-8.365017,180739.0,540689.0,dms_recuperado,101.0,20.0,81.0,0.0,Florestal,125.0,Negligente,0,1,0,0,8.67
DM419417,2019030024480.0,2019,3,23,2019-03-23,13:26:00,2019-03-23,22:10:00,2019-03-23,13:45:00,Braga,Barcelos,Tamel (Santa Leocádia),Rua da Bemposta (Barreiro),30267,41.579308,-8.654513,156520.0,512349.0,dms_recuperado,122.5295,121.5704,0.0,0.9591,Florestal,122.0,Negligente,0,1,0,0,8.73
BI219165,2019050010588.0,2019,3,24,2019-03-24,10:57:00,2019-03-24,19:11:00,2019-03-24,11:08:00,Castelo Branco,Proença-a-nova,Montes da Senhora,Chão do Galego (MONTES DA SENHORA),50802,39.77444,-7.80167,228395.0,311841.0,dms_recuperado,114.0,104.0,4.0,6.0,Florestal,215.0,Negligente,0,1,0,0,8.23
TM219141,2019040008800.0,2019,3,24,2019-03-24,15:02:00,2019-03-24,21:18:00,2019-03-24,15:18:00,Bragança,Vinhais,Paçó,Prada-PNM (Regato da Vidoeira),41215,41.86337,-6.981763,295598.0,544407.0,dms_recuperado,107.93,101.95,5.76,0.22,Florestal,125.0,Negligente,0,1,0,0,6.27
DM319274,2019160009502.0,2019,3,25,2019-03-25,09:26:00,2019-03-25,15:44:00,2019-03-25,09:26:00,Viana do Castelo,Arcos de Valdevez,Gavieira,Tibo,160113,41.937428,-8.244081,190800.0,551999.0,dms_recuperado,101.0,0.0,101.0,0.0,Florestal,125.0,Negligente,0,1,0,0,6.3
BL319333,2019010024776.0,2019,3,26,2019-03-26,03:32:00,2019-03-27,03:21:00,2019-03-26,03:58:00,Aveiro,Oliveira de Azeméis,Palmaz,Beiró,11311,40.783333,-8.422222,175490.0,424031.0,dms_recuperado,318.0658,317.198,0.0,0.8678,Florestal,711.0,Reacendimento,1,1,0,0,23.82
DM419501,2019030025288.0,2019,3,26,2019-03-26,06:11:00,2019-03-26,19:19:00,2019-03-26,06:30:00,Braga,Esposende,Curvos,Susao (CURVOS),30604,41.560384,-8.733072,149954.0,510290.0,dms_recuperado,224.0726,219.874,1.7642,2.4344,Florestal,122.0,Negligente,0,1,0,0,13.13
TM219162,2019040009128.0,2019,3,27,2019-03-27,12:39:00,2019-03-27,21:21:00,2019-03-27,12:58:00,Bragança,Vinhais,Vila Boa de Ousilhão,Vila Boa de Ousilhao,41229,41.796111,-6.926111,300236.0,537185.0,dms_recuperado,220.0,191.99,11.93,16.08,Florestal,125.0,Negligente,0,1,0,0,8.7
DM319320,2019160009824.0,2019,3,27,2019-03-27,16:18:00,2019-03-28,00:49:00,2019-03-27,17:03:00,Viana do Castelo,Arcos de Valdevez,Vilela,Quinteiro (Seixo),160151,41.916535,-8.424147,175858.0,549714.0,dms_recuperado,115.0,80.0,35.0,0.0,Florestal,125.0,Negligente,0,1,0,0,8.52
BL319399,2019010025869.0,2019,3,29,2019-03-29,15:50:00,2019-03-30,12:49:00,2019-03-29,16:02:00,Aveiro,Castelo de Paiva,Real,EIRA DOS MOUROS,10606,41.004167,-8.25,190064.0,448528.0,dms_recuperado,126.5551,126.2482,0.0,0.3069,Florestal,6.0,Desconhecida,0,1,0,0,20.98
TM219247,2019040016187.0,2019,6,2,2019-06-02,15:13:00,2019-06-02,22:04:00,2019-06-02,15:35:00,Bragança,Carrazeda de Ansiães,Vilarinho da Castanheira,PINHAL DO DOURO (Olgas),40318,41.191692,-7.205915,277786.0,469581.0,dms_recuperado,117.5649,61.0684,48.0742,8.4223,Florestal,630.0,Desconhecida,0,1,0,0,6.85
AT119256,2019070013228.0,2019,6,3,2019-06-03,15:32:00,2019-06-04,01:40:00,2019-06-03,15:50:00,Évora,Alandroal,Alandroal (Nossa Senhora da Conceição),Monte das Parreiras (Calvinos),70101,38.663457,-7.337732,269225.0,188746.0,dms_recuperado,340.854,279.7212,54.251,6.8818,Florestal,225.0,Negligente,0,1,0,0,10.13
AT319256,2019020015472.0,2019,6,10,2019-06-10,13:21:00,2019-06-11,10:45:00,2019-06-10,13:30:00,Beja,Ourique,Ourique,Monte do Lavarjão,21203,37.603889,-8.313333,183978.0,71023.0,dms_recuperado,549.0,260.0,221.0,68.0,Florestal,236.0,Negligente,0,1,0,0,21.4
AT319291,2019020016078.0,2019,6,17,2019-06-17,12:15:00,2019-06-17,20:32:00,2019-06-17,12:38:00,Beja,Mértola,Alcaria Ruiva,ER123 Km 91,20901,37.716944,-7.863611,223666.0,83596.0,dms_recuperado,343.2819,31.235,8.5008,303.546,Florestal,152.0,Negligente,0,1,0,0,8.28
AT319292,2019020016100.0,2019,6,17,2019-06-17,15:28:00,2019-06-17,21:45:00,2019-06-17,15:30:00,Beja,Almodôvar,Almodôvar,Monte das Mestras,20201,37.465308,-8.051373,207227.0,55457.0,dms_recuperado,112.172,94.7273,17.4447,0.0,Florestal,232.0,Negligente,0,1,0,0,6.28
BI219312,2019050019301.0,2019,6,22,2019-06-22,13:48:00,2019-06-22,22:09:00,2019-06-22,13:49:00,Castelo Branco,Fundão,Valverde,Quinta da Esparrela,50429,40.177233,-7.45255,257966.0,356735.0,dms_recuperado,109.43,109.43,0.0,0.0,Florestal,449.0,Intencional,0,1,0,0,8.35
BI119244,2019090024364.0,2019,7,16,2019-07-16,21:30:00,2019-07-17,05:13:00,2019-07-16,21:55:00,Guarda,Vila Nova de Foz Côa,Vila Nova de Foz Côa,Quinta do Montargão,91417,41.063056,-7.178056,280189.0,455500.0,dms_recuperado,183.0,60.0,77.0,46.0,Florestal,630.0,Desconhecida,0,1,0,0,7.72
BL119695,2019180038643.0,2019,7,17,2019-07-17,15:20:00,2019-07-18,21:38:00,2019-07-17,15:31:00,Viseu,Tabuaço,Chavães,Vale de Figueira (Cruz da Rodela),181904,41.101028,-7.565052,247723.0,459254.0,dms_recuperado,171.0,16.97,154.03,0.0,Florestal,224.0,Negligente,0,1,0,0,30.3
AG119811,2019080030617.0,2019,7,19,2019-07-19,15:27:00,2019-07-20,02:00:00,2019-07-19,15:34:00,Faro,Aljezur,Aljezur,Monte Branco do Carriçal,80301,37.314722,-8.829444,138154.0,39138.0,dms_recuperado,207.3857,155.5558,51.8299,0.0,Florestal,620.0,Desconhecida,0,1,0,0,10.55
TM219340,2019040021531.0,2019,7,19,2019-07-19,16:50:00,2019-07-19,20:47:00,2019-07-19,17:10:00,Bragança,Mirandela,Frechas,Cachão (EN213 (EN213) Km 64),40716,41.394338,-7.16401,281051.0,492126.0,dms_recuperado,121.886,24.714,81.914,15.258,Florestal,448.0,Intencional,0,1,0,0,3.95
BI219370,2019050022178.0,2019,7,20,2019-07-20,14:50:00,2019-07-25,00:01:00,2019-07-20,15:02:00,Castelo Branco,Vila de Rei,Fundada,Fundada (Vale dos Melos),51001,39.750323,-8.176127,196312.0,309112.0,dms_recuperado,9248.9505,6880.9499,1861.8561,506.1445,Florestal,449.0,Intencional,0,1,0,0,105.18
BI219371,2019050022177.0,2019,7,20,2019-07-20,14:47:00,2019-07-23,09:30:00,2019-07-20,14:56:00,Castelo Branco,Sertã,Cernache do Bonjardim,Rolã (ER238 (ER238) Km 29),50904,39.795911,-8.216432,192863.0,314176.0,dms_recuperado,234.397,117.273,112.997,4.127,Florestal,446.0,Intencional,0,1,0,0,66.72
BL119716,2019180039496.0,2019,7,21,2019-07-21,17:49:00,2019-07-22,04:05:00,2019-07-21,18:03:00,Viseu,Sernancelhe,Sarzeda,Beselga (Quinta do Covêlo de Baixo),181815,40.926463,-7.422792,259831.0,439955.0,dms_recuperado,755.0,175.1,579.9,0.0,Florestal,448.0,Intencional,0,1,0,0,10.27
AT119431,2019070017162.0,2019,7,21,2019-07-21,16:48:00,2019-07-21,21:33:00,2019-07-21,17:11:00,Évora,Montemor-o-Novo,Ciborro,Herdade Fonte Portas,70607,38.749444,-8.2425,190385.0,198173.0,dms_recuperado,134.0618,100.4296,33.6322,0.0,Florestal,211.0,Negligente,0,1,0,0,4.75
BL119723,2019180039736.0,2019,7,22,2019-07-22,17:26:00,2019-07-23,03:58:00,2019-07-22,17:31:00,Viseu,Penalva do Castelo,Antas,ANTAS/MIUZELA (ANTAS),181101,40.661139,-7.570248,247599.0,410400.0,dms_recuperado,123.965,21.317,102.648,0.0,Florestal,448.0,Intencional,0,1,0,0,10.53
BI119272,2019090025045.0,2019,7,22,2019-07-22,18:08:00,2019-07-22,21:06:00,2019-07-22,18:19:00,Guarda,Figueira de Castelo Rodrigo,Figueira de Castelo Rodrigo,Vale do Carvalho,90408,40.936389,-6.9625,298483.0,441662.0,dms_recuperado,104.0,0.2,83.8,20.0,Florestal,51.0,Natural,0,1,0,0,2.97
TM119616,2019170019467.0,2019,7,24,2019-07-24,15:05:00,2019-07-25,18:40:00,2019-07-24,15:23:00,Vila Real,Alijó,Ribalonga,RIBALONGA,170111,41.357188,-7.507565,252348.0,487736.0,dms_recuperado,593.29,294.46,237.35,61.48,Florestal,124.0,Negligente,0,1,0,0,27.58
BI219397,2019050022648.0,2019,7,24,2019-07-24,15:07:00,2019-07-26,01:07:00,2019-07-24,15:15:00,Castelo Branco,Castelo Branco,Sobral do Campo,Sobral do Campo (Valbom),50224,40.00762,-7.567912,248259.0,337832.0,dms_recuperado,215.96,158.8,16.6,40.56,Florestal,610.0,Desconhecida,0,1,0,0,34.0
BI219401,2019050022853.0,2019,7,26,2019-07-26,15:05:00,2019-07-27,09:44:00,2019-07-26,15:18:00,Castelo Branco,Fundão,Pêro Viseu,Pero Viseu (Ribeiro da Azenha),50421,40.201085,-7.435613,259388.0,359394.0,dms_recuperado,344.405,233.5368,82.1282,28.74,Florestal,630.0,Desconhecida,0,1,0,0,18.65
AG119842,2019080031894.0,2019,7,26,2019-07-26,12:09:00,2019-07-27,00:50:00,2019-07-26,12:24:00,Faro,Silves,São Bartolomeu de Messines,Pissara,81305,37.293333,-8.264722,188230.0,36535.0,dms_recuperado,111.1428,75.9837,19.9794,15.1797,Florestal,124.0,Negligente,0,1,0,0,12.68
BI219410,2019050023131.0,2019,7,29,2019-07-29,15:21:00,2019-07-29,22:00:00,2019-07-29,15:33:00,Castelo Branco,Covilhã,Teixoso,Terlamonte,50323,40.300216,-7.439163,258999.0,370400.0,dms_recuperado,145.83,105.0325,40.5675,0.23,Florestal,630.0,Desconhecida,0,1,0,0,6.65
AT219250,2019120016787.0,2019,8,1,2019-08-01,14:31:00,2019-08-01,22:29:00,2019-08-01,14:48:00,Portalegre,Nisa,Espírito Santo,Rasas (CASA DA COUTADA),121204,39.45611,-7.684063,238648.0,276541.0,dms_recuperado,718.8803,250.6834,436.6317,31.5652,Florestal,221.0,Negligente,0,1,0,0,7.97
RO119711,2019140045796.0,2019,8,3,2019-08-03,16:11:00,2019-08-04,20:00:00,2019-08-03,16:24:00,Santarém,Tomar,São Pedro de Tomar,Contraste,141813,39.550083,-8.340195,182200.0,286900.0,dms_recuperado,606.5247,379.0,147.5247,80.0,Florestal,211.0,Negligente,0,1,0,0,27.82
BI119306,2019090026520.0,2019,8,4,2019-08-04,22:22:00,2019-08-05,09:49:00,2019-08-04,22:45:00,Guarda,Sabugal,Pousafoles do Bispo,Quinta do Semidouro,91122,40.411944,-7.216944,277657.0,383159.0,dms_recuperado,267.0,17.0,0.0,250.0,Florestal,4.0,Intencional,0,1,0,0,11.45
TM119683,2019170022535.0,2019,8,17,2019-08-17,18:28:00,2019-08-18,15:37:00,2019-08-17,18:40:00,Vila Real,Alijó,Vila Verde,Perafita (Senhora do Monte),170117,41.390303,-7.539472,249652.0,491395.0,dms_recuperado,110.0,10.0,100.0,0.0,Florestal,448.0,Intencional,0,1,0,0,21.15
BI119369,2019090029579.0,2019,8,29,2019-08-29,12:04:00,2019-08-30,00:27:00,2019-08-29,12:15:00,Guarda,Sabugal,Vila do Touro,"Vale Mourisco, EN233 (EN233) Km 21",91139,40.386944,-7.130833,285007.0,380462.0,dms_recuperado,576.0,298.0,277.0,1.0,Florestal,215.0,Negligente,0,1,0,0,12.38
TM219447,2019040027617.0,2019,8,30,2019-08-30,14:57:00,2019-08-30,22:27:00,2019-08-30,15:15:00,Bragança,Vimioso,Santulhão,SANTULHÃO (Restrêlo),41110,41.561842,-6.581122,329467.0,511439.0,dms_recuperado,242.89,77.41,164.8,0.68,Florestal,419.0,Negligente,0,1,0,0,7.5
RO119930,2019140052925.0,2019,9,2,2019-09-02,15:36:00,2019-09-03,19:00:00,2019-09-02,15:49:00,Santarém,Tomar,Sabacheira,Vale Meão (Vale de Rodas),141814,39.697718,-8.472502,170890.0,303326.0,dms_recuperado,196.0,28.0,157.0,11.0,Florestal,448.0,Intencional,0,1,0,0,27.4
TM119793,2019170024871.0,2019,9,3,2019-09-03,03:51:00,2019-09-03,15:44:00,2019-09-03,04:30:00,Vila Real,Peso da Régua,Canelas,BARRAGEM BAGAUSTE - QUINTA D. MATILDE (Quinta do Vale de Figueiras),170812,41.14639,-7.70775,235710.0,464223.0,dms_recuperado,136.0,3.0,127.0,6.0,Florestal,448.0,Intencional,0,1,0,0,11.88
DM319802,2019160026115.0,2019,9,4,2019-09-04,21:19:00,2019-09-05,22:42:00,2019-09-04,21:37:00,Viana do Castelo,Valença,Cerdal,Gondelim (Regueiro da Ameão),160803,41.965391,-8.586725,162400.0,555199.0,dms_recuperado,682.23,140.0,542.23,0.0,Florestal,125.0,Negligente,0,1,0,0,25.38
BL3191288,2019010072794.0,2019,9,5,2019-09-05,09:45:00,2019-09-05,20:23:00,2019-09-05,09:57:00,Aveiro,Águeda,Macinhata do Vouga,MACINHATA DO VOUGA (IP5 (IP5) Km 31),10112,40.677107,-8.445862,173559.0,412069.0,dms_recuperado,1135.034,1103.294,21.27,10.47,Florestal,449.0,Intencional,0,1,0,0,10.63
DM2192474,2019130150620.0,2019,9,5,2019-09-05,23:36:00,2019-09-07,16:30:00,2019-09-06,00:00:00,Porto,Baião,Teixeira,Lg. Gavinho (Serreirinha),130216,41.190903,-7.930494,217000.0,469100.0,dms_recuperado,853.0,345.0,468.0,40.0,Florestal,610.0,Desconhecida,0,1,0,0,40.9
BL3191293,2019010072829.0,2019,9,5,2019-09-05,11:28:00,2019-09-07,11:50:00,2019-09-05,12:00:00,Aveiro,Albergaria-a-velha,Alquerubim,Paus,10202,40.635842,-8.487744,170000.0,407499.0,dms_recuperado,529.4,511.43,14.66,3.31,Florestal,449.0,Intencional,0,1,0,0,48.37
BL3191311,2019010072961.0,2019,9,5,2019-09-05,16:28:00,2019-09-06,17:47:00,2019-09-05,17:00:00,Aveiro,Águeda,Valongo do Vouga,Veiga,10119,40.609894,-8.428526,175000.0,404599.0,dms_recuperado,198.52,193.86,1.9,2.76,Florestal,449.0,Intencional,0,1,0,0,25.32
DM2192536,2019130151243.0,2019,9,6,2019-09-06,20:58:00,2019-09-07,17:16:00,2019-09-06,21:30:00,Porto,Marco de Canaveses,Paredes de Viadores,Montedeiras (Nuvens),130714,41.127575,-8.137245,199654.0,462047.0,dms_recuperado,532.0,199.57,327.92,4.51,Florestal,610.0,Desconhecida,0,1,0,0,20.3
RO2192085,2019110181415.0,2019,9,7,2019-09-07,12:40:00,2019-09-07,21:32:00,2019-09-07,12:50:00,Lisboa,Sobral de Monte Agraço,Santo Quintino,Camondes (Alcarela),111201,38.97667,-9.15167,111733.0,223712.0,dms_recuperado,102.0,85.0,17.0,0.0,Florestal,449.0,Intencional,0,1,0,0,8.87
BL1191051,2019180050532.0,2019,9,8,2019-09-08,02:24:00,2019-09-09,06:18:00,2019-09-08,02:57:00,Viseu,Castro Daire,Moledo,MOLEDO,180313,40.829707,-7.870448,222157.0,429000.0,dms_recuperado,394.0,220.0,174.0,0.0,Florestal,448.0,Intencional,0,1,0,0,27.9
BL1191052,2019180050545.0,2019,9,8,2019-09-08,03:48:00,2019-09-08,20:39:00,2019-09-08,04:10:00,Viseu,Castro Daire,Monteiras,MONTEIRAS (Carvalhal),180314,40.937373,-7.868342,222299.0,440957.0,dms_recuperado,358.0,15.0,343.0,0.0,Florestal,449.0,Intencional,0,1,0,0,16.85
BL1191053,2019180050551.0,2019,9,8,2019-09-08,05:20:00,2019-09-09,03:46:00,2019-09-08,05:27:00,Viseu,Cinfães,São Cristovão de Nogueira,Valbom (Maias),180413,41.055602,-8.140222,199403.0,454054.0,dms_recuperado,168.0,48.0,120.0,0.0,Florestal,448.0,Intencional,0,1,0,0,22.43
RO2192174,2019110183670.0,2019,9,10,2019-09-10,15:16:00,2019-09-10,23:25:00,2019-09-10,15:30:00,Lisboa,Azambuja,Manique do Intendente,Quebradas (Parou),110305,39.225,-8.91667,132336.0,251080.0,dms_recuperado,206.97,169.59,28.23,9.15,Florestal,449.0,Intencional,0,1,0,0,8.15
AT319505,2019020023897.0,2019,9,10,2019-09-10,14:04:00,2019-09-11,13:36:00,2019-09-10,14:29:00,Beja,Odemira,São Luís,Cova da Zorra (Penedais),21106,37.701389,-8.637222,155435.0,81962.0,dms_recuperado,195.4865,102.72,15.74,77.0265,Florestal,227.0,Negligente,0,1,0,0,23.53
DM2192729,2019130153602.0,2019,9,10,2019-09-10,12:27:00,2019-09-10,23:32:00,2019-09-10,12:36:00,Porto,Valongo,Sobrado,L. Transleça (SOBRADO),131504,41.210418,-8.46103,172500.0,471300.0,dms_recuperado,184.125,184.125,0.0,0.0,Florestal,145.0,Negligente,0,1,0,0,11.08
TM219510,2019040029355.0,2019,9,11,2019-09-11,20:36:00,2019-09-12,06:38:00,2019-09-11,20:45:00,Bragança,Torre de Moncorvo,Mós,CARVIÇAIS (MALHÃO SEGUNDO),40913,41.14139,-6.85333,307448.0,464369.0,dms_recuperado,127.65,0.0,127.65,0.0,Florestal,448.0,Intencional,0,1,0,0,10.03
BL1191092,2019180051431.0,2019,9,11,2019-09-11,17:20:00,2019-09-11,22:58:00,2019-09-11,17:35:00,Viseu,Sátão,Forles,Covelo (Quinta do Martins),181705,40.847958,-7.676678,238491.0,431094.0,dms_recuperado,119.92,7.386,112.534,0.0,Florestal,448.0,Intencional,0,1,0,0,5.63
BL3191523,2019010075543.0,2019,9,12,2019-09-12,12:49:00,2019-09-17,16:00:00,2019-09-12,13:03:00,Aveiro,Ovar,São João,Azenha do Borges,11508,40.872778,-8.573889,162745.0,434027.0,dms_recuperado,188.0,169.2,18.8,0.0,Florestal,711.0,Reacendimento,1,1,0,0,123.18
TM119862,2019170026369.0,2019,9,13,2019-09-13,13:36:00,2019-09-14,19:07:00,2019-09-13,13:47:00,Vila Real,Valpaços,Ervões,Carvalhas,171209,41.665278,-7.355278,264681.0,522235.0,dms_recuperado,743.4097,412.4668,157.519,173.4239,Florestal,448.0,Intencional,0,1,0,0,29.52
BI219579,2019050028005.0,2019,9,13,2019-09-13,14:50:00,2019-09-14,20:26:00,2019-09-13,14:56:00,Castelo Branco,Sertã,Marmeleiro,Marmeleiro (ED244 (ED244) Km 4),50908,39.761914,-8.079426,204600.0,310399.0,dms_recuperado,720.19,524.079,151.09,45.021,Florestal,152.0,Negligente,0,1,0,0,29.6
BL219761,2019060042282.0,2019,9,13,2019-09-13,18:22:00,2019-09-14,18:38:00,2019-09-13,18:32:00,Coimbra,Miranda do Corvo,Miranda do Corvo,Moinhos (Quinta da Ponte),60902,40.09407,-8.339499,182399.0,347300.0,dms_recuperado,563.83,519.96,43.87,0.0,Florestal,448.0,Intencional,0,1,0,0,24.27
DM4191391,2019030073878.0,2019,9,13,2019-09-13,22:57:00,2019-09-14,10:26:00,2019-09-13,23:20:00,Braga,Fafe,Estorãos,Lapas,30708,41.491944,-8.140556,199268.0,502704.0,dms_recuperado,157.1117,18.8377,138.274,0.0,Florestal,333.0,Intencional,0,1,0,0,11.48
TM119873,2019170026434.0,2019,9,13,2019-09-13,21:52:00,2019-09-14,18:00:00,2019-09-13,22:15:00,Vila Real,Peso da Régua,Vinhós,Ferraria,170811,41.225215,-7.858552,223023.0,472927.0,dms_recuperado,140.2,5.0,135.0,0.2,Florestal,125.0,Negligente,0,1,0,0,20.13
DM2192917,2019130156029.0,2019,9,14,2019-09-14,02:05:00,2019-09-14,14:11:00,2019-09-14,02:20:00,Porto,Marco de Canaveses,Soalhães,Outeiro (SALGUEIRO),130722,41.14779,-8.08508,204033.0,464293.0,dms_recuperado,176.033,33.2647,139.0931,3.6752,Florestal,610.0,Desconhecida,0,1,0,0,12.1
DM4191405,2019030074008.0,2019,9,14,2019-09-14,10:54:00,2019-09-14,22:00:00,2019-09-14,11:00:00,Braga,Cabeceiras de Basto,Rio Douro,Picoto,30415,41.5575,-7.969444,213544.0,509979.0,dms_recuperado,115.1028,9.7818,105.3209,0.0,Florestal,37.0,Intencional,0,1,0,0,11.1
BI119492,2019090034760.0,2019,10,12,2019-10-12,19:39:00,2019-10-13,03:07:00,2019-10-12,19:55:00,Guarda,Aguiar da Beira,Dornelas,Fontes do Antero,90105,40.756944,-7.522778,251448.0,421248.0,dms_recuperado,106.0,0.0,106.0,0.0,Florestal,448.0,Intencional,0,1,0,0,7.47
TM120120,2020170007235.0,2020,3,26,2020-03-26,13:42:00,2020-03-26,19:04:00,2020-03-26,14:10:00,Vila Real,Montalegre,Meixedo,Alto da Fraga,170613,41.807222,-7.736944,232829.0,537800.0,dms_recuperado,118.0,3.5,114.5,0.0,Florestal,125.0,Negligente,0,1,0,0,5.37
AG120550,2020080023014.0,2020,6,19,2020-06-19,12:55:00,2020-06-21,19:58:00,2020-06-19,13:10:00,Faro,Aljezur,Bordeira,Vilarinha,80302,37.164444,-8.858056,135492.0,22487.0,dms_recuperado,2302.446,1629.3687,604.5649,68.5124,Florestal,225.0,Negligente,0,1,0,0,55.05
BI220125,2020050015270.0,2020,6,30,2020-06-30,17:33:00,2020-07-01,01:40:00,2020-06-30,17:56:00,Castelo Branco,Idanha-a-nova,Salvaterra do Extremo,Torre (Fonte do Pessegueiro),50513,39.90139,-6.96194,300156.0,326540.0,dms_recuperado,587.0251,179.5767,188.2132,219.2352,Florestal,610.0,Desconhecida,0,1,0,0,8.12
AT320155,2020020014365.0,2020,7,3,2020-07-03,16:59:00,2020-07-03,21:50:00,2020-07-03,17:11:00,Beja,Aljustrel,Rio de Moinhos,Barranco dos Milhouros,20105,37.901111,-8.225833,191748.0,104005.0,dms_recuperado,118.4,0.0,0.0,118.4,Agrícola,221.0,Negligente,0,0,1,0,4.85
BL220206,2020060025395.0,2020,7,4,2020-07-04,13:09:00,2020-07-05,00:53:00,2020-07-04,13:25:00,Coimbra,Pampilhosa da Serra,Janeiro de Baixo,JANEIRO BAIXO (Baralha),61204,40.05778,-7.80722,227806.0,343300.0,dms_recuperado,165.5,155.0,10.5,0.0,Florestal,448.0,Intencional,0,1,0,0,11.73
AG120614,2020080025576.0,2020,7,6,2020-07-06,14:56:00,2020-07-07,10:00:00,2020-07-06,15:09:00,Faro,Silves,São Marcos da Serra,Boião (Cerro da Rocha da Praça),81306,37.380947,-8.346472,181099.0,46113.0,dms_recuperado,535.633,416.9862,118.0288,0.618,Florestal,161.0,Negligente,0,1,0,0,19.07
BL120344,2020180031783.0,2020,7,10,2020-07-10,14:07:00,2020-07-11,19:00:00,2020-07-10,14:22:00,Viseu,São João da Pesqueira,Riodades,RIODADES (Ferradela),181507,41.01622,-7.507788,252600.0,449868.0,dms_recuperado,738.0,25.07,712.93,0.0,Florestal,448.0,Intencional,0,1,0,0,28.88
AT320181,2020020015281.0,2020,7,13,2020-07-13,17:07:00,2020-07-14,05:51:00,2020-07-13,17:23:00,Beja,Castro Verde,Castro Verde,Monte dos Longos,20602,37.779722,-8.1175,201274.0,90521.0,dms_recuperado,2382.0,0.0,0.0,2382.0,Agrícola,222.0,Negligente,0,0,1,0,12.73
DM320276,2020160016211.0,2020,7,14,2020-07-14,20:57:00,2020-07-15,17:50:00,2020-07-14,21:20:00,Viana do Castelo,Ponte de Lima,Fornelos,Quinta do Casal,160722,41.724722,-8.526111,167204.0,528637.0,dms_recuperado,136.2775,116.1621,17.7782,2.3372,Florestal,448.0,Intencional,0,1,0,0,20.88
DM320288,2020160016354.0,2020,7,16,2020-07-16,00:43:00,2020-07-18,08:45:00,2020-07-16,01:41:00,Viana do Castelo,Ponte de Lima,Vitorino dos Piães,Valinho,160751,41.666389,-8.631389,158400.0,522203.0,dms_recuperado,157.7,73.55,80.02,4.13,Florestal,448.0,Intencional,0,1,0,0,56.03
DM2201520,2020130105724.0,2020,7,17,2020-07-17,11:32:00,2020-07-17,20:32:00,2020-07-17,11:35:00,Porto,Santo Tirso,Agrela,Agrela (Ribeiro da Balinha),131401,41.24806,-8.46167,172462.0,475480.0,dms_recuperado,415.8438,407.3987,8.4451,0.0,Florestal,610.0,Desconhecida,0,1,0,0,9.0
DM2201557,2020130106000.0,2020,7,17,2020-07-17,16:53:00,2020-07-18,00:13:00,2020-07-17,17:05:00,Porto,Paredes,Sobreira,Lg. Alvre (Valdeira),131020,41.12299,-8.413615,176445.0,461576.0,dms_recuperado,178.91,124.73,48.62,5.56,Florestal,6.0,Desconhecida,0,1,0,0,7.33
BI120289,2020090021015.0,2020,7,17,2020-07-17,14:43:00,2020-07-19,23:59:00,2020-07-17,14:50:00,Guarda,Gouveia,Ribamondego,ED 329 - Km 74 - Ribamondego,90614,40.558056,-7.578611,246863.0,399133.0,dms_recuperado,102.0,0.0,102.0,0.0,Florestal,448.0,Intencional,0,1,0,0,57.27
BL120414,2020180033609.0,2020,7,18,2020-07-18,14:13:00,2020-07-19,03:30:00,2020-07-18,14:30:00,Viseu,Viseu,Bodiosa,BODIOSA - AVAL (Aval),182304,40.720345,-8.006672,210684.0,416830.0,dms_recuperado,100.0,60.0,20.0,20.0,Florestal,236.0,Negligente,0,1,0,0,13.28
AT220139,2020120014122.0,2020,7,21,2020-07-21,14:41:00,2020-07-21,20:39:00,2020-07-21,14:52:00,Portalegre,Avis,Aldeia Velha,Montes Juntos (ER244 (ER244) Km 101),120302,39.116933,-7.976795,213517.0,238801.0,dms_recuperado,703.3805,612.8104,74.0414,16.5288,Florestal,51.0,Natural,0,1,0,0,5.97
TM120374,2020170016869.0,2020,7,21,2020-07-21,15:33:00,2020-07-22,01:16:00,2020-07-21,15:50:00,Vila Real,Montalegre,Vilar Perdizes (São Miguel),Castelar,170628,41.849444,-7.640833,240785.0,542522.0,dms_recuperado,107.5634,8.7842,95.601,3.1782,Florestal,226.0,Negligente,0,1,0,0,9.72
RO120470,2020140036428.0,2020,7,22,2020-07-22,13:27:00,2020-07-22,14:18:00,2020-07-22,13:33:00,Santarém,Abrantes,Fontes,FONTES (Sobreira Alta),140118,39.602412,-8.227335,191906.0,292693.0,dms_recuperado,262.4985,200.3,62.1985,0.0,Florestal,172.0,Negligente,0,1,0,0,0.85
BI220227,2020050017687.0,2020,7,25,2020-07-25,15:31:00,2020-07-29,08:52:00,2020-07-25,15:43:00,Castelo Branco,Oleiros,Oleiros,Sardeiras de Baixo (Pontão),50608,39.880644,-7.935549,216900.0,323600.0,dms_recuperado,5590.4769,3996.499,1373.4077,220.5702,Florestal,60.0,Desconhecida,0,1,0,0,89.35
TM220209,2020040018066.0,2020,7,25,2020-07-25,14:10:00,2020-07-26,05:57:00,2020-07-25,14:26:00,Bragança,Vinhais,Vilar de Lomba,VILAR DE LOMBA,41231,41.809763,-7.179397,279254.0,538252.0,dms_recuperado,957.33,368.81,569.37,19.15,Florestal,711.0,Reacendimento,1,1,0,0,15.78
DM320372,2020160017498.0,2020,7,25,2020-07-25,10:29:00,2020-07-26,04:05:00,2020-07-25,10:47:00,Viana do Castelo,Ponte de Lima,Santa Maria Rebordões,Serra da Nó,160744,41.708889,-8.5975,161252.0,526905.0,dms_recuperado,397.0,60.0,337.0,0.0,Florestal,122.0,Negligente,0,1,0,0,17.6
TM220210,2020040018074.0,2020,7,25,2020-07-25,14:51:00,2020-07-25,23:26:00,2020-07-25,15:03:00,Bragança,Vila Flor,Seixo de Manhoses,SEIXO DE MANHOZES (CHEIRA),41013,41.265594,-7.174694,280315.0,477817.0,dms_recuperado,192.91,27.42,134.65,30.84,Florestal,227.0,Negligente,0,1,0,0,8.58
BI220232,2020050018074.0,2020,7,29,2020-07-29,14:43:00,2020-08-01,09:51:00,2020-07-29,14:55:00,Castelo Branco,Covilhã,Sobral de São Miguel,Sobral de São Miguel (Ribeira de Porsim),50322,40.201382,-7.74191,233308.0,359268.0,dms_recuperado,1083.7734,651.2881,390.7953,41.69,Florestal,448.0,Intencional,0,1,0,0,67.13
TM120431,2020170018342.0,2020,7,30,2020-07-30,13:37:00,2020-07-31,11:52:00,2020-07-30,13:50:00,Vila Real,Chaves,Vila Verde da Raia,VILA VERDE RAIA (Alto da Albagueira),170343,41.790335,-7.411987,259944.0,535906.0,dms_recuperado,2593.743,1033.648,813.1731,746.9218,Florestal,448.0,Intencional,0,1,0,0,22.25
TM120445,2020170018596.0,2020,7,31,2020-07-31,16:11:00,2020-08-02,13:30:00,2020-07-31,16:20:00,Vila Real,Mondim de Basto,Vilar de Ferreiros,Senhora da Graça (Carvalhas),170508,41.410923,-7.925653,217348.0,493536.0,dms_recuperado,218.0,109.0,109.0,0.0,Florestal,448.0,Intencional,0,1,0,0,45.32
DM2202352,2020130115775.0,2020,7,31,2020-07-31,21:37:00,2020-08-01,08:23:00,2020-07-31,22:10:00,Porto,Amarante,Gouveia (São Simão),Aldeia Velha (São Simão),130134,41.215369,-8.06278,205899.0,471800.0,dms_recuperado,192.22,0.3,191.92,0.0,Florestal,610.0,Desconhecida,0,1,0,0,10.77
BI120331,2020090022595.0,2020,7,31,2020-07-31,16:23:00,2020-08-01,21:22:00,2020-07-31,16:40:00,Guarda,Pinhel,Safurdão,Cerro,91021,40.6425,-7.045278,291916.0,408928.0,dms_recuperado,102.15,41.25,30.0,30.9,Florestal,312.0,Negligente,0,1,0,0,28.98
TM220246,2020040019831.0,2020,8,6,2020-08-06,14:41:00,2020-08-07,10:45:00,2020-08-06,14:55:00,Bragança,Torre de Moncorvo,Adeganha,ADEGANHA (SÃO GREGÓRIO),40902,41.230388,-7.073445,288847.0,474005.0,dms_recuperado,2720.66,132.72,2558.96,28.98,Florestal,448.0,Intencional,0,1,0,0,20.07
BL120534,2020180037681.0,2020,8,6,2020-08-06,12:02:00,2020-08-09,00:01:00,2020-08-06,12:16:00,Viseu,Sernancelhe,Quintela,Lapa,181814,40.870984,-7.576782,246899.0,433699.0,dms_recuperado,2269.0,590.15,1629.05,49.8,Florestal,227.0,Negligente,0,1,0,0,59.98
TM120477,2020170019477.0,2020,8,6,2020-08-06,12:06:00,2020-08-08,07:45:00,2020-08-06,12:20:00,Vila Real,Alijó,Alijó,ZONA INDUSTRIAL (Souto do Monte),170101,41.291014,-7.486089,254199.0,480400.0,dms_recuperado,973.0,10.0,953.0,10.0,Florestal,211.0,Negligente,0,1,0,0,43.65
BI220256,2020050018872.0,2020,8,6,2020-08-06,13:58:00,2020-08-08,22:11:00,2020-08-06,14:13:00,Castelo Branco,Fundão,Bogas de Baixo,Bogas de Baixo,50409,40.043278,-7.776894,230399.0,341699.0,dms_recuperado,781.4359,752.086,8.1469,21.2031,Florestal,630.0,Desconhecida,0,1,0,0,56.22
BI120349,2020090023227.0,2020,8,6,2020-08-06,13:46:00,2020-08-07,21:27:00,2020-08-06,14:00:00,Guarda,Sabugal,Moita,Balseiras,91119,40.294167,-7.204167,278893.0,370079.0,dms_recuperado,697.0,203.0,300.0,194.0,Florestal,152.0,Negligente,0,1,0,0,31.68
BL420460,2020100039799.0,2020,8,6,2020-08-06,02:45:00,2020-08-07,08:55:00,2020-08-06,03:03:00,Leiria,Porto de Mós,Mendiga,PNSAC - MARINHA DA MENDIGA,101607,39.503648,-8.826708,140343.0,281954.0,dms_recuperado,532.291,7.386,524.905,0.0,Florestal,125.0,Negligente,0,1,0,0,30.17
TM220244,2020040019784.0,2020,8,6,2020-08-06,11:24:00,2020-08-06,23:29:00,2020-08-06,11:30:00,Bragança,Mirandela,Mirandela,VIA EN15 MIRANDELA MIRANDELA BGC#MIRANDELA 5370 (Vale do Salgueiro),40721,41.475853,-7.205465,277487.0,501141.0,dms_recuperado,374.0,28.81,284.21,60.98,Florestal,221.0,Negligente,0,1,0,0,12.08
TM120482,2020170019511.0,2020,8,6,2020-08-06,15:37:00,2020-08-07,10:06:00,2020-08-06,15:47:00,Vila Real,Sabrosa,São Martinho de Antas,Roalde,171012,41.25,-7.63472,241775.0,475762.0,dms_recuperado,218.3761,114.2644,82.198,21.9137,Florestal,448.0,Intencional,0,1,0,0,18.48
TM220247,2020040019847.0,2020,8,6,2020-08-06,15:45:00,2020-08-07,00:59:00,2020-08-06,16:00:00,Bragança,Mirandela,Torre de Dona Chama,Guide,40730,41.639772,-7.148962,281999.0,519399.0,dms_recuperado,215.32,15.0,151.98,48.34,Florestal,448.0,Intencional,0,1,0,0,9.23
BI220264,2020050018968.0,2020,8,7,2020-08-07,12:26:00,2020-08-09,09:45:00,2020-08-07,12:40:00,Castelo Branco,Fundão,Capinha,Capinha (Quinta de Santo António),50411,40.220411,-7.361071,265716.0,361592.0,dms_recuperado,482.3761,300.2877,182.0847,0.0037,Florestal,449.0,Intencional,0,1,0,0,45.32
TM120493,2020170019677.0,2020,8,7,2020-08-07,14:41:00,2020-08-08,11:45:00,2020-08-07,15:00:00,Vila Real,Chaves,Cela,Quinta da Mata (EN213 (EN213) Km 4),170307,41.716752,-7.438337,257820.0,527715.0,dms_recuperado,148.3348,123.2168,9.8897,15.2283,Florestal,448.0,Intencional,0,1,0,0,21.07
DM320535,2020160019038.0,2020,8,8,2020-08-08,05:19:00,2020-08-11,19:43:00,2020-08-08,06:10:00,Viana do Castelo,Ponte da Barca,Lindoso,LINDOSO PNPG (Corga da Madalena),160612,41.867382,-8.166208,197255.0,544214.0,dms_recuperado,160.5409,160.5409,0.0,0.0,Florestal,630.0,Desconhecida,0,1,0,0,86.4
TM220277,2020040020724.0,2020,8,11,2020-08-11,23:21:00,2020-08-12,09:17:00,2020-08-11,23:30:00,Bragança,Torre de Moncorvo,Larinho,Larinho (Ribeiro do Pido),40910,41.210283,-6.983243,296439.0,471868.0,dms_recuperado,257.0,2.07,247.93,7.0,Florestal,51.0,Natural,0,1,0,0,9.93
BI120376,2020090024104.0,2020,8,14,2020-08-14,15:58:00,2020-08-15,10:30:00,2020-08-14,16:10:00,Guarda,Vila Nova de Foz Côa,Numão,Catapereiro,91411,41.110833,-7.270556,272342.0,460728.0,dms_recuperado,140.0,80.0,0.0,60.0,Florestal,448.0,Intencional,0,1,0,0,18.53
DM420991,2020030056845.0,2020,8,14,2020-08-14,12:57:00,2020-08-14,23:51:00,2020-08-14,13:09:00,Braga,Cabeceiras de Basto,Pedraça,Alto dos Moiros,30413,41.493611,-7.9325,216649.0,502905.0,dms_recuperado,134.7564,37.4567,91.2468,6.0529,Florestal,711.0,Reacendimento,1,1,0,0,10.9
AT220200,2020120016779.0,2020,8,18,2020-08-18,16:25:00,2020-08-18,22:24:00,2020-08-18,16:30:00,Portalegre,Marvão,Santo António das Areias,SANTO ANTÓNIO DAS AREIAS (AREIAS),121003,39.416718,-7.341102,268204.0,272370.0,dms_recuperado,492.67,92.255,387.3342,13.0807,Florestal,449.0,Intencional,0,1,0,0,5.98
BI220307,2020050020661.0,2020,8,25,2020-08-25,14:25:00,2020-08-26,19:55:00,2020-08-25,14:35:00,Castelo Branco,Covilhã,Aldeia de São Francisco de Assis,Aldeia de São Francisco de Assis,50302,40.147272,-7.731703,234204.0,353263.0,dms_recuperado,231.0654,219.4456,2.8699,8.75,Florestal,630.0,Desconhecida,0,1,0,0,29.5
BI220329,2020050021105.0,2020,8,29,2020-08-29,17:26:00,2020-08-30,08:41:00,2020-08-29,17:37:00,Castelo Branco,Castelo Branco,Escalos de Baixo,EN 240 - Ponsul (Parrocha),50207,39.861213,-7.351018,266921.0,321715.0,dms_recuperado,318.8485,145.0823,164.3252,9.441,Florestal,449.0,Intencional,0,1,0,0,15.25
DM2203006,2020130132305.0,2020,8,29,2020-08-29,20:37:00,2020-08-30,08:31:00,2020-08-29,21:02:00,Porto,Baião,Teixeira,Mafômedes (SEIXINHOS),130216,41.21323,-7.892287,220198.0,471587.0,dms_recuperado,173.8913,3.321,170.5703,0.0,Florestal,448.0,Intencional,0,1,0,0,11.9
TM220323,2020040023407.0,2020,9,4,2020-09-04,22:27:00,2020-09-05,09:15:00,2020-09-04,23:05:00,Bragança,Vinhais,Pinheiro Novo,Pinheiro Velho (Raposeira),41217,41.978172,-7.109935,284804.0,557024.0,dms_recuperado,1057.5,14.79,1024.01,18.7,Florestal,60.0,Desconhecida,0,1,0,0,10.8
DM4201144,2020030062513.0,2020,9,5,2020-09-05,18:00:00,2020-09-06,12:26:00,2020-09-05,18:15:00,Braga,Fafe,Várzea Cova,ED311 (ED311) Km 16,30734,41.512778,-8.056667,206271.0,505014.0,dms_recuperado,177.076,62.4867,114.5893,0.0,Florestal,711.0,Reacendimento,1,1,0,0,18.43
BL420584,2020100046280.0,2020,9,6,2020-09-06,01:49:00,2020-09-08,21:38:00,2020-09-06,02:05:00,Leiria,Porto de Mós,Serro Ventoso,PNSAC Codaçal (Codaçal),101613,39.540123,-8.82059,140900.0,285999.0,dms_recuperado,1024.505,104.551,878.163,41.791,Florestal,448.0,Intencional,0,1,0,0,67.82
BL120680,2020180044235.0,2020,9,7,2020-09-07,11:24:00,2020-09-15,02:15:00,2020-09-07,11:39:00,Viseu,Oliveira de Frades,Arcozelo das Maias,Antelas (Olheirão),181002,40.714273,-8.266295,188747.0,416157.0,dms_recuperado,1996.0,1761.0,215.0,20.0,Florestal,448.0,Intencional,0,1,0,0,182.85
BL120670,2020180044155.0,2020,9,7,2020-09-07,05:46:00,2020-09-07,23:48:00,2020-09-07,06:07:00,Viseu,Castro Daire,Cujó,Senhora da Livração (Touça),180305,40.93989,-7.828918,225618.0,441248.0,dms_recuperado,444.0,15.0,415.0,14.0,Florestal,449.0,Intencional,0,1,0,0,18.03
DM4201189,2020030063070.0,2020,9,7,2020-09-07,21:24:00,2020-09-08,16:13:00,2020-09-07,21:40:00,Braga,Celorico de Basto,Rego,Lagoeira da Estaca,30517,41.420833,-8.060556,205969.0,494812.0,dms_recuperado,356.3379,324.4344,14.8761,17.0274,Florestal,449.0,Intencional,0,1,0,0,18.82
DM4201215,2020030063135.0,2020,9,8,2020-09-08,05:11:00,2020-09-08,22:16:00,2020-09-08,05:15:00,Braga,Fafe,Aboim,Ribeiro da Vala do Moinho,30701,41.540556,-8.080556,204289.0,508095.0,dms_recuperado,548.5929,127.0991,402.8654,18.6284,Florestal,311.0,Intencional,0,1,0,0,17.08
DM4201219,2020030063189.0,2020,9,8,2020-09-08,09:49:00,2020-09-09,03:09:00,2020-09-08,10:00:00,Braga,Vila Verde,Travassós,Monte Castelo (Sande),31353,41.658032,-8.461547,172645.0,521013.0,dms_recuperado,185.2259,110.3559,72.9494,1.9206,Florestal,449.0,Intencional,0,1,0,0,17.33
DM320755,2020160022170.0,2020,9,8,2020-09-08,17:08:00,2020-09-09,05:00:00,2020-09-08,17:09:00,Viana do Castelo,Monção,Portela,Besteiro,160423,41.9725,-8.463889,172481.0,556124.0,dms_recuperado,137.0,40.0,97.0,0.0,Florestal,125.0,Negligente,0,1,0,0,11.87
DM320724,2020160022278.0,2020,9,9,2020-09-09,15:44:00,2020-09-10,20:30:00,2020-09-09,15:57:00,Viana do Castelo,Caminha,Dem,Pedras Frias,160209,41.82771,-8.758687,148033.0,539997.0,dms_recuperado,486.0,10.0,476.0,0.0,Florestal,448.0,Intencional,0,1,0,0,28.77
DM4201248,2020030063443.0,2020,9,9,2020-09-09,06:33:00,2020-09-09,19:07:00,2020-09-09,07:10:00,Braga,Vila Verde,Valdreu,Mixões da Serra (Chã da Castanheira),31355,41.740422,-8.333127,183363.0,530131.0,dms_recuperado,162.1451,3.8048,157.6489,0.6913,Florestal,711.0,Reacendimento,0,1,0,0,12.57
BL3201088,2020010066515.0,2020,9,12,2020-09-12,16:51:00,2020-09-13,21:41:00,2020-09-12,17:15:00,Aveiro,Arouca,Covelo de Paivó,Silveira (PROVA),10408,40.88651,-8.146517,198871.0,435275.0,dms_recuperado,572.5027,79.7791,480.8441,11.8795,Florestal,711.0,Reacendimento,1,1,0,0,28.83
DM320827,2020160022707.0,2020,9,12,2020-09-12,22:18:00,2020-09-13,17:46:00,2020-09-12,22:30:00,Viana do Castelo,Arcos de Valdevez,Portela,Além Parte,160127,41.947778,-8.458056,172945.0,553370.0,dms_recuperado,112.9208,17.5842,95.2732,0.0634,Florestal,125.0,Negligente,0,1,0,0,19.47
BI220356,2020050022403.0,2020,9,13,2020-09-13,13:43:00,2020-09-17,12:30:00,2020-09-13,13:53:00,Castelo Branco,Proença-a-nova,Sobreira Formosa,Conqueiros (Cunqueiros),50806,39.81028,-7.84194,224932.0,315809.0,dms_recuperado,14877.6848,12039.8843,2301.7489,536.0515,Florestal,449.0,Intencional,0,1,0,0,94.78
DM320846,2020160022831.0,2020,9,13,2020-09-13,21:08:00,2020-09-15,05:08:00,2020-09-13,21:30:00,Viana do Castelo,Valença,Boivão (São Tiago),Cova do Mendo,160802,41.988889,-8.534722,166619.0,557970.0,dms_recuperado,452.0,80.0,372.0,0.0,Florestal,125.0,Negligente,0,1,0,0,32.0
BI120471,2020090027240.0,2020,9,14,2020-09-14,17:45:00,2020-09-15,03:50:00,2020-09-14,17:46:00,Guarda,Figueira de Castelo Rodrigo,Vilar de Amargo,Olga,90416,40.948889,-6.988889,296249.0,442999.0,dms_recuperado,235.75,41.0,96.75,98.0,Florestal,125.0,Negligente,0,1,0,0,10.08
BI120467,2020090027221.0,2020,9,14,2020-09-14,14:39:00,2020-09-15,00:50:00,2020-09-14,14:50:00,Guarda,Figueira de Castelo Rodrigo,Vilar de Amargo,As Quelhas da Vila,90416,40.936667,-7.025278,293200.0,441612.0,dms_recuperado,181.24,11.44,100.0,69.8,Florestal,125.0,Negligente,0,1,0,0,10.18
TM120714,2020170025128.0,2020,9,16,2020-09-16,19:40:00,2020-09-17,01:53:00,2020-09-16,20:20:00,Vila Real,Montalegre,Pitões das Junias,PITÕES DAS JUNIAS - PNP Gêres (Seixo),170623,41.848523,-7.953135,214949.0,542134.0,dms_recuperado,182.1437,17.7924,164.3512,0.0,Florestal,448.0,Intencional,0,1,0,0,6.22
TM120789,2020170027430.0,2020,10,12,2020-10-12,17:36:00,2020-10-13,01:30:00,2020-10-12,17:51:00,Vila Real,Montalegre,Sarraquinhos,Cabanas,170629,41.810556,-7.620833,242474.0,538222.0,dms_recuperado,136.0,0.0,136.0,0.0,Florestal,125.0,Negligente,0,1,0,0,7.9
BL120868,2020180052074.0,2020,10,18,2020-10-18,15:05:00,2020-10-18,17:59:00,2020-10-18,16:30:00,Viseu,Cinfães,Ferreiros de Tendais,FERREIROS DE TENDAIS (Santo António),180405,41.047881,-8.051061,206900.0,453200.0,dms_recuperado,225.0,0.0,225.0,0.0,Florestal,125.0,Negligente,0,1,0,0,2.9
BL120880,2020180052136.0,2020,10,18,2020-10-18,23:10:00,2020-10-19,10:22:00,2020-10-19,00:00:00,Viseu,Cinfães,Tendais,Marcelim,180416,41.032837,-8.069392,205360.0,451528.0,dms_recuperado,134.19,2.33,131.86,0.0,Florestal,125.0,Negligente,0,1,0,0,11.2
TM220420,2020040028039.0,2020,10,18,2020-10-18,23:15:00,2020-10-19,13:05:00,2020-10-19,00:10:00,Bragança,Vinhais,Pinheiro Novo,Vilarinho das Touças (Fraga Grande),41217,41.932543,-7.121883,283873.0,551944.0,dms_recuperado,120.99,0.0,120.99,0.0,Florestal,60.0,Desconhecida,0,1,0,0,13.83
BL3218,2021010002471.0,2021,1,8,2021-01-08,21:17:00,2021-01-09,04:51:00,2021-01-08,22:00:00,Aveiro,Arouca,Alvarenga,BUSTELO,10402,40.98061,-8.118738,201211.0,445726.0,dms_recuperado,154.7946,14.4038,139.7917,0.5992,Florestal,125.0,Negligente,0,1,0,0,7.57
TM12140,2021170001835.0,2021,1,17,2021-01-17,12:25:00,2021-01-17,16:15:00,2021-01-17,13:00:00,Vila Real,Montalegre,Fervidelas,Alto do Felipo,170610,41.757222,-7.908611,218561.0,532183.0,dms_recuperado,120.0,5.0,115.0,0.0,Florestal,125.0,Negligente,0,1,0,0,3.83
TM12154,2021170002011.0,2021,1,18,2021-01-18,21:20:00,2021-01-19,12:49:00,2021-01-18,22:15:00,Vila Real,Mondim de Basto,Ermelo,ERMELO (ER304 (ER304) Km 154),170504,41.335462,-7.863197,222596.0,485169.0,dms_recuperado,208.1083,18.2487,189.8596,0.0,Florestal,125.0,Negligente,0,1,0,0,15.48
BL12148,2021180003846.0,2021,1,19,2021-01-19,11:57:00,2021-01-19,17:30:00,2021-01-19,13:05:00,Viseu,Castro Daire,Moura Morta,Paúl,180315,40.968889,-7.900833,219560.0,444465.0,dms_recuperado,252.0,0.0,252.0,0.0,Florestal,125.0,Negligente,0,1,0,0,5.55
DM421135,2021030016759.0,2021,3,9,2021-03-09,14:57:00,2021-03-09,15:47:00,2021-03-09,15:10:00,Braga,Cabeceiras de Basto,Painzela,Ribeiro dos Moços,30411,41.524444,-8.033056,208253.0,506306.0,dms_recuperado,123.634,34.5929,88.7536,0.2874,Florestal,125.0,Negligente,0,1,0,0,0.83
TM121124,2021170006453.0,2021,3,16,2021-03-16,13:40:00,2021-03-16,16:12:00,2021-03-16,13:55:00,Vila Real,Peso da Régua,Sedielos,SEDIELOS (Águas Santas),170809,41.213412,-7.872597,221849.0,471612.0,dms_recuperado,124.7227,22.6589,102.0371,0.0267,Florestal,125.0,Negligente,0,1,0,0,2.53
BI12168,2021090009949.0,2021,3,17,2021-03-17,23:27:00,2021-03-22,18:13:00,2021-03-17,23:28:00,Guarda,Seia,Loriga,Cerro do Outeiro Grande,91207,40.323611,-7.714167,235495.0,373035.0,dms_recuperado,349.6225,349.611,0.0,0.0114,Florestal,122.0,Negligente,0,1,0,0,114.77
BL121175,2021180013892.0,2021,3,21,2021-03-21,10:59:00,2021-03-21,19:31:00,2021-03-21,11:05:00,Viseu,Tarouca,Várzea da Serra,Monte Longo,182009,40.991111,-7.841667,224532.0,446938.0,dms_recuperado,161.75,0.0,161.75,0.0,Florestal,122.0,Negligente,0,1,0,0,8.53
TM121298,2021170007172.0,2021,3,23,2021-03-23,11:55:00,2021-03-23,22:25:00,2021-03-23,12:10:00,Vila Real,Montalegre,Solveira,Fernanmouro,170631,41.825,-7.669722,238396.0,539775.0,dms_recuperado,190.0,0.0,190.0,0.0,Florestal,125.0,Negligente,0,1,0,0,10.5
TM121317,2021170007235.0,2021,3,23,2021-03-23,19:38:00,2021-03-23,22:15:00,2021-03-23,19:45:00,Vila Real,Montalegre,Sezelhe,Chão de Moção,170630,41.8225,-7.890278,220066.0,539441.0,dms_recuperado,136.0,0.0,136.0,0.0,Florestal,125.0,Negligente,0,1,0,0,2.62
TM121327,2021170007269.0,2021,3,24,2021-03-24,09:00:00,2021-03-24,18:25:00,2021-03-24,09:30:00,Vila Real,Montalegre,Chã,Castanheira da Chã (Pereira),170604,41.79187,-7.817113,226268.0,535874.0,dms_recuperado,146.0682,36.653,105.9063,3.509,Florestal,125.0,Negligente,0,1,0,0,9.42
TM221127,2021040008304.0,2021,3,31,2021-03-31,14:52:00,2021-04-01,00:54:00,2021-03-31,15:30:00,Bragança,Vinhais,Edral,Sandim,41206,41.856642,-7.187188,278550.0,543452.0,dms_recuperado,129.43,20.54,108.89,0.0,Florestal,125.0,Negligente,0,1,0,0,10.03
DM321256,2021160008007.0,2021,4,1,2021-04-01,00:54:00,2021-04-01,06:57:00,2021-04-01,02:42:00,Viana do Castelo,Arcos de Valdevez,São Paio Arcos Valdevez,Outeiro Frio,160141,41.847222,-8.397222,177955.0,542199.0,dms_recuperado,109.5,40.0,69.5,0.0,Florestal,125.0,Negligente,0,1,0,0,6.05
AG121869,2021080019212.0,2021,5,22,2021-05-22,15:50:00,2021-05-22,22:00:00,2021-05-22,16:05:00,Faro,Vila Real de Santo António,Vila Nova de Cacela,Vale de Asno,81601,37.204444,-7.5325,253307.0,26680.0,dms_recuperado,100.1,0.0,100.1,0.0,Florestal,227.0,Negligente,0,1,0,0,6.17
DM421583,2021030039530.0,2021,6,5,2021-06-05,15:23:00,2021-06-05,22:34:00,2021-06-05,15:26:00,Braga,Celorico de Basto,Moreira do Castelo,Alto do Governo,30515,41.3475,-8.052778,206725.0,486472.0,dms_recuperado,145.7588,143.9748,1.7839,0.0,Florestal,122.0,Negligente,0,1,0,0,7.18
AT12194,2021070010787.0,2021,6,6,2021-06-06,17:27:00,2021-06-06,23:06:00,2021-06-06,17:52:00,Évora,Reguengos de Monsaraz,Campo,Herdade das Tabulimas,71101,38.291667,-7.505833,254884.0,147371.0,dms_recuperado,109.7082,74.4017,35.3065,0.0,Florestal,221.0,Negligente,0,1,0,0,5.65
BI121206,2021090019876.0,2021,6,9,2021-06-09,10:39:00,2021-06-09,22:36:00,2021-06-09,10:58:00,Guarda,Pinhel,Vale da Madeira,"Rota Judiarias, ER221",91026,40.815,-7.033889,292753.0,427899.0,dms_recuperado,328.0,110.0,110.0,108.0,Florestal,223.0,Negligente,0,1,0,0,11.95
AT321215,2021020015686.0,2021,7,12,2021-07-12,15:16:00,2021-07-12,17:59:00,2021-07-12,15:17:00,Beja,Aljustrel,Aljustrel,Monte Barriga,20101,37.819722,-8.070556,205512.0,94783.0,dms_recuperado,205.0,0.0,0.0,205.0,Agrícola,222.0,Negligente,0,0,1,0,2.72
AT221130,2021120013488.0,2021,7,14,2021-07-14,14:42:00,2021-07-14,18:17:00,2021-07-14,15:05:00,Portalegre,Sousel,Casa Branca,Herdade D. JOÃO (Monte do Dom João),121502,38.906386,-7.841716,225274.0,215455.0,dms_recuperado,170.683,90.9,1.346,78.437,Florestal,221.0,Negligente,0,1,0,0,3.58
BI121255,2021090024242.0,2021,7,16,2021-07-16,00:35:00,2021-07-18,22:15:00,2021-07-16,01:00:00,Guarda,Sabugal,Sortelha,Azenha,91133,40.341944,-7.230833,276672.0,375186.0,dms_recuperado,437.75,37.75,400.0,0.0,Florestal,125.0,Negligente,0,1,0,0,69.67
AG1211131,2021080029244.0,2021,7,17,2021-07-17,13:26:00,2021-07-18,19:10:00,2021-07-17,13:40:00,Faro,Monchique,Marmelete,Selão Novo,80902,37.259444,-8.671111,152270.0,32758.0,dms_recuperado,1915.2223,894.3686,904.8903,115.9634,Florestal,236.0,Negligente,0,1,0,0,29.73
TM221242,2021040019425.0,2021,7,20,2021-07-20,14:13:00,2021-07-20,20:23:00,2021-07-20,14:32:00,Bragança,Mogadouro,Tó,Tó (Mina),40819,41.35442,-6.5645,331271.0,488426.0,dms_recuperado,254.95,49.95,158.89,46.11,Florestal,226.0,Negligente,0,1,0,0,6.17
AT221161,2021120014803.0,2021,7,28,2021-07-28,14:45:00,2021-07-29,00:28:00,2021-07-28,14:59:00,Portalegre,Elvas,Vila Boim,Vila Boim (Ribeiro da Terra Branca),120710,38.852,-7.302312,272118.0,209705.0,dms_recuperado,205.4377,187.93,16.8312,0.6765,Florestal,445.0,Intencional,0,1,0,0,9.72
AG1211218,2021080032936.0,2021,8,4,2021-08-04,13:46:00,2021-08-05,00:00:00,2021-08-04,13:56:00,Faro,Loulé,Querença,CARVALHAL / Amendoeira (Amendoeira),80806,37.17333,-7.9725,214259.0,23061.0,dms_recuperado,225.65,0.0,225.65,0.0,Florestal,448.0,Intencional,0,1,0,0,10.23
AG1211287,2021080035488.0,2021,8,16,2021-08-16,01:05:00,2021-08-17,20:30:00,2021-08-16,01:34:00,Faro,Castro Marim,Odeleite,Pernadeiro,80403,37.307222,-7.614722,245958.0,38022.0,dms_recuperado,6629.0,2066.0,3531.0,1032.0,Florestal,449.0,Intencional,0,1,0,0,43.42
AT321313,2021020019189.0,2021,8,18,2021-08-18,13:14:00,2021-08-19,18:40:00,2021-08-18,13:28:00,Beja,Odemira,Sabóia,João Martins,21103,37.438333,-8.574444,160931.0,52537.0,dms_recuperado,987.61,987.61,0.0,0.0,Florestal,449.0,Intencional,0,1,0,0,29.43
AG1211309,2021080036098.0,2021,8,18,2021-08-18,16:27:00,2021-08-19,01:07:00,2021-08-18,16:35:00,Faro,Loulé,Ameixial,Rambóia,80803,37.404444,-7.905,220192.0,48739.0,dms_recuperado,193.0,193.0,0.0,0.0,Florestal,44.0,Intencional,0,1,0,0,8.67
TM221303,2021040023667.0,2021,8,20,2021-08-20,17:51:00,2021-08-21,02:27:00,2021-08-20,18:07:00,Bragança,Freixo de Espada À Cinta,Lagoaça,Lagoaça (Cabeço da Santa),40403,41.216787,-6.741868,316672.0,472886.0,dms_recuperado,397.27,1.52,395.75,0.0,Florestal,448.0,Intencional,0,1,0,0,8.6
TM121833,2021170027570.0,2021,9,20,2021-09-20,22:36:00,2021-09-21,07:23:00,2021-09-20,23:00:00,Vila Real,Mondim de Basto,Ermelo,ERMELO (Alto das Fontes),170504,41.351725,-7.859993,222858.0,486977.0,dms_recuperado,150.0,0.0,150.0,0.0,Florestal,711.0,Reacendimento,0,1,0,0,8.78
DM321728,2021160027545.0,2021,10,11,2021-10-11,20:08:00,2021-10-12,18:22:00,2021-10-11,22:31:00,Viana do Castelo,Viana do Castelo,Montaria,Serra de Arga,160920,41.82,-8.736667,149854.0,539124.0,dms_recuperado,198.2,0.0,198.2,0.0,Florestal,125.0,Negligente,0,1,0,0,22.23
DM321786,2021160031313.0,2021,11,19,2021-11-19,22:58:00,2021-11-20,01:58:00,2021-11-20,00:03:00,Viana do Castelo,Arcos de Valdevez,Extremo,EXTREMO (EN101 (EN101) Km 35),160112,41.962036,-8.470175,172060.0,554782.0,dms_recuperado,196.0,10.0,186.0,0.0,Florestal,125.0,Negligente,0,1,0,0,3.0
2022_04_0002704,2022040002704.0,2022,1,28,2022-01-28,08:00:00,2022-01-29,13:00:00,2022-01-28,08:20:00,Bragança,Bragança,França,Lama Grande (Fonte Ferrugenta),40215,41.98193,-6.796219,310799.0,557800.0,dms_recuperado,924.495,85.551,836.305,2.639,Florestal,60.0,Desconhecida,0,1,0,0,29.0
2022_01_0008319,2022010008319.0,2022,1,28,2022-01-28,12:38:00,2022-01-29,01:11:00,2022-01-28,12:52:00,Aveiro,Vale de Cambra,Arões,Paraduça (Ribeira de Paraduca),11901,40.814578,-8.273058,188193.0,427297.0,dms_recuperado,227.9884,214.747,1.2639,11.9775,Florestal,121.0,Negligente,0,1,0,0,12.55
2022_18_0005311,2022180005311.0,2022,1,28,2022-01-28,22:39:00,2022-01-29,01:45:00,2022-01-28,23:35:00,Viseu,Resende,Panchorra,Talha,181309,41.025556,-7.956111,214885.0,450717.0,dms_recuperado,127.0451,0.3602,126.4108,0.2742,Florestal,125.0,Negligente,0,1,0,0,3.1
2022_17_0002714,2022170002714.0,2022,1,29,2022-01-29,00:19:00,2022-01-29,11:00:00,2022-01-29,00:30:00,Vila Real,Montalegre,Padornelos,Carqueijal,170620,41.875556,-7.76,230973.0,545188.0,dms_recuperado,288.7692,70.8494,201.0026,16.9173,Florestal,125.0,Negligente,0,1,0,0,10.68
2022_16_0002737,2022160002737.0,2022,1,29,2022-01-29,07:39:00,2022-01-29,19:00:00,2022-01-29,09:30:00,Viana do Castelo,Ponte da Barca,Germil,Piornal,160609,41.7875,-8.2575,189672.0,535357.0,dms_recuperado,181.7883,8.5851,173.1322,0.0709,Florestal,125.0,Negligente,0,1,0,0,11.35
2022_17_0002847,2022170002847.0,2022,1,29,2022-01-29,22:31:00,2022-01-30,18:00:00,2022-01-29,23:10:00,Vila Real,Mondim de Basto,Ermelo,FERVENCA (PN do Alvão) (Carvalhal),170504,41.361367,-7.852433,223487.0,488049.0,dms_recuperado,142.6615,5.2996,137.3619,0.0,Florestal,125.0,Negligente,0,1,0,0,19.48
2022_17_0002784,2022170002784.0,2022,1,29,2022-01-29,15:49:00,2022-01-29,22:46:00,2022-01-29,16:10:00,Vila Real,Montalegre,Chã,Regueiro do Malhão,170604,41.795278,-7.710278,235149.0,536303.0,dms_recuperado,139.2033,30.8029,104.2536,4.1468,Florestal,125.0,Negligente,0,1,0,0,6.95
2022_16_0002935,2022160002935.0,2022,1,30,2022-01-30,17:03:00,2022-01-31,16:22:00,2022-01-30,18:00:00,Viana do Castelo,Viana do Castelo,Outeiro,Fraga Pinta,160925,41.760556,-8.770833,146968.0,532545.0,dms_recuperado,239.0,12.0,227.0,0.0,Florestal,125.0,Negligente,0,1,0,0,23.32
2022_17_0002867,2022170002867.0,2022,1,30,2022-01-30,10:18:00,2022-01-30,19:00:00,2022-01-30,10:30:00,Vila Real,Montalegre,Padornelos,Fojo,170620,41.887222,-7.7525,231599.0,546474.0,dms_recuperado,211.0964,88.0646,121.6091,1.4228,Florestal,125.0,Negligente,0,1,0,0,8.7
2022_16_0003032,2022160003032.0,2022,1,31,2022-01-31,13:38:00,2022-02-01,01:05:00,2022-01-31,14:08:00,Viana do Castelo,Arcos de Valdevez,Padroso,ED301 (ED301) Km 49,160125,41.948056,-8.487778,170594.0,553238.0,dms_recuperado,226.1853,85.4017,136.6682,4.1155,Florestal,125.0,Negligente,0,1,0,0,11.45
2022_03_0009236,2022030009236.0,2022,1,31,2022-01-31,22:38:00,2022-02-01,07:50:00,2022-01-31,22:55:00,Braga,Vieira do Minho,Cantelães,Meães,31105,41.647782,-8.109413,201976.0,519823.0,dms_recuperado,123.3993,46.0924,77.2103,0.0966,Florestal,129.0,Negligente,0,1,0,0,9.2
2022_17_0003108,2022170003108.0,2022,1,31,2022-01-31,16:46:00,2022-02-01,06:00:00,2022-02-01,01:30:00,Vila Real,Montalegre,Outeiro,CASTANHEIRO,170619,41.789444,-8.015,209811.0,535566.0,dms_recuperado,118.4649,0.0,118.4649,0.0,Florestal,125.0,Negligente,0,1,0,0,13.23
2022_16_0003240,2022160003240.0,2022,2,2,2022-02-02,08:46:00,2022-02-02,18:08:00,2022-02-02,09:19:00,Viana do Castelo,Arcos de Valdevez,Ermelo,Gião (Ribeiro da Abeirada),160111,41.856733,-8.327445,183866.0,543049.0,dms_recuperado,234.1115,0.0,234.1115,0.0,Florestal,125.0,Negligente,0,1,0,0,9.37
2022_17_0005844,2022170005844.0,2022,2,26,2022-02-26,03:43:00,2022-02-26,14:05:00,2022-02-26,05:52:00,Vila Real,Mondim de Basto,Ermelo,Carvalhal,170504,41.357778,-7.851667,223557.0,487639.0,dms_recuperado,104.1502,4.9372,99.213,0.0,Florestal,125.0,Negligente,0,1,0,0,10.37
2022_17_0011360,2022170011360.0,2022,4,20,2022-04-20,11:07:00,2022-04-20,23:36:00,2022-04-20,11:50:00,Vila Real,Valpaços,Bouçoães,Vilartão (Picotos da Calçada),171205,41.772728,-7.19751,277794.0,534122.0,dms_recuperado,260.8803,81.4864,167.8562,11.5377,Florestal,312.0,Negligente,0,1,0,0,12.48
2022_03_0038411,2022030038411.0,2022,5,8,2022-05-08,16:13:00,2022-05-09,04:42:00,2022-05-08,16:25:00,Braga,Fafe,Moreira do Rei,Quebrada,30718,41.471944,-8.102778,202526.0,500287.0,dms_recuperado,186.6883,79.616,107.0713,0.0011,Florestal,311.0,Intencional,0,1,0,0,12.48
2022_17_0015853,2022170015853.0,2022,5,26,2022-05-26,23:21:00,2022-05-28,20:05:00,2022-05-26,23:40:00,Vila Real,Murça,Carva,CARVA (Fisgas),170702,41.401773,-7.557528,248134.0,492658.0,dms_recuperado,252.0,5.0,247.0,0.0,Florestal,121.0,Negligente,0,1,0,0,44.73
2022_09_0023593,2022090023593.0,2022,7,2,2022-07-02,12:21:00,2022-07-03,02:32:00,2022-07-02,12:35:00,Guarda,Guarda,Arrifana,"A 25, Km 164.85",90706,40.573611,-7.2025,278797.0,400931.0,dms_recuperado,782.65,69.0,663.65,50.0,Florestal,215.0,Negligente,0,1,0,0,14.18
2022_14_0040428,2022140040428.0,2022,7,6,2022-07-06,18:10:00,2022-07-07,07:25:00,2022-07-06,18:20:00,Santarém,Abrantes,Tramagal,EN118 (EN118) Km 128,140115,39.449167,-8.239722,190824.0,275680.0,dms_recuperado,113.6366,75.0,38.6366,0.0,Florestal,222.0,Negligente,0,1,0,0,13.25
2022_04_0020546,2022040020546.0,2022,7,7,2022-07-07,15:54:00,2022-07-11,20:15:00,2022-07-07,16:05:00,Bragança,Carrazeda de Ansiães,Marzagão,Marzagão (Lage),40309,41.199595,-7.325467,267748.0,470359.0,dms_recuperado,3309.77,2124.16,744.97,440.64,Florestal,51.0,Natural,0,1,0,0,100.35
2022_14_0040647,2022140040647.0,2022,7,7,2022-07-07,16:37:00,2022-07-11,21:00:00,2022-07-07,16:49:00,Santarém,Ourém,Freixianda,Cumeada,142108,39.801944,-8.4875,169649.0,314903.0,dms_recuperado,2936.0,1099.0,886.0,951.0,Florestal,448.0,Intencional,0,1,0,0,100.38
2022_09_0024139,2022090024139.0,2022,7,7,2022-07-07,14:11:00,2022-07-08,23:42:00,2022-07-07,14:23:00,Guarda,Guarda,Benespera,"A 25 km 196, Sentido N/S",90709,40.419167,-7.285833,271919.0,383731.0,dms_recuperado,740.0,429.0,301.0,10.0,Florestal,215.0,Negligente,0,1,0,0,33.52
2022_01_0060403,2022010060403.0,2022,7,7,2022-07-07,12:18:00,2022-07-09,00:24:00,2022-07-07,12:33:00,Aveiro,Sever do Vouga,Talhadas,Lourizela,11708,40.645,-8.325278,183746.0,408474.0,dms_recuperado,223.2687,212.8292,2.9456,7.494,Florestal,449.0,Intencional,0,1,0,0,36.1
2022_10_0041582,2022100041582.0,2022,7,8,2022-07-08,14:50:00,2022-07-16,12:20:00,2022-07-08,15:00:00,Leiria,Ansião,Pousaflores,Outeiro Redondo,100306,39.889167,-8.47,171184.0,324582.0,dms_recuperado,5135.7852,3459.1515,620.3086,1056.3252,Florestal,448.0,Intencional,0,1,0,0,189.5
2022_13_0118139,2022130118139.0,2022,7,9,2022-07-09,14:56:00,2022-07-11,08:38:00,2022-07-09,15:03:00,Porto,Baião,Baião (Santa Leocádia),SANTA_LEOCADIA 130222: @SANTA LEOCADIA (LUGAR#128386) (Pinhadouro),130214,41.113185,-8.093097,203362.0,460450.0,dms_recuperado,162.322,101.6301,21.8866,38.8052,Florestal,610.0,Desconhecida,0,1,0,0,41.7
2022_03_0058972,2022030058972.0,2022,7,9,2022-07-09,14:18:00,2022-07-09,22:55:00,2022-07-09,14:31:00,Braga,Vila Nova de Famalicão,Portela,S. Romão (Paço),31231,41.4527,-8.436583,174644.0,498200.0,dms_recuperado,160.8114,146.9837,5.0264,8.8013,Florestal,448.0,Intencional,0,1,0,0,8.62
2022_17_0021756,2022170021756.0,2022,7,10,2022-07-10,15:15:00,2022-07-12,00:15:00,2022-07-10,15:25:00,Vila Real,Ribeira de Pena,Canedo,CANEDO (Serra de Santa Comba),170902,41.604902,-7.727317,233830.0,515139.0,dms_recuperado,292.9414,236.4354,56.506,0.0,Florestal,448.0,Intencional,0,1,0,0,33.0
2022_10_0042647,2022100042647.0,2022,7,12,2022-07-12,12:06:00,2022-07-16,09:34:00,2022-07-12,12:25:00,Leiria,Leiria,Caranguejeira,Leão,100907,39.773105,-8.714255,150209.0,311803.0,dms_recuperado,2787.4943,2122.3057,268.0664,397.1222,Florestal,449.0,Intencional,0,1,0,0,93.47
2022_14_0041838,2022140041838.0,2022,7,12,2022-07-12,12:07:00,2022-07-17,15:08:00,2022-07-12,12:15:00,Santarém,Ourém,Espite,Ribeira do Vale da Fontinha,142105,39.763611,-8.661111,154753.0,310715.0,dms_recuperado,1260.0,870.0,180.0,210.0,Florestal,448.0,Intencional,0,1,0,0,123.02
2022_16_0020104,2022160020104.0,2022,7,12,2022-07-12,23:39:00,2022-07-16,22:51:00,2022-07-13,00:10:00,Viana do Castelo,Ponte da Barca,Lindoso,IC28 (EN304-1) Km 0,160612,41.853889,-8.246667,190561.0,542736.0,dms_recuperado,1056.3192,249.645,803.7428,2.9313,Florestal,448.0,Intencional,0,1,0,0,95.2
2022_08_0035308,2022080035308.0,2022,7,12,2022-07-12,23:30:00,2022-07-14,16:37:00,2022-07-12,23:40:00,Faro,Faro,Faro,Gambelas,80506,37.040833,-7.973056,214225.0,8369.0,dms_recuperado,699.9344,380.6979,205.5889,113.6476,Florestal,236.0,Negligente,0,1,0,0,41.12
2022_10_0043001,2022100043001.0,2022,7,12,2022-07-12,19:34:00,2022-07-16,10:01:00,2022-07-12,20:00:00,Leiria,Pombal,Pombal,Ribeiro do Barrocal,101509,39.923889,-8.589167,161021.0,328473.0,dms_recuperado,259.8964,0.0,244.3335,15.5629,Florestal,448.0,Intencional,0,1,0,0,86.45
2022_01_0062745,2022010062745.0,2022,7,13,2022-07-13,12:54:00,2022-07-15,20:37:00,2022-07-13,13:05:00,Aveiro,Oliveira de Azeméis,Pinheiro da Bemposta,Srª da Ribeira (Gandra),11313,40.766402,-8.508945,168268.0,422006.0,dms_recuperado,2761.2918,2579.7858,12.2721,169.2339,Florestal,449.0,Intencional,0,1,0,0,55.72
2022_09_0024951,2022090024951.0,2022,7,13,2022-07-13,15:17:00,2022-07-15,07:57:00,2022-07-13,15:25:00,Guarda,Seia,Santa Eulália,Quinta do Pidrança,91214,40.415,-7.803611,227969.0,382970.0,dms_recuperado,533.0,274.0,180.0,79.0,Florestal,448.0,Intencional,0,1,0,0,40.67
2022_18_0040431,2022180040431.0,2022,7,13,2022-07-13,02:04:00,2022-07-14,02:42:00,2022-07-13,02:18:00,Viseu,Mangualde,Várzea de Tavares,Quinta do Carvalhal,180618,40.600278,-7.606944,244544.0,403631.0,dms_recuperado,465.16,41.584,422.576,1.0,Florestal,449.0,Intencional,0,1,0,0,24.63
2022_15_0063432,2022150063432.0,2022,7,13,2022-07-13,12:04:00,2022-07-14,22:00:00,2022-07-13,12:18:00,Setúbal,Palmela,Palmela,"Baixa de Palmela, Palmela, Portugal (Moinhos do Castelo)",150802,38.562997,-8.896174,133490.0,177572.0,dms_recuperado,411.7593,140.8263,90.6767,180.2563,Florestal,449.0,Intencional,0,1,0,0,33.93
2022_16_0020181,2022160020181.0,2022,7,13,2022-07-13,14:14:00,2022-07-14,23:42:00,2022-07-13,14:24:00,Viana do Castelo,Caminha,Vilar de Mouros,Funchal,160218,41.8925,-8.795556,145030.0,547210.0,dms_recuperado,326.6024,152.4641,173.3982,0.7401,Florestal,448.0,Intencional,0,1,0,0,33.47
2022_07_0015933,2022070015933.0,2022,7,13,2022-07-13,15:06:00,2022-07-14,01:48:00,2022-07-13,15:30:00,Évora,Montemor-o-Novo,Cabrela,Herdade do Mau Ano,70601,38.598611,-8.495833,168399.0,181299.0,dms_recuperado,270.0718,253.6903,3.962,12.4195,Florestal,211.0,Negligente,0,1,0,0,10.7
2022_16_0020113,2022160020113.0,2022,7,13,2022-07-13,01:38:00,2022-07-13,21:24:00,2022-07-13,02:39:00,Viana do Castelo,Monção,Portela,Cabecinha,160423,41.970278,-8.488889,170501.0,555707.0,dms_recuperado,175.3875,39.5569,135.2821,0.5485,Florestal,448.0,Intencional,0,1,0,0,19.77
2022_13_0121804,2022130121804.0,2022,7,14,2022-07-14,06:28:00,2022-07-17,15:00:00,2022-07-14,06:45:00,Porto,Baião,Teixeira,Padrões (Serreirinha),130216,41.190903,-7.930494,217000.0,469100.0,dms_recuperado,1301.0284,265.5962,997.4834,37.9488,Florestal,610.0,Desconhecida,0,1,0,0,80.53
2022_13_0122232,2022130122232.0,2022,7,14,2022-07-14,15:29:00,2022-07-16,01:41:00,2022-07-14,16:12:00,Porto,Baião,Ancede,L. Casal (Poço),130201,41.10742,-8.0419,207663.0,459813.0,dms_recuperado,344.1418,286.0045,30.3056,27.8317,Florestal,449.0,Intencional,0,1,0,0,34.2
2022_13_0121963,2022130121963.0,2022,7,14,2022-07-14,10:37:00,2022-07-14,18:32:00,2022-07-14,10:50:00,Porto,Penafiel,Santa Marta,Vide Basta,131130,41.196944,-8.235833,191375.0,469747.0,dms_recuperado,279.1572,216.2228,60.2486,2.6858,Florestal,6.0,Desconhecida,0,1,0,0,7.92
2022_17_0022627,2022170022627.0,2022,7,15,2022-07-15,14:45:00,2022-07-22,00:27:00,2022-07-15,14:59:00,Vila Real,Chaves,Bustelo,A24 (Cabeça),170305,41.784722,-7.47,255118.0,535244.0,dms_recuperado,3367.9298,1526.9103,1220.265,620.7545,Florestal,215.0,Negligente,0,1,0,0,153.7
2022_04_0021896,2022040021896.0,2022,7,15,2022-07-15,17:22:00,2022-07-16,10:32:00,2022-07-15,17:42:00,Bragança,Torre de Moncorvo,Urrós,PEREDO DOS CASTELHANOS (Vale do Minguelho),40917,41.101323,-7.05152,290863.0,459694.0,dms_recuperado,336.7,0.0,336.7,0.0,Florestal,448.0,Intencional,0,1,0,0,17.17
2022_04_0021762,2022040021762.0,2022,7,15,2022-07-15,07:07:00,2022-07-17,09:09:00,2022-07-15,07:40:00,Bragança,Bragança,Deilão,Petisqueira,40211,41.868656,-6.527585,333298.0,545600.0,dms_recuperado,198.24,97.11,100.68,0.45,Florestal,51.0,Natural,0,1,0,0,50.03
2022_09_0025480,2022090025480.0,2022,7,16,2022-07-16,20:07:00,2022-07-16,23:31:00,2022-07-16,20:20:00,Guarda,Pinhel,Lameiras,Sr.ª da Assumada,91013,40.703333,-7.100833,287237.0,415429.0,dms_recuperado,356.0,111.0,109.0,136.0,Florestal,448.0,Intencional,0,1,0,0,3.4
2022_03_0061784,2022030061784.0,2022,7,16,2022-07-16,15:48:00,2022-07-17,07:39:00,2022-07-16,16:12:00,Braga,Celorico de Basto,Basto (São Clemente),Quintela,30520,41.470278,-8.009444,210342.0,500127.0,dms_recuperado,137.5183,128.7953,8.3901,0.3329,Florestal,711.0,Reacendimento,1,1,0,0,15.85
2022_17_0023026,2022170023026.0,2022,7,17,2022-07-17,16:35:00,2022-07-21,12:40:00,2022-07-17,16:55:00,Vila Real,Murça,Carva,CORTINHAS (IC5 (EN212) Km 19),170702,41.437185,-7.535178,249976.0,496604.0,dms_recuperado,7185.785,3891.7569,2772.3851,521.6429,Florestal,448.0,Intencional,0,1,0,0,92.08
2022_05_0019966,2022050019966.0,2022,7,17,2022-07-17,14:35:00,2022-07-20,01:57:00,2022-07-17,14:45:00,Castelo Branco,Fundão,Fatela,Fatela (EN343 (EN343) Km 48),50416,40.157914,-7.43709,259299.0,354599.0,dms_recuperado,1183.807,516.0298,405.7343,262.0428,Florestal,711.0,Reacendimento,1,1,0,0,59.37
2022_17_0023011,2022170023011.0,2022,7,17,2022-07-17,14:42:00,2022-07-18,04:35:00,2022-07-17,14:51:00,Vila Real,Chaves,Calvão,SOUTELINHO DA RAIA (Castelãos),170306,41.805085,-7.559086,247706.0,537452.0,dms_recuperado,503.806,56.7379,389.2448,57.8234,Florestal,60.0,Desconhecida,0,1,0,0,13.88
2022_13_0124406,2022130124406.0,2022,7,17,2022-07-17,09:39:00,2022-07-18,03:12:00,2022-07-17,10:03:00,Porto,Baião,Teixeira,Mafomedes (Mafômedes),130216,41.21992,-7.912127,218532.0,472326.0,dms_recuperado,391.9629,3.437,386.0419,2.4841,Florestal,610.0,Desconhecida,0,1,0,0,17.55
2022_09_0025706,2022090025706.0,2022,7,18,2022-07-18,14:13:00,2022-07-19,02:15:00,2022-07-18,14:30:00,Guarda,Guarda,São Vicente,Quinta do Pombo,90741,40.553611,-7.275556,272627.0,398653.0,dms_recuperado,638.0,84.0,220.0,334.0,Florestal,448.0,Intencional,0,1,0,0,12.03
2022_17_0023977,2022170023977.0,2022,7,23,2022-07-23,15:59:00,2022-07-24,10:35:00,2022-07-23,16:08:00,Vila Real,Alijó,Vila Verde,Perafita (Senhora do Monte),170117,41.390354,-7.541301,249499.0,491399.0,dms_recuperado,188.0,0.0,188.0,0.0,Florestal,448.0,Intencional,0,1,0,0,18.6
2022_08_0038271,2022080038271.0,2022,7,25,2022-07-25,13:13:00,2022-07-27,09:06:00,2022-07-25,13:23:00,Faro,Silves,São Marcos da Serra,IC1 (EN264) Km 69,81306,37.420833,-8.322222,183253.0,50538.0,dms_recuperado,1321.1364,903.0533,380.7874,37.2957,Florestal,610.0,Desconhecida,0,1,0,0,43.88
2022_06_0036046,2022060036046.0,2022,7,25,2022-07-25,14:12:00,2022-07-26,18:20:00,2022-07-25,14:30:00,Coimbra,Penacova,Penacova,Boas Eiras (Ribeiro de Boas Eiras),61307,40.304894,-8.282505,187300.0,370699.0,dms_recuperado,186.2432,161.3064,4.439,20.4978,Florestal,448.0,Intencional,0,1,0,0,28.13
2022_09_0026754,2022090026754.0,2022,7,26,2022-07-26,16:50:00,2022-07-27,03:39:00,2022-07-26,17:10:00,Guarda,Sabugal,Bendada,Quinta das Oliveiras,91110,40.401389,-7.25,274961.0,381771.0,dms_recuperado,262.0468,22.6228,230.6215,8.8024,Florestal,630.0,Desconhecida,0,1,0,0,10.82
2022_13_0130929,2022130130929.0,2022,7,26,2022-07-26,15:41:00,2022-07-27,07:20:00,2022-07-26,15:50:00,Porto,Trofa,Covelas,Lug do Emigrante (COVELAS),131806,41.301045,-8.557005,164500.0,481399.0,dms_recuperado,186.155,153.5053,30.5879,2.0617,Florestal,610.0,Desconhecida,0,1,0,0,15.65
2022_17_0024637,2022170024637.0,2022,7,27,2022-07-27,17:14:00,2022-07-31,20:44:00,2022-07-27,17:28:00,Vila Real,Vila Pouca de Aguiar,Tresminas,FILHAGOSA (Pardoeiro),171312,41.50738,-7.57343,246728.0,504379.0,dms_recuperado,1636.8806,1130.1526,426.6353,80.0927,Florestal,221.0,Negligente,0,1,0,0,99.5
2022_04_0024045,2022040024045.0,2022,7,28,2022-07-28,12:06:00,2022-07-29,08:02:00,2022-07-28,12:25:00,Bragança,Mirandela,São Pedro Velho,VILAR_DE_OURO (Vinhago),40727,41.704727,-7.171343,280054.0,526593.0,dms_recuperado,274.6503,274.6503,0.0,0.0,Florestal,211.0,Negligente,0,1,0,0,19.93
2022_09_0027274,2022090027274.0,2022,7,30,2022-07-30,22:34:00,2022-07-31,15:00:00,2022-07-30,22:50:00,Guarda,Vila Nova de Foz Côa,Almendra,Quinta São Lourenço,91401,40.984167,-7.040556,291942.0,446703.0,dms_recuperado,157.3022,28.7952,115.9536,12.5534,Florestal,125.0,Negligente,0,1,0,0,16.43
2022_14_0046480,2022140046480.0,2022,7,31,2022-07-31,15:25:00,2022-08-01,20:30:00,2022-07-31,15:33:00,Santarém,Ourém,Rio de Couros,Ribeiro do Casal do Ribeiro,142112,39.741111,-8.517222,167075.0,308172.0,dms_recuperado,412.0,250.0,15.0,147.0,Florestal,448.0,Intencional,0,1,0,0,29.08
2022_11_0162162,2022110162162.0,2022,7,31,2022-07-31,15:08:00,2022-08-01,08:00:00,2022-07-31,15:16:00,Lisboa,Mafra,Malveira,Carrasqueira,110910,38.916389,-9.267222,101624.0,217129.0,dms_recuperado,295.0411,213.6686,70.2064,11.1662,Florestal,630.0,Desconhecida,0,1,0,0,16.87
2022_13_0134336,2022130134336.0,2022,7,31,2022-07-31,14:25:00,2022-08-25,10:41:00,2022-07-31,14:44:00,Porto,Amarante,Sanche,Picoto (IP4 (IP4) Km 65),130130,41.274428,-8.010322,210290.0,478363.0,dms_recuperado,134.2712,127.5485,0.5331,6.1896,Florestal,610.0,Desconhecida,0,1,0,0,596.27
2022_13_0134615,2022130134615.0,2022,7,31,2022-07-31,21:20:00,2022-08-01,15:09:00,2022-07-31,21:45:00,Porto,Marco de Canaveses,Penha Longa,Lg. de Carrapatelo (Bairro Residencial Carrapatelo),130715,41.091213,-8.139463,199467.0,458009.0,dms_recuperado,107.7827,79.6641,17.9765,10.1421,Florestal,449.0,Intencional,0,1,0,0,17.82
2022_14_0046727,2022140046727.0,2022,8,1,2022-08-01,14:51:00,2022-08-02,19:00:00,2022-08-01,14:55:00,Santarém,Ourém,Matas,Fonte do Lobo,142116,39.738611,-8.637222,156799.0,307942.0,dms_recuperado,225.9118,224.5762,0.0,1.3357,Florestal,448.0,Intencional,0,1,0,0,28.15
2022_03_0067977,2022030067977.0,2022,8,3,2022-08-03,15:25:00,2022-08-04,15:53:00,2022-08-03,15:33:00,Braga,Celorico de Basto,Basto (São Clemente),Tapada de Penalva,30520,41.465833,-8.061389,205998.0,499607.0,dms_recuperado,191.2426,80.2722,109.9867,0.9837,Florestal,311.0,Intencional,0,1,0,0,24.47
2022_03_0068208,2022030068208.0,2022,8,4,2022-08-04,10:19:00,2022-08-04,12:30:00,2022-08-04,10:27:00,Braga,Fafe,Felgueiras,Alto das Cobraceiras,30711,41.526667,-8.109722,201959.0,506362.0,dms_recuperado,103.1962,19.1608,83.0052,1.0302,Florestal,711.0,Reacendimento,1,1,0,0,2.18
2022_03_0068483,2022030068483.0,2022,8,5,2022-08-05,09:08:00,2022-08-05,21:05:00,2022-08-05,09:16:00,Braga,Fafe,Felgueiras,Cabecinha de Homem,30711,41.526389,-8.124722,200709.0,506340.0,dms_recuperado,129.919,22.6535,107.1739,0.0916,Florestal,711.0,Reacendimento,1,1,0,0,11.95
2022_05_0022298,2022050022298.0,2022,8,6,2022-08-06,03:18:00,2022-09-02,21:00:00,2022-08-06,03:47:00,Castelo Branco,Covilhã,Vila do Carvalho,Garrocho,50301,40.312177,-7.496905,254081.0,371691.0,dms_recuperado,24333.2379,13603.715,8722.8727,2006.6502,Florestal,449.0,Intencional,0,1,0,0,665.7
2022_16_0023347,2022160023347.0,2022,8,6,2022-08-06,12:55:00,2022-08-07,09:01:00,2022-08-06,13:14:00,Viana do Castelo,Arcos de Valdevez,Loureda,Costa do Curro,160118,41.954444,-8.430278,175366.0,553911.0,dms_recuperado,179.7217,59.7945,119.8645,0.0626,Florestal,711.0,Reacendimento,1,1,0,0,20.1
2022_06_0039193,2022060039193.0,2022,8,10,2022-08-10,14:59:00,2022-08-11,20:48:00,2022-08-10,15:05:00,Coimbra,Oliveira do Hospital,Lagares,Lagares (Amiais),61106,40.40472,-7.84,224882.0,381815.0,dms_recuperado,1391.7287,983.0162,226.7484,181.9641,Florestal,448.0,Intencional,0,1,0,0,29.82
2022_17_0027326,2022170027326.0,2022,8,12,2022-08-12,13:40:00,2022-08-13,09:20:00,2022-08-12,14:00:00,Vila Real,Montalegre,Cervos,Lama Grande,170603,41.778333,-7.715278,234747.0,534410.0,dms_recuperado,135.8296,37.4833,74.7501,23.5962,Florestal,60.0,Desconhecida,0,1,0,0,19.67
2022_09_0029128,2022090029128.0,2022,8,13,2022-08-13,15:36:00,2022-08-14,20:36:00,2022-08-13,15:40:00,Guarda,Guarda,Mizarela,Quinta das Terras da Igreja,90726,40.567222,-7.346944,266579.0,400127.0,dms_recuperado,786.0,379.0,305.0,102.0,Florestal,711.0,Reacendimento,1,1,0,0,29.0
2022_17_0027576,2022170027576.0,2022,8,13,2022-08-13,22:37:00,2022-08-16,15:35:00,2022-08-13,22:50:00,Vila Real,Vila Real,Campeã,Serra do Marão (Minas da Maria Isabel),171406,41.259437,-7.888637,220490.0,476720.0,dms_recuperado,107.5782,60.2337,47.3446,0.0,Florestal,125.0,Negligente,0,1,0,0,64.97
2022_14_0049695,2022140049695.0,2022,8,14,2022-08-14,17:36:00,2022-08-19,17:00:00,2022-08-14,17:38:00,Santarém,Tomar,Olalhas,Vale Lourenço,141808,39.638333,-8.251111,189872.0,296687.0,dms_recuperado,347.3256,267.0,46.1956,34.13,Florestal,711.0,Reacendimento,1,1,0,0,119.4
2022_14_0049908,2022140049908.0,2022,8,15,2022-08-15,15:32:00,2022-08-16,19:00:00,2022-08-15,15:39:00,Santarém,Ourém,Rio de Couros,Marta,142112,39.71188,-8.475954,170599.0,304899.0,dms_recuperado,153.28,115.0,2.28,36.0,Florestal,448.0,Intencional,0,1,0,0,27.47
2022_10_0052133,2022100052133.0,2022,8,17,2022-08-17,13:45:00,2022-08-18,23:38:00,2022-08-17,14:05:00,Leiria,Caldas da Rainha,Landal,Rostos (Casais dos Vales),100607,39.299708,-8.99651,125521.0,259438.0,dms_recuperado,614.3135,563.9829,49.8797,0.4509,Florestal,448.0,Intencional,0,1,0,0,33.88
2022_09_0029798,2022090029798.0,2022,8,18,2022-08-18,15:41:00,2022-08-19,06:00:00,2022-08-18,15:50:00,Guarda,Gouveia,Nabais,Pai Moço,90611,40.516389,-7.553889,249079.0,394343.0,dms_recuperado,600.0,1.8,432.0,166.2,Florestal,448.0,Intencional,0,1,0,0,14.32
2022_14_0050823,2022140050823.0,2022,8,19,2022-08-19,14:40:00,2022-08-22,10:30:00,2022-08-19,14:45:00,Santarém,Ourém,Espite,Vale da Fonte,142105,39.782222,-8.625556,157826.0,312760.0,dms_recuperado,2274.0,1905.0,102.0,267.0,Florestal,448.0,Intencional,0,1,0,0,67.83
2022_03_0073015,2022030073015.0,2022,8,19,2022-08-19,15:39:00,2022-08-19,16:21:00,2022-08-19,15:48:00,Braga,Fafe,Moreira do Rei,Ribeiro Serroso,30718,41.476944,-8.088056,203763.0,500849.0,dms_recuperado,241.5847,48.1065,193.258,0.2202,Florestal,711.0,Reacendimento,1,1,0,0,0.7
2022_03_0073419,2022030073419.0,2022,8,20,2022-08-20,21:58:00,2022-08-21,11:10:00,2022-08-20,22:22:00,Braga,Cabeceiras de Basto,Alvite,Casa dos Porteiros,30402,41.481667,-8.03,208618.0,501390.0,dms_recuperado,212.9982,39.6521,172.815,0.5312,Florestal,441.0,Intencional,0,1,0,0,13.2
2022_13_0146550,2022130146550.0,2022,8,20,2022-08-20,03:30:00,2022-08-20,13:32:00,2022-08-20,03:45:00,Porto,Penafiel,Canelas,SÃO PEDRO,131105,41.074722,-8.343889,182297.0,456187.0,dms_recuperado,154.3603,121.6443,32.716,0.0,Florestal,6.0,Desconhecida,0,1,0,0,10.03
2022_17_0028739,2022170028739.0,2022,8,21,2022-08-21,07:03:00,2022-08-26,09:09:00,2022-08-21,07:20:00,Vila Real,Vila Real,Vilarinho de Samardã,Samardã,171430,41.409108,-7.710958,235299.0,493399.0,dms_recuperado,5545.9062,1072.5699,4268.475,204.8613,Florestal,448.0,Intencional,0,1,0,0,122.1
2022_04_0028165,2022040028165.0,2022,8,21,2022-08-21,11:53:00,2022-08-22,06:19:00,2022-08-21,12:15:00,Bragança,Carrazeda de Ansiães,Selores,SELORES,40317,41.208797,-7.273962,272059.0,471422.0,dms_recuperado,447.28,189.35,205.97,51.96,Florestal,417.0,Intencional,0,1,0,0,18.43
2022_17_0028808,2022170028808.0,2022,8,21,2022-08-21,15:02:00,2022-08-24,00:30:00,2022-08-21,15:07:00,Vila Real,Mesão Frio,Vila Marim,Rojão do Meio (Rojão),170407,41.177613,-7.88007,221234.0,467635.0,dms_recuperado,432.7996,179.062,241.8913,11.8464,Florestal,128.0,Negligente,0,1,0,0,57.47
2022_16_0025480,2022160025480.0,2022,8,21,2022-08-21,15:38:00,2022-08-22,22:05:00,2022-08-21,15:50:00,Viana do Castelo,Monção,Lapela,EN101 (EN101) Km 10,160409,42.049167,-8.545,165901.0,564478.0,dms_recuperado,385.062,351.775,33.287,0.0,Florestal,448.0,Intencional,0,1,0,0,30.45
2022_11_0176188,2022110176188.0,2022,8,21,2022-08-21,15:20:00,2022-08-22,02:41:00,2022-08-21,15:24:00,Lisboa,Alenquer,Olhalvo,Surraipas (SURRAIPES),110108,39.11196,-9.052224,120503.0,238641.0,dms_recuperado,206.1582,25.6169,148.7247,31.8167,Florestal,449.0,Intencional,0,1,0,0,11.35
2022_13_0148099,2022130148099.0,2022,8,22,2022-08-22,15:49:00,2022-08-22,22:37:00,2022-08-22,15:57:00,Porto,Paredes,Recarei,Rua da Lomba (Orengas),131019,41.155556,-8.43,175079.0,465185.0,dms_recuperado,128.7268,64.0175,54.3245,10.3848,Florestal,60.0,Desconhecida,0,1,0,0,6.8
2022_02_0021224,2022020021224.0,2022,8,22,2022-08-22,15:52:00,2022-08-22,17:23:00,2022-08-22,16:03:00,Beja,Aljustrel,Aljustrel,TACÃO,20101,37.816667,-8.170833,196685.0,94456.0,dms_recuperado,113.09,0.0,0.0,113.09,Agrícola,221.0,Negligente,0,0,1,0,1.52
2022_17_0029183,2022170029183.0,2022,8,23,2022-08-23,12:28:00,2022-08-24,00:00:00,2022-08-23,12:35:00,Vila Real,Valpaços,Rio Torto,Vale Machado,171217,41.576111,-7.2925,270106.0,512187.0,dms_recuperado,448.2206,232.6361,147.3588,68.2257,Florestal,448.0,Intencional,0,1,0,0,11.53
2022_03_0074269,2022030074269.0,2022,8,23,2022-08-23,14:43:00,2022-08-24,05:07:00,2022-08-23,15:00:00,Braga,Guimarães,Rendufe,Sabugosa,30839,41.494518,-8.229868,191922.0,502805.0,dms_recuperado,215.6841,131.2306,83.6873,0.7662,Florestal,4.0,Intencional,0,1,0,0,14.4
2022_17_0029407,2022170029407.0,2022,8,24,2022-08-24,17:35:00,2022-08-26,09:42:00,2022-08-24,17:50:00,Vila Real,Valpaços,Ervões,Lamas,171209,41.642222,-7.363889,264098.0,519499.0,dms_recuperado,409.6577,214.8407,93.8813,100.9357,Florestal,449.0,Intencional,0,1,0,0,40.12
2022_03_0074703,2022030074703.0,2022,8,24,2022-08-24,19:33:00,2022-08-26,14:57:00,2022-08-24,19:34:00,Braga,Cabeceiras de Basto,Rio Douro,Rebolar,30415,41.555833,-7.916667,218054.0,509626.0,dms_recuperado,146.048,19.9174,124.6022,1.5283,Florestal,441.0,Intencional,0,1,0,0,43.4
2022_09_0030935,2022090030935.0,2022,8,26,2022-08-26,17:11:00,2022-08-27,22:11:00,2022-08-26,17:25:00,Guarda,Sabugal,Sortelha,Quinta do Vale do Asneiro,91133,40.319444,-7.224444,277223.0,372712.0,dms_recuperado,393.0,68.0,250.0,75.0,Florestal,51.0,Natural,0,1,0,0,29.0
2022_17_0029917,2022170029917.0,2022,8,27,2022-08-27,15:44:00,2022-08-29,07:30:00,2022-08-27,16:00:00,Vila Real,Mondim de Basto,Atei,Sra. da Graça (Fraga Branca),170501,41.424,-7.919713,217841.0,494990.0,dms_recuperado,515.93,509.0015,6.4693,0.4593,Florestal,448.0,Intencional,0,1,0,0,39.77
2022_03_0075606,2022030075606.0,2022,8,27,2022-08-27,15:11:00,2022-08-28,19:01:00,2022-08-27,15:16:00,Braga,Cabeceiras de Basto,Outeiro,Pinhel,30410,41.514722,-8.023611,209147.0,505044.0,dms_recuperado,117.4584,76.7253,38.8102,1.9228,Florestal,333.0,Intencional,0,1,0,0,27.83
2022_17_0030060,2022170030060.0,2022,8,28,2022-08-28,15:29:00,2022-08-29,07:33:00,2022-08-28,15:45:00,Vila Real,Montalegre,Cervos,Coelheiras,170603,41.767778,-7.660278,239317.0,533270.0,dms_recuperado,238.585,37.0993,172.7769,28.7088,Florestal,60.0,Desconhecida,0,1,0,0,16.07
2022_17_0030197,2022170030197.0,2022,8,29,2022-08-29,14:13:00,2022-08-30,17:45:00,2022-08-29,14:20:00,Vila Real,Chaves,Ervededo,Laceiras,170312,41.822222,-7.525278,250498.0,539375.0,dms_recuperado,535.013,293.665,204.3904,36.9576,Florestal,711.0,Reacendimento,0,1,0,0,27.53
2022_13_0152407,2022130152407.0,2022,8,29,2022-08-29,14:13:00,2022-08-29,22:40:00,2022-08-29,14:37:00,Porto,Valongo,Alfena,Ferraria (Ribeira da Junqueira),131501,41.26287,-8.519558,167617.0,477145.0,dms_recuperado,105.2738,103.8951,1.3024,0.0763,Florestal,610.0,Desconhecida,0,1,0,0,8.45
2022_02_0023633,2022020023633.0,2022,9,18,2022-09-18,12:05:00,2022-09-19,13:49:00,2022-09-18,12:19:00,Beja,Odemira,São Teotónio,Medronheiros,21109,37.519722,-8.660556,153363.0,61615.0,dms_recuperado,226.898,226.898,0.0,0.0,Florestal,236.0,Negligente,0,1,0,0,25.73
20230149266,20230149266.0,2023,2,4,2023-02-04,12:05:00,2023-02-04,17:28:00,2023-02-04,13:14:00,Viseu,Cinfães,Bustelo,Alto da Teixosa,180402,41.000556,-7.997778,211387.0,447962.0,dms_recuperado,113.2688,0.542,112.4479,0.2789,Florestal,125.0,Negligente,0,1,0,0,5.38
20230160098,20230160098.0,2023,2,6,2023-02-06,19:36:00,2023-02-07,18:20:00,2023-02-06,20:30:00,Braga,Terras de Bouro,Monte (Santa Isabel),Alminhas do Formigueiro,31011,41.680833,-8.229167,192013.0,523510.0,dms_recuperado,197.4674,60.4323,136.5235,0.5117,Florestal,125.0,Negligente,0,1,0,0,22.73
20230172711,20230172711.0,2023,2,9,2023-02-09,17:00:00,2023-02-09,23:09:00,2023-02-09,17:48:00,Viana do Castelo,Melgaço,Fiães,Lobió (Jugaria),160307,42.09544,-8.218448,192943.0,569548.0,dms_recuperado,104.0,0.0,104.0,0.0,Florestal,125.0,Negligente,0,1,0,0,6.15
20230182596,20230182596.0,2023,2,11,2023-02-11,23:20:00,2023-02-12,09:46:00,2023-02-11,23:50:00,Aveiro,Arouca,Rossas,Lg. Provisende (ALTO DA MALFADADA),10415,40.881653,-8.307445,185307.0,434751.0,dms_recuperado,115.7417,72.9731,42.7686,0.0,Florestal,6.0,Desconhecida,0,1,0,0,10.43
20230187942,20230187942.0,2023,2,13,2023-02-13,10:38:00,2023-02-13,17:04:00,2023-02-13,10:50:00,Viana do Castelo,Ponte da Barca,Vila Chã (São João Batista),Carvoeira,160621,41.78,-8.327222,183853.0,534535.0,dms_recuperado,143.8793,32.6869,109.3807,1.8118,Florestal,125.0,Negligente,0,1,0,0,6.43
20230205245,20230205245.0,2023,2,17,2023-02-17,04:48:00,2023-02-17,20:01:00,2023-02-17,05:00:00,Braga,Amares,Sequeiros,Ramalha,30121,41.684722,-8.354722,181542.0,523946.0,dms_recuperado,226.938,114.0342,112.083,0.8208,Florestal,311.0,Intencional,0,1,0,0,15.22
20230212357,20230212357.0,2023,2,18,2023-02-18,16:53:00,2023-02-18,19:35:00,2023-02-18,16:55:00,Braga,Cabeceiras de Basto,Passos,Relões,30412,41.49,-8.054444,206571.0,502301.0,dms_recuperado,216.4502,55.8783,160.1797,0.3922,Florestal,312.0,Negligente,0,1,0,0,2.7
20230212982,20230212982.0,2023,2,18,2023-02-18,19:43:00,2023-02-19,22:00:00,2023-02-19,14:15:00,Vila Real,Montalegre,Cabril,TOURO,170601,41.719167,-8.074167,204910.0,527765.0,dms_recuperado,113.4478,5.5982,107.8496,0.0,Florestal,125.0,Negligente,0,1,0,0,26.28
20230215714,20230215714.0,2023,2,19,2023-02-19,13:29:00,2023-02-19,19:39:00,2023-02-19,17:30:00,Vila Real,Montalegre,Contim,Vessadoira,170605,41.776111,-7.885556,220573.0,534102.0,dms_recuperado,207.3862,21.0593,186.1902,0.1367,Florestal,125.0,Negligente,0,1,0,0,6.17
20230218572,20230218572.0,2023,2,20,2023-02-20,09:00:00,2023-02-20,11:11:00,2023-02-20,09:04:00,Viana do Castelo,Melgaço,Lamas de Mouro,Portela do Lagarto,160309,42.022222,-8.2,194458.0,561405.0,dms_recuperado,143.0,0.0,143.0,0.0,Florestal,125.0,Negligente,0,1,0,0,2.18
20230563519,20230563519.0,2023,5,12,2023-05-12,16:21:00,2023-05-13,04:37:00,2023-05-12,16:44:00,Faro,Castro Marim,Azinhal,Ponte do Tio Filipe,80401,37.2975,-7.459167,259758.0,37042.0,dms_recuperado,327.7765,202.5474,120.6794,4.5496,Florestal,449.0,Intencional,0,1,0,0,12.27
20230838629,20230838629.0,2023,7,12,2023-07-12,13:50:00,2023-07-13,23:40:00,2023-07-12,13:57:00,Lisboa,Cadaval,Cercal,Espinheira,110403,39.208248,-9.00372,124801.0,249289.0,dms_recuperado,373.9763,320.9559,53.0198,0.0007,Florestal,449.0,Intencional,0,1,0,0,33.83
20230898398,20230898398.0,2023,7,25,2023-07-25,16:58:00,2023-07-26,20:21:00,2023-07-25,17:10:00,Lisboa,Cascais,Alcabideche,Zambujeiro (PNSC) (Quinta do Vale de Cavalos),110501,38.751753,-9.428607,87379.0,199047.0,dms_recuperado,194.3028,53.3321,133.2965,7.6741,Florestal,211.0,Negligente,0,1,0,0,27.38
20230901589,20230901589.0,2023,7,26,2023-07-26,12:02:00,2023-07-27,01:40:00,2023-07-26,12:21:00,Beja,Almodôvar,Gomes Aires,Casinha de Medronhais,20202,37.433333,-8.233056,191143.0,51907.0,dms_recuperado,170.0808,80.8247,88.9865,0.2696,Florestal,215.0,Negligente,0,1,0,0,13.63
20230945339,20230945339.0,2023,8,4,2023-08-04,15:09:00,2023-08-08,00:15:00,2023-08-04,15:12:00,Castelo Branco,Castelo Branco,Sarzedas,Carrascal (ER233 (ER233) Km 133),50223,39.832478,-7.712533,236002.0,318317.0,dms_recuperado,6552.7188,4733.675,1317.3653,501.6785,Florestal,449.0,Intencional,0,1,0,0,81.1
20230950499,20230950499.0,2023,8,5,2023-08-05,14:49:00,2023-08-11,20:50:00,2023-08-05,15:07:00,Beja,Odemira,São Teotónio,Vale da Telha - Baiona,21109,37.445833,-8.761667,144380.0,53485.0,dms_recuperado,7513.1735,5443.3384,1635.6571,434.178,Florestal,630.0,Desconhecida,0,1,0,0,150.02
20230950311,20230950311.0,2023,8,5,2023-08-05,14:16:00,2023-08-06,10:57:00,2023-08-05,14:24:00,Leiria,Leiria,Santa Catarina da Serra,vale tacão (Covinha),100922,39.698565,-8.656482,155110.0,303496.0,dms_recuperado,419.1608,402.6543,7.9849,8.5215,Florestal,448.0,Intencional,0,1,0,0,20.68
20230956254,20230956254.0,2023,8,6,2023-08-06,16:23:00,2023-08-08,09:25:00,2023-08-06,16:43:00,Santarém,Ourém,Matas,Cerejeiras,142116,39.741667,-8.6475,155906.0,308277.0,dms_recuperado,262.12,253.1,0.0,9.02,Florestal,448.0,Intencional,0,1,0,0,41.03
20230960786,20230960786.0,2023,8,7,2023-08-07,13:48:00,2023-08-08,20:54:00,2023-08-07,14:04:00,Leiria,Leiria,Caranguejeira,Lagoa da Pedra (ER350 (ER350) Km 15),100907,39.757503,-8.683782,152809.0,310054.0,dms_recuperado,312.6994,303.6904,0.0,9.009,Florestal,444.0,Intencional,0,1,0,0,31.1
20230960910,20230960910.0,2023,8,7,2023-08-07,14:12:00,2023-08-08,23:25:00,2023-08-07,14:25:00,Faro,Aljezur,Bordeira,Bordeira (Fóia),80302,37.19935,-8.87498,134132.0,26195.0,dms_recuperado,187.0508,64.2043,110.497,12.3495,Florestal,211.0,Negligente,0,1,0,0,33.22
20230960767,20230960767.0,2023,8,7,2023-08-07,13:47:00,2023-08-09,10:58:00,2023-08-07,14:21:00,Leiria,Leiria,Caranguejeira,Barroca de Água,100907,39.725833,-8.7275,149029.0,306550.0,dms_recuperado,135.2751,128.0629,0.0322,7.1799,Florestal,152.0,Negligente,0,1,0,0,45.18
20230960424,20230960424.0,2023,8,7,2023-08-07,12:43:00,2023-08-08,23:15:00,2023-08-07,13:00:00,Viseu,Cinfães,São Cristóvão de Nogueira,Ameal,180413,41.062222,-8.135556,199805.0,454805.0,dms_recuperado,111.6,0.0,111.6,0.0,Florestal,448.0,Intencional,0,1,0,0,34.53
20230975673,20230975673.0,2023,8,10,2023-08-10,11:52:00,2023-08-11,14:50:00,2023-08-10,12:09:00,Bragança,Vimioso,Argozelo,ARGOZELO (ESCACHAL),41103,41.650393,-6.584898,328976.0,521269.0,dms_recuperado,484.3712,123.1097,300.5407,60.7209,Florestal,125.0,Negligente,0,1,0,0,26.97
20230996423,20230996423.0,2023,8,14,2023-08-14,15:03:00,2023-08-15,21:30:00,2023-08-14,15:20:00,Bragança,Carrazeda de Ansiães,Pinhal do Norte,Pinhal do Norte (Carrão),40313,41.312803,-7.325507,267628.0,482932.0,dms_recuperado,186.2444,47.9754,128.8603,9.4087,Florestal,214.0,Negligente,0,1,0,0,30.45
20231031480,20231031480.0,2023,8,21,2023-08-21,22:24:00,2023-08-22,21:26:00,2023-08-21,22:40:00,Porto,Baião,Teixeiró,Lugar de Casal (Fonte),130217,41.189158,-7.892133,220218.0,468914.0,dms_recuperado,351.6363,36.4574,313.6624,1.5165,Florestal,449.0,Intencional,0,1,0,0,23.03
20231029634,20231029634.0,2023,8,21,2023-08-21,15:26:00,2023-08-22,09:30:00,2023-08-21,15:35:00,Bragança,Carrazeda de Ansiães,Amedo,Areias,40301,41.281482,-7.330957,267204.0,479449.0,dms_recuperado,101.002,41.438,52.3104,7.2536,Florestal,448.0,Intencional,0,1,0,0,18.07
20231039126,20231039126.0,2023,8,23,2023-08-23,12:24:00,2023-08-25,19:04:00,2023-08-23,12:40:00,Viseu,Nelas,Nelas,EN231 (IC37) Km 24,180903,40.505,-7.835833,225201.0,392954.0,dms_recuperado,1050.72,1050.72,0.0,0.0,Florestal,449.0,Intencional,0,1,0,0,54.67
20231040755,20231040755.0,2023,8,23,2023-08-23,17:33:00,2023-08-24,22:18:00,2023-08-23,17:40:00,Santarém,Ourém,Rio de Couros,Águas Formosas,142112,39.726944,-8.512778,167449.0,306594.0,dms_recuperado,313.4259,298.719,12.2569,2.45,Florestal,448.0,Intencional,0,1,0,0,28.75
20231044539,20231044539.0,2023,8,24,2023-08-24,12:47:00,2023-08-25,07:08:00,2023-08-24,13:00:00,Bragança,Mogadouro,Valverde,Valverde (Raposeira de Baixo),40824,41.292063,-6.789213,312572.0,481185.0,dms_recuperado,1267.619,503.3932,588.471,175.7549,Florestal,124.0,Negligente,0,1,0,0,18.35
20231050410,20231050410.0,2023,8,25,2023-08-25,15:39:00,2023-08-26,09:51:00,2023-08-25,15:45:00,Castelo Branco,Penamacor,Penamacor,Águas (Casa Telhada),50710,40.130898,-7.220248,277805.0,351767.0,dms_recuperado,354.4134,202.4868,93.698,58.2286,Florestal,227.0,Negligente,0,1,0,0,18.2
20231049112,20231049112.0,2023,8,25,2023-08-25,11:22:00,2023-09-01,01:20:00,2023-08-25,11:35:00,Castelo Branco,Fundão,Vale de Prazeres,Quinta do Monte Leal (Ramalheira),50428,40.11606,-7.410782,261579.0,349970.0,dms_recuperado,193.9936,183.6533,5.2336,5.1067,Florestal,227.0,Negligente,0,1,0,0,157.97
20231064001,20231064001.0,2023,8,28,2023-08-28,16:12:00,2023-08-29,10:51:00,2023-08-28,16:15:00,Viana do Castelo,Ponte da Barca,Touvedo (São Lourenço),Carvalho,160622,41.802222,-8.37,180322.0,537019.0,dms_recuperado,197.0465,48.7203,142.4994,5.8268,Florestal,448.0,Intencional,0,1,0,0,18.65
20231108663,20231108663.0,2023,9,7,2023-09-07,15:19:00,2023-09-08,16:55:00,2023-09-07,15:28:00,Coimbra,Coimbra,Torres do Mondego,Palheiros,60329,40.20083,-8.36194,180516.0,359159.0,dms_recuperado,144.7964,143.4361,0.0,1.3604,Florestal,225.0,Negligente,0,1,0,0,25.6
20231214806,20231214806.0,2023,10,1,2023-10-01,16:32:00,2023-10-02,11:36:00,2023-10-01,16:45:00,Faro,Aljezur,Bordeira,Monte Novo (Chaparral),80302,37.232587,-8.83987,137277.0,29860.0,dms_recuperado,118.3171,13.6299,103.7302,0.957,Florestal,449.0,Intencional,0,1,0,0,19.07
20231241484,20231241484.0,2023,10,7,2023-10-07,18:04:00,2023-10-08,02:16:00,2023-10-07,18:13:00,Braga,Fafe,Várzea Cova,ED311 (ED311) Km 10,30734,41.495556,-8.088889,203683.0,502910.0,dms_recuperado,101.6127,5.2208,96.3807,0.0112,Florestal,311.0,Intencional,0,1,0,0,8.2
20231265422,20231265422.0,2023,10,12,2023-10-12,21:30:00,2023-10-13,09:33:00,2023-10-12,22:02:00,Viana do Castelo,Monção,Riba de Mouro,Quintela (Concagado),160424,42.058078,-8.33286,183468.0,565414.0,dms_recuperado,334.7251,157.5072,176.315,0.9028,Florestal,125.0,Negligente,0,1,0,0,12.05
20231261286,20231261286.0,2023,10,12,2023-10-12,02:50:00,2023-10-12,06:01:00,2023-10-12,02:57:00,Viana do Castelo,Melgaço,Cousso,Lugar de Cela (Coutos da Costa),160304,42.056058,-8.287427,187229.0,565182.0,dms_recuperado,205.5667,81.5666,122.5963,1.4038,Florestal,125.0,Negligente,0,1,0,0,3.18
20231265214,20231265214.0,2023,10,12,2023-10-12,20:20:00,2023-10-13,09:45:00,2023-10-12,21:38:00,Viana do Castelo,Valença,Boivão,Furnas (Vale de Brialho),160802,41.982943,-8.553337,165177.0,557135.0,dms_recuperado,170.4535,18.0969,152.3566,0.0,Florestal,125.0,Negligente,0,1,0,0,13.42
20240713875,20240713875.0,2024,6,12,2024-06-12,14:13:00,2024-06-12,18:27:00,2024-06-12,14:15:00,Beja,Castro Verde,São Marcos da Ataboeira,MONTE DOS FRADES,20605,37.664167,-7.899167,220642.0,77563.0,dms_recuperado,114.4571,11.0188,2.8702,100.568,Florestal,227.0,Negligente,0,1,0,0,4.23
20240732440,20240732440.0,2024,6,16,2024-06-16,17:04:00,2024-06-17,09:10:00,2024-06-16,17:19:00,Beja,Aljustrel,Messejana,Mata das Antas (A2-S-N Km 156),20103,37.850185,-8.225017,191908.0,98176.0,dms_recuperado,167.2845,43.153,58.7947,65.3368,Florestal,610.0,Desconhecida,0,1,0,0,16.1
20240768252,20240768252.0,2024,6,24,2024-06-24,17:23:00,2024-06-25,07:30:00,2024-06-24,17:41:00,Évora,Reguengos de Monsaraz,Corval,Herdade das Amoreiras e Terça,71102,38.438889,-7.470833,257819.0,163725.0,dms_recuperado,202.1323,124.1378,17.3062,60.6883,Florestal,222.0,Negligente,0,1,0,0,14.12
20240877271,20240877271.0,2024,7,18,2024-07-18,15:10:00,2024-07-18,23:15:00,2024-07-18,15:30:00,Beja,Serpa,Salvador,Monte de Vale Longo,21304,37.829722,-7.504167,255364.0,96083.0,dms_recuperado,123.7116,105.2442,16.5467,1.9207,Florestal,143.0,Negligente,0,1,0,0,8.08
20240905351,20240905351.0,2024,7,24,2024-07-24,15:04:00,2024-07-24,19:29:00,2024-07-24,15:12:00,Portalegre,Elvas,São Vicente e Ventosa,Monte da Colaça,120708,38.94698,-7.161813,284202.0,220369.0,dms_recuperado,155.9057,0.0,87.6353,68.2704,Florestal,610.0,Desconhecida,0,1,0,0,4.42
20240952131,20240952131.0,2024,8,3,2024-08-03,13:41:00,2024-08-03,21:12:00,2024-08-03,13:48:00,Vila Real,Chaves,Outeiro Seco,Outeiro Seco (NOZELOS),170321,41.771472,-7.455567,256338.0,533782.0,dms_recuperado,140.0955,28.9298,89.1301,22.0356,Florestal,449.0,Intencional,0,1,0,0,7.52
20240986084,20240986084.0,2024,8,10,2024-08-10,18:10:00,2024-08-12,20:14:00,2024-08-10,18:25:00,Bragança,Vimioso,Angueira,Angueira (Carrasco),41102,41.614267,-6.385612,345659.0,517573.0,dms_recuperado,1935.5228,899.8777,715.5076,320.1375,Florestal,51.0,Natural,0,1,0,0,50.07
20240986285,20240986285.0,2024,8,10,2024-08-10,18:54:00,2024-08-13,09:06:00,2024-08-10,19:00:00,Bragança,Bragança,Carragosa,Soutelo 2 (Cerro),40206,41.894542,-6.79758,310837.0,548091.0,dms_recuperado,445.1796,20.7366,421.8776,2.5655,Florestal,51.0,Natural,0,1,0,0,62.2
20241008277,20241008277.0,2024,8,15,2024-08-15,14:16:00,2024-08-16,05:48:00,2024-08-15,14:32:00,Viana do Castelo,Viana do Castelo,Geraz do Lima (Santa Leocádia),Paredes (Couces),160929,41.701353,-8.652095,156803.0,525903.0,dms_recuperado,118.8028,62.009,56.2805,0.5134,Florestal,448.0,Intencional,0,1,0,0,15.53
20241013032,20241013032.0,2024,8,16,2024-08-16,14:36:00,2024-08-17,07:32:00,2024-08-16,14:43:00,Porto,Penafiel,Figueira,Rua do Mózinho,131111,41.124444,-8.333611,183166.0,461728.0,dms_recuperado,308.3972,186.4917,118.662,3.2436,Florestal,630.0,Desconhecida,0,1,0,0,16.93
20241033187,20241033187.0,2024,8,20,2024-08-20,20:19:00,2024-08-21,14:50:00,2024-08-20,21:03:00,Viana do Castelo,Valença,Taião,TAIÃO (SÃO LOURENÇO),160814,41.991373,-8.570107,163792.0,558078.0,dms_recuperado,388.2222,210.0202,174.802,3.4,Florestal,448.0,Intencional,0,1,0,0,18.52
20241063297,20241063297.0,2024,8,27,2024-08-27,14:59:00,2024-08-28,02:27:00,2024-08-27,15:08:00,Portalegre,Portalegre,Fortios,Fortios (Monte Velho),121404,39.315869,-7.483438,256027.0,261076.0,dms_recuperado,117.0046,92.1351,23.3219,1.5476,Florestal,124.0,Negligente,0,1,0,0,11.47
20241076106,20241076106.0,2024,8,30,2024-08-30,13:29:00,2024-08-31,02:21:00,2024-08-30,13:40:00,Bragança,Freixo de Espada À Cinta,Freixo de Espada À Cinta,Mazouco (Quinta do Juncal),40402,41.12142,-6.784473,313263.0,462239.0,dms_recuperado,220.5452,17.5641,179.2458,23.7353,Florestal,448.0,Intencional,0,1,0,0,12.87
20241084992,20241084992.0,2024,9,1,2024-09-01,16:21:00,2024-09-03,02:37:00,2024-09-01,16:35:00,Bragança,Vinhais,Rebordelo,"VALE DE ARMEIRO, VINHAIS (Regato do Lombeiro)",41219,41.769162,-7.16191,280758.0,533759.0,dms_recuperado,813.5682,303.0513,434.7909,75.7259,Florestal,448.0,Intencional,0,1,0,0,34.27
20241094470,20241094470.0,2024,9,3,2024-09-03,20:21:00,2024-09-05,07:03:00,2024-09-03,21:00:00,Viana do Castelo,Arcos de Valdevez,Ermelo,ERMELO (MEDRONHEIROS),160111,41.849733,-8.301285,186036.0,542267.0,dms_recuperado,1238.7381,84.8547,1152.6196,1.2638,Florestal,125.0,Negligente,0,1,0,0,34.7
20241097805,20241097805.0,2024,9,4,2024-09-04,15:16:00,2024-09-04,17:57:00,2024-09-04,15:16:00,Viana do Castelo,Melgaço,Castro Laboreiro,Campos Verdes,160302,42.0125,-8.105556,202276.0,560342.0,dms_recuperado,369.1398,0.7946,368.3452,0.0,Florestal,449.0,Intencional,0,1,0,0,2.68
20241096905,20241096905.0,2024,9,4,2024-09-04,11:57:00,2024-09-05,02:52:00,2024-09-04,12:00:00,Viana do Castelo,Ponte da Barca,Azias (Santa Maria),Mourelo,160601,41.768333,-8.344167,182448.0,533237.0,dms_recuperado,212.0246,3.6164,207.0767,1.3315,Florestal,125.0,Negligente,0,1,0,0,14.92
20241097947,20241097947.0,2024,9,4,2024-09-04,15:50:00,2024-09-05,13:26:00,2024-09-04,16:03:00,Braga,Vieira do Minho,Rossas,Cristelo (Ribeiro de Lamas),31113,41.564527,-8.112172,201748.0,510576.0,dms_recuperado,194.2971,23.2486,170.1401,0.9084,Florestal,711.0,Reacendimento,1,1,0,0,21.6
20241099880,20241099880.0,2024,9,5,2024-09-05,03:49:00,2024-09-06,10:54:00,2024-09-05,04:20:00,Braga,Terras de Bouro,Chamoim,Chamoim (Padros),31005,41.730982,-8.23864,191222.0,529069.0,dms_recuperado,110.2684,1.409,108.8594,0.0,Florestal,449.0,Intencional,0,1,0,0,31.08
20241127453,20241127453.0,2024,9,11,2024-09-11,12:52:00,2024-09-12,20:00:00,2024-09-11,13:00:00,Setúbal,Seixal,Amora,Avenida do Mar (Vale dos Tanques),151002,38.59272,-9.149299,111465.0,181085.0,dms_recuperado,813.902,803.3027,7.5303,3.069,Florestal,215.0,Negligente,0,1,0,0,31.13
20241129897,20241129897.0,2024,9,11,2024-09-11,22:42:00,2024-09-12,14:00:00,2024-09-11,23:00:00,Vila Real,Montalegre,Sarraquinhos,Vale da Pena,170629,41.801667,-7.635833,241337.0,537039.0,dms_recuperado,100.8831,7.2029,89.2417,4.4385,Florestal,125.0,Negligente,0,1,0,0,15.3
20241136375,20241136375.0,2024,9,13,2024-09-13,12:35:00,2024-09-15,00:29:00,2024-09-13,12:45:00,Castelo Branco,Fundão,Silvares,Silvares (ER238 (ER238) Km 122),50424,40.144267,-7.654222,240808.0,352962.0,dms_recuperado,935.3116,785.7719,81.8728,67.6669,Florestal,449.0,Intencional,0,1,0,0,35.9
20241139212,20241139212.0,2024,9,14,2024-09-14,00:21:00,2024-09-14,13:31:00,2024-09-14,00:40:00,Guarda,Seia,Paranhos,Vale de Igreja,91208,40.484444,-7.8025,228027.0,390694.0,dms_recuperado,438.0,209.0,149.0,80.0,Florestal,125.0,Negligente,0,1,0,0,13.17
20241142003,20241142003.0,2024,9,14,2024-09-14,16:15:00,2024-09-14,19:17:00,2024-09-14,16:55:00,Braga,Fafe,Armil,Boucas do Cabo,30705,41.419167,-8.206944,193825.0,494443.0,dms_recuperado,295.3633,255.3505,39.603,0.4098,Florestal,417.0,Intencional,0,1,0,0,3.03
20241142911,20241142911.0,2024,9,14,2024-09-14,20:23:00,2024-09-14,23:05:00,2024-09-14,21:20:00,Braga,Fafe,Cepães,Rua da Lage (Casa das Trancadas),30707,41.42738,-8.213418,193289.0,495346.0,dms_recuperado,216.5259,203.4323,5.6277,7.4659,Florestal,417.0,Intencional,0,1,0,0,2.7
20241141492,20241141492.0,2024,9,14,2024-09-14,14:07:00,2024-09-15,19:51:00,2024-09-14,14:25:00,Braga,Fafe,Serafão,Soutelo (Outeiro dos Foguetes),30732,41.539963,-8.195513,194795.0,507849.0,dms_recuperado,209.7827,142.2442,60.3036,7.2349,Florestal,417.0,Intencional,0,1,0,0,29.73
20241140811,20241140811.0,2024,9,14,2024-09-14,11:29:00,2024-09-14,21:44:00,2024-09-14,11:46:00,Porto,Marco de Canaveses,Vila Boa de Quires,Rua da Gaia (Vilarelho),130731,41.19919,-8.214293,193192.0,470003.0,dms_recuperado,121.8605,87.0104,33.692,1.1581,Florestal,630.0,Desconhecida,0,1,0,0,10.25
20241140817,20241140817.0,2024,9,14,2024-09-14,11:29:00,2024-09-14,23:48:00,2024-09-14,11:45:00,Vila Real,Montalegre,Sarraquinhos,Vale da Pena,170629,41.792222,-7.636111,241302.0,535974.0,dms_recuperado,106.2555,18.3704,64.3995,23.4856,Florestal,125.0,Negligente,0,1,0,0,12.32
20241143845,20241143845.0,2024,9,15,2024-09-15,02:17:00,2024-09-15,18:45:00,2024-09-15,02:30:00,Aveiro,Sever do Vouga,Pessegueiro do Vouga,Foz Rio Mau / Poço de Santiago (Rio Mau),11704,40.694745,-8.389638,178318.0,414012.0,dms_recuperado,8161.9449,7587.8737,261.1448,312.9264,Florestal,,,0,1,0,0,16.47
20241146170,20241146170.0,2024,9,15,2024-09-15,14:58:00,2024-09-19,20:00:00,2024-09-15,15:10:00,Aveiro,Sever do Vouga,Sever do Vouga,Póvoa - Novelide - Ermida (Novelido),11706,40.736833,-8.3595,180878.0,418678.0,dms_recuperado,7653.7966,7019.6503,80.0549,554.0914,Florestal,,,0,1,0,0,101.03
20241146141,20241146141.0,2024,9,15,2024-09-15,14:52:00,2024-09-24,17:00:00,2024-09-15,15:04:00,Aveiro,Oliveira de Azeméis,Macinhata de Seixa,Senhora da Lapa,11306,40.822222,-8.452778,173026.0,428189.0,dms_recuperado,6168.8814,6000.5695,5.6051,162.7068,Florestal,711.0,Reacendimento,1,1,0,0,218.13
20241147430,20241147430.0,2024,9,15,2024-09-15,20:16:00,2024-09-16,07:36:00,2024-09-15,20:35:00,Viseu,Penalva do Castelo,Esmolfe,Vale Amoroso,181103,40.701944,-7.658333,240121.0,414900.0,dms_recuperado,2564.4534,1501.0554,761.072,302.326,Florestal,449.0,Intencional,0,1,0,0,11.33
20241147792,20241147792.0,2024,9,15,2024-09-15,21:55:00,2024-09-19,23:20:00,2024-09-15,22:18:00,Viseu,Cinfães,Tendais,Marcelim,180416,41.033056,-8.073611,205007.0,451551.0,dms_recuperado,1045.7161,235.2534,784.7013,25.7613,Florestal,448.0,Intencional,0,1,0,0,97.42
20241147775,20241147775.0,2024,9,15,2024-09-15,21:52:00,2024-09-16,20:25:00,2024-09-15,22:07:00,Castelo Branco,Castelo Branco,Louriçal do Campo,Torre,50212,40.043688,-7.52254,252106.0,341863.0,dms_recuperado,314.6729,262.0329,7.2452,45.3947,Florestal,448.0,Intencional,0,1,0,0,22.55
20241143611,20241143611.0,2024,9,15,2024-09-15,00:21:00,2024-09-15,23:42:00,2024-09-15,00:50:00,Braga,Fafe,Pedraído,Cruz de Carrelhas,30720,41.505135,-8.130193,200246.0,503979.0,dms_recuperado,298.8092,98.9345,199.7718,0.1029,Florestal,311.0,Intencional,0,1,0,0,23.35
20241143940,20241143940.0,2024,9,15,2024-09-15,03:12:00,2024-09-16,07:06:00,2024-09-15,03:25:00,Aveiro,Aveiro,Cacia,Monte do Meio Chão,10502,40.663056,-8.587778,161560.0,410570.0,dms_recuperado,137.9,137.9,0.0,0.0,Florestal,610.0,Desconhecida,0,1,0,0,27.9
20241152423,20241152423.0,2024,9,16,2024-09-16,17:18:00,2024-09-20,06:09:00,2024-09-16,17:19:00,Viseu,Vila Nova de Paiva,Vila Cova à Coelheira,ER225 (ER225) Km 82,182206,40.894722,-7.801111,227990.0,436234.0,dms_recuperado,19996.018,13711.7512,4911.2859,1372.9809,Florestal,449.0,Intencional,0,1,0,0,84.85
20241148134,20241148134.0,2024,9,16,2024-09-16,00:15:00,2024-09-20,12:04:00,2024-09-16,00:30:00,Viseu,Penalva do Castelo,Antas,ANTAS,181101,40.661944,-7.575,247195.0,410474.0,dms_recuperado,6053.0394,3031.2277,2147.6018,874.2099,Florestal,449.0,Intencional,0,1,0,0,107.82
20241150453,20241150453.0,2024,9,16,2024-09-16,11:53:00,2024-09-20,12:05:00,2024-09-16,11:55:00,Viseu,Nelas,Nelas,EN231 (IC37) Km 25,180903,40.500278,-7.833056,225436.0,392425.0,dms_recuperado,6031.2691,4494.6654,895.4398,641.1639,Florestal,449.0,Intencional,0,1,0,0,96.2
20241151939,20241151939.0,2024,9,16,2024-09-16,15:53:00,2024-09-19,19:00:00,2024-09-16,16:10:00,Porto,Baião,Gestaçô,Águas Mortas (ED304-3 (ED304-3) Km 36),130205,41.180116,-7.941253,216100.0,467899.0,dms_recuperado,5944.7835,2318.5459,3296.7429,329.4947,Florestal,449.0,Intencional,0,1,0,0,75.12
20241152836,20241152836.0,2024,9,16,2024-09-16,18:35:00,2024-09-18,22:00:00,2024-09-16,19:02:00,Vila Real,Vila Pouca de Aguiar,Vreia de Jales,Quintã de Jales (Combros),171316,41.44441,-7.62316,242618.0,497359.0,dms_recuperado,3720.1445,779.4259,2862.3022,78.4164,Florestal,448.0,Intencional,0,1,0,0,51.42
20241149609,20241149609.0,2024,9,16,2024-09-16,09:53:00,2024-09-19,02:22:00,2024-09-16,10:12:00,Porto,Baião,Gove,Lugar de Adaúfe (Tomás),130206,41.13516,-8.046602,207265.0,462893.0,dms_recuperado,2725.9221,1583.8601,662.4514,479.6106,Florestal,449.0,Intencional,0,1,0,0,64.48
20241153701,20241153701.0,2024,9,16,2024-09-16,21:28:00,2024-09-19,18:55:00,2024-09-16,22:00:00,Braga,Cabeceiras de Basto,Vilar de Cunhas,Cheira,30417,41.561667,-7.840278,224427.0,510283.0,dms_recuperado,2697.9462,1067.2838,1528.4077,102.2548,Florestal,129.0,Negligente,0,1,0,0,69.45
20241154225,20241154225.0,2024,9,16,2024-09-16,23:38:00,2024-09-18,10:43:00,2024-09-17,00:10:00,Braga,Celorico de Basto,Arnóia,Rua de Campelo (Campelo),30502,41.35632,-8.01182,210152.0,487458.0,dms_recuperado,2631.5306,2382.7077,91.099,157.7238,Florestal,417.0,Intencional,0,1,0,0,35.08
20241152584,20241152584.0,2024,9,16,2024-09-16,17:46:00,2024-09-18,07:50:00,2024-09-16,17:56:00,Viseu,Resende,Cárquere,Redol,181303,41.090833,-7.967222,213932.0,457973.0,dms_recuperado,2286.5405,1011.4158,975.9836,299.1411,Florestal,448.0,Intencional,0,1,0,0,38.07
20241152271,20241152271.0,2024,9,16,2024-09-16,16:52:00,2024-09-19,00:10:00,2024-09-16,17:10:00,Vila Real,Vila Pouca de Aguiar,Telões,Telões (Ribeira de Souto),171311,41.444451,-7.691763,236885.0,497333.0,dms_recuperado,2260.1102,617.9005,1628.3477,13.8621,Florestal,448.0,Intencional,0,1,0,0,55.3
20241152104,20241152104.0,2024,9,16,2024-09-16,16:21:00,2024-09-18,20:55:00,2024-09-16,16:29:00,Braga,Póvoa de Lanhoso,Frades,EN103 (EN103) Km 60,30910,41.617222,-8.244444,190723.0,516441.0,dms_recuperado,1494.7488,832.1466,607.7987,54.8035,Florestal,449.0,Intencional,0,1,0,0,52.57
20241153506,20241153506.0,2024,9,16,2024-09-16,20:59:00,2024-09-19,21:36:00,2024-09-17,21:45:00,Viseu,Resende,São Martinho de Mouros,Igrejas,181314,41.079444,-7.885833,220777.0,456715.0,dms_recuperado,1320.0679,331.8799,931.6154,56.5726,Florestal,448.0,Intencional,0,1,0,0,72.62
20241151625,20241151625.0,2024,9,16,2024-09-16,15:02:00,2024-09-19,07:46:00,2024-09-16,15:14:00,Vila Real,Chaves,Oucidres,Vilar de Izeu (Vilar de Iseu),170319,41.757915,-7.326818,267058.0,532368.0,dms_recuperado,1262.4518,900.7399,191.925,169.7868,Florestal,448.0,Intencional,0,1,0,0,64.73
20241151964,20241151964.0,2024,9,16,2024-09-16,15:57:00,2024-09-17,12:20:00,2024-09-16,16:10:00,Braga,Guimarães,Gonça,Gondiães,30820,41.528889,-8.233889,191589.0,506629.0,dms_recuperado,989.3424,680.687,291.9047,16.7507,Florestal,711.0,Reacendimento,0,1,0,0,20.38
20241151203,20241151203.0,2024,9,16,2024-09-16,14:02:00,2024-09-17,17:11:00,2024-09-16,15:36:00,Braga,Celorico de Basto,Basto (São Clemente),Pereira,30520,41.480708,-8.06774,205462.0,501268.0,dms_recuperado,884.4439,306.9655,560.983,16.4954,Florestal,311.0,Intencional,0,1,0,0,27.15
20241148684,20241148684.0,2024,9,16,2024-09-16,07:00:00,2024-09-17,10:51:00,2024-09-16,07:40:00,Braga,Cabeceiras de Basto,Rio Douro,Armada,30415,41.55,-7.930833,216872.0,508991.0,dms_recuperado,791.7592,189.3614,484.4358,117.962,Florestal,129.0,Negligente,0,1,0,0,27.85
20241150338,20241150338.0,2024,9,16,2024-09-16,11:34:00,2024-09-19,10:20:00,2024-09-16,11:41:00,Viseu,Mangualde,Espinho,Poças,180606,40.545,-7.788333,229202.0,397411.0,dms_recuperado,788.6763,430.4,195.1053,163.171,Florestal,449.0,Intencional,0,1,0,0,70.77
20241151914,20241151914.0,2024,9,16,2024-09-16,15:28:00,2024-09-17,21:29:00,2024-09-16,15:45:00,Porto,Marco de Canaveses,Rio de Galinhas,Babilonia (ER210 (ER210) Km 60),130716,41.179373,-8.139092,199500.0,467800.0,dms_recuperado,746.7894,281.4358,424.3755,40.978,Florestal,630.0,Desconhecida,0,1,0,0,30.02
20241148791,20241148791.0,2024,9,16,2024-09-16,07:36:00,2024-09-19,01:30:00,2024-09-16,07:50:00,Vila Real,Vila Pouca de Aguiar,Vreia de Bornes,Eiriz,171315,41.543658,-7.574838,246585.0,508408.0,dms_recuperado,597.1355,486.9074,51.1939,59.0342,Florestal,448.0,Intencional,0,1,0,0,65.9
20241151558,20241151558.0,2024,9,16,2024-09-16,14:15:00,2024-09-17,19:41:00,2024-09-16,14:29:00,Porto,Paços de Ferreira,Codessos,Codessos (Codeços),130903,41.326845,-8.344558,182299.0,484199.0,dms_recuperado,457.3185,409.759,45.4363,2.1231,Florestal,610.0,Desconhecida,0,1,0,0,29.43
20241153377,20241153377.0,2024,9,16,2024-09-16,20:20:00,2024-09-17,10:03:00,2024-09-16,20:50:00,Viana do Castelo,Arcos de Valdevez,Portela,ED301 (ED301) Km 50,160127,41.954167,-8.48,171242.0,553902.0,dms_recuperado,411.8811,88.7883,316.0748,7.018,Florestal,448.0,Intencional,0,1,0,0,13.72
20241150674,20241150674.0,2024,9,16,2024-09-16,12:28:00,2024-09-16,19:31:00,2024-09-16,12:35:00,Porto,Gondomar,São Pedro da Cova,Carvalhal (Carvalhal do Além),130410,41.12664,-8.495505,169569.0,462007.0,dms_recuperado,405.394,333.6618,41.6105,30.1217,Florestal,449.0,Intencional,0,1,0,0,7.05
20241151317,20241151317.0,2024,9,16,2024-09-16,14:20:00,2024-09-17,08:07:00,2024-09-16,14:30:00,Porto,Amarante,Mancelos,Rua de Carcavelos (Carcavelos),130123,41.2841,-8.14087,199352.0,479430.0,dms_recuperado,381.2811,298.4465,44.2182,38.6164,Florestal,610.0,Desconhecida,0,1,0,0,17.78
20241151759,20241151759.0,2024,9,16,2024-09-16,15:08:00,2024-09-17,21:30:00,2024-09-16,15:15:00,Porto,Penafiel,Croca,Linhó,131108,41.204167,-8.238333,191164.0,470571.0,dms_recuperado,342.0597,262.0108,65.6259,14.423,Florestal,630.0,Desconhecida,0,1,0,0,30.37
20241150386,20241150386.0,2024,9,16,2024-09-16,11:41:00,2024-09-19,00:55:00,2024-09-16,12:00:00,Porto,Penafiel,Pinheiro,Cruz de Santo Antão,131126,41.111944,-8.310556,185102.0,460327.0,dms_recuperado,333.3067,256.4191,64.383,12.5045,Florestal,630.0,Desconhecida,0,1,0,0,61.23
20241153900,20241153900.0,2024,9,16,2024-09-16,22:10:00,2024-09-17,20:30:00,2024-09-16,23:25:00,Braga,Fafe,Golães,Monte de Santa Clara,30714,41.47,-8.209167,193639.0,500095.0,dms_recuperado,212.0009,197.7391,11.9725,2.2893,Florestal,417.0,Intencional,0,1,0,0,22.33
20241152157,20241152157.0,2024,9,16,2024-09-16,16:31:00,2024-09-17,05:15:00,2024-09-16,16:35:00,Viana do Castelo,Ponte da Barca,Sampriz,Ventoselo (Costa da Portela),160619,41.77984,-8.376103,179801.0,534519.0,dms_recuperado,196.3339,104.3265,69.9217,22.0857,Florestal,448.0,Intencional,0,1,0,0,12.73
20241150897,20241150897.0,2024,9,16,2024-09-16,13:08:00,2024-09-19,22:59:00,2024-09-16,13:35:00,Viseu,Cinfães,São Cristóvão de Nogueira,Armada,180413,41.075278,-8.119167,201164.0,456233.0,dms_recuperado,152.0051,56.72,95.28,0.0051,Florestal,448.0,Intencional,0,1,0,0,81.85
20241152082,20241152082.0,2024,9,16,2024-09-16,16:18:00,2024-09-17,21:22:00,2024-09-16,16:26:00,Coimbra,Coimbra,Torres do Mondego,Carvalhosas,60329,40.188611,-8.377778,179155.0,357793.0,dms_recuperado,130.8475,119.4958,0.0,11.3517,Florestal,448.0,Intencional,0,1,0,0,29.07
20241150916,20241150916.0,2024,9,16,2024-09-16,13:11:00,2024-09-16,21:01:00,2024-09-16,13:15:00,Porto,Marco de Canaveses,Vila Boa de Quires,Rua da Lagarelha (Lagarelha),130731,41.203018,-8.210632,193499.0,470428.0,dms_recuperado,106.1354,73.1648,28.9047,4.0659,Florestal,630.0,Desconhecida,0,1,0,0,7.83
20241153402,20241153402.0,2024,9,16,2024-09-16,20:22:00,2024-09-17,23:08:00,2024-09-16,20:30:00,Vila Real,Chaves,Selhariz,Valverde,170336,41.655278,-7.551667,248423.0,520808.0,dms_recuperado,101.8242,69.0168,6.5495,26.2579,Florestal,448.0,Intencional,0,1,0,0,26.77
20241157564,20241157564.0,2024,9,17,2024-09-17,12:46:00,2024-09-21,11:40:00,2024-09-17,13:06:00,Viseu,Castro Daire,Pinheiro,ER225 (ER225) Km 57,180319,40.915833,-8.009722,210386.0,438527.0,dms_recuperado,13526.4315,6519.0967,6506.442,500.8928,Florestal,448.0,Intencional,0,1,0,0,94.9
20241155265,20241155265.0,2024,9,17,2024-09-17,05:21:00,2024-09-18,17:20:00,2024-09-17,05:33:00,Porto,Paredes,Sobreira,Santa Comba,131020,41.102222,-8.380556,179224.0,459255.0,dms_recuperado,3953.9789,3260.3111,584.4029,109.265,Florestal,630.0,Desconhecida,0,1,0,0,35.98
20241154489,20241154489.0,2024,9,17,2024-09-17,00:52:00,2024-09-20,00:48:00,2024-09-17,01:10:00,Vila Real,Vila Pouca de Aguiar,Sabroso de Aguiar,SABROSO DE AGUIAR (Luz),171317,41.58499,-7.58735,245512.0,512992.0,dms_recuperado,1077.7207,918.436,82.4689,76.8157,Florestal,711.0,Reacendimento,0,1,0,0,71.93
20241154535,20241154535.0,2024,9,17,2024-09-17,01:06:00,2024-09-17,15:30:00,2024-09-17,02:48:00,Braga,Vieira do Minho,Guilhofrei,Carreira (Calvelos),31108,41.562322,-8.152803,198359.0,510331.0,dms_recuperado,1040.1627,408.5789,615.5861,15.9977,Florestal,630.0,Desconhecida,0,1,0,0,14.4
20241154922,20241154922.0,2024,9,17,2024-09-17,02:55:00,2024-09-20,15:00:00,2024-09-17,03:15:00,Porto,Amarante,Carneiro,LUGAR CARNEIRO (CARNEIRO),130108,41.215278,-7.970962,213600.0,471800.0,dms_recuperado,854.9431,209.162,610.7483,35.0328,Florestal,610.0,Desconhecida,0,1,0,0,84.08
20241159294,20241159294.0,2024,9,17,2024-09-17,17:59:00,2024-09-18,10:16:00,2024-09-17,18:13:00,Vila Real,Alijó,Vilar de Maçada,Alto de Fiães,170118,41.335571,-7.569272,247199.0,485300.0,dms_recuperado,468.2351,118.8589,325.9067,23.4695,Florestal,449.0,Intencional,0,1,0,0,16.28
20241158307,20241158307.0,2024,9,17,2024-09-17,14:41:00,2024-09-18,21:00:00,2024-09-17,15:04:00,Viseu,Lamego,Magueija,Vila Lobos,180512,41.053889,-7.8825,221067.0,453881.0,dms_recuperado,366.4506,11.9824,333.2517,21.2165,Florestal,448.0,Intencional,0,1,0,0,30.32
20241157148,20241157148.0,2024,9,17,2024-09-17,11:39:00,2024-09-18,06:00:00,2024-09-17,11:45:00,Coimbra,Arganil,Coja,Zona Industrial de Côja (Relvas),60108,40.257544,-7.990669,212118.0,365441.0,dms_recuperado,313.3753,307.6605,0.0,5.7148,Florestal,444.0,Intencional,0,1,0,0,18.35
20241160036,20241160036.0,2024,9,17,2024-09-17,20:49:00,2024-09-18,12:51:00,2024-09-17,21:10:00,Bragança,Macedo de Cavaleiros,Bornes,Alto da Ribeira,40505,41.443611,-7.033611,291885.0,497725.0,dms_recuperado,273.257,177.4496,69.0361,26.7713,Florestal,121.0,Negligente,0,1,0,0,16.03
20241157340,20241157340.0,2024,9,17,2024-09-17,12:06:00,2024-09-19,04:29:00,2024-09-17,12:25:00,Porto,Santo Tirso,Monte Córdova,Hortal - PCO (Lugar do Monte),131413,41.313187,-8.426315,175450.0,482703.0,dms_recuperado,272.9245,245.6961,15.1845,12.0439,Florestal,610.0,Desconhecida,0,1,0,0,40.38
20241157381,20241157381.0,2024,9,17,2024-09-17,12:16:00,2024-09-17,18:35:00,2024-09-17,12:45:00,Braga,Fafe,Queimadela,Santa Cruz (Moleiras),30721,41.52194,-8.14583,198940.0,505845.0,dms_recuperado,145.4364,32.8391,108.9468,3.6505,Florestal,311.0,Intencional,0,1,0,0,6.32
20241156791,20241156791.0,2024,9,17,2024-09-17,10:47:00,2024-09-18,08:58:00,2024-09-17,11:00:00,Porto,Amarante,Travanca,Travanca (Tropeços),130136,41.26161,-8.20993,193564.0,476935.0,dms_recuperado,131.4261,97.305,21.369,12.7522,Florestal,610.0,Desconhecida,0,1,0,0,22.18
20241160870,20241160870.0,2024,9,18,2024-09-18,00:20:00,2024-09-18,13:07:00,2024-09-18,00:50:00,Viseu,São João da Pesqueira,Paredes da Beira,Piveta,181505,41.042778,-7.471389,255635.0,452840.0,dms_recuperado,146.7716,4.1308,130.0814,12.5593,Florestal,449.0,Intencional,0,1,0,0,12.78
20241167246,20241167246.0,2024,9,19,2024-09-19,09:31:00,2024-09-20,03:36:00,2024-09-19,09:35:00,Vila Real,Peso da Régua,Sedielos,Águas Santas,170809,41.213611,-7.882222,221033.0,471623.0,dms_recuperado,1081.8876,184.506,881.761,15.6205,Florestal,711.0,Reacendimento,0,1,0,0,18.08
20241169591,20241169591.0,2024,9,19,2024-09-19,16:59:00,2024-09-20,06:30:00,2024-09-19,17:10:00,Braga,Cabeceiras de Basto,Cabeceiras de Basto,Água Má,30406,41.560556,-8.034722,208205.0,510145.0,dms_recuperado,132.0904,40.9804,91.11,0.0,Florestal,446.0,Intencional,0,1,0,0,13.52
20250353539,20250353539.0,2025,3,19,2025-03-19,16:11:00,2025-03-19,21:38:00,2025-03-19,17:01:00,Viana do Castelo,Arcos de Valdevez,Sá,Cruz - Vilela (Labor),160132,41.924698,-8.415918,176544.0,550618.0,dms_recuperado,167.4464,88.7573,75.9485,2.7407,Florestal,125.0,Negligente,0,1,0,0,5.45
20250353877,20250353877.0,2025,3,19,2025-03-19,17:25:00,2025-03-19,22:23:00,2025-03-19,17:39:00,Viana do Castelo,Ponte da Barca,Entre Ambos-os-rios,Lourido - Entre Ambos os Rios (Chã da Moura),160607,41.818202,-8.278382,187932.0,538761.0,dms_recuperado,128.4306,14.0176,114.4131,0.0,Florestal,125.0,Negligente,0,1,0,0,4.97
20250353893,20250353893.0,2025,3,19,2025-03-19,17:29:00,2025-03-20,06:50:00,2025-03-19,18:44:00,Viana do Castelo,Arcos de Valdevez,Soajo,BOICINHA,160146,41.880833,-8.204167,194107.0,545697.0,dms_recuperado,112.4534,33.797,78.654,0.0024,Florestal,125.0,Negligente,0,1,0,0,13.35
20250355466,20250355466.0,2025,3,19,2025-03-19,23:01:00,2025-03-20,07:20:00,2025-03-19,23:43:00,Viana do Castelo,Ponte da Barca,Vila Chã (São João Batista),Galinhaceira,160621,41.782778,-8.318056,184630.0,534845.0,dms_recuperado,109.9196,34.387,75.4558,0.0767,Florestal,125.0,Negligente,0,1,0,0,8.32
20250409902,20250409902.0,2025,3,29,2025-03-29,14:54:00,2025-03-30,02:10:00,2025-03-29,15:10:00,Viana do Castelo,Arcos de Valdevez,Aguiã,Antigo Campo Futebol (Bouça Soeiro),160102,41.880315,-8.450862,173627.0,545699.0,dms_recuperado,103.1806,66.9274,36.0826,0.1705,Florestal,448.0,Intencional,0,1,0,0,11.27
20250420902,20250420902.0,2025,3,31,2025-03-31,20:30:00,2025-03-31,23:41:00,2025-03-31,20:35:00,Vila Real,Montalegre,Reigoso,Alto da Adreira,170625,41.742222,-7.931111,216808.0,530319.0,dms_recuperado,463.5579,84.5047,377.1065,1.9467,Florestal,125.0,Negligente,0,1,0,0,3.18
20250419287,20250419287.0,2025,3,31,2025-03-31,15:08:00,2025-03-31,22:20:00,2025-03-31,15:28:00,Braga,Vieira do Minho,Anjos,Chão Asna (Ribeira de Vilar Chão),31102,41.62556,-8.06889,205354.0,517356.0,dms_recuperado,108.4284,0.7694,107.6591,0.0,Florestal,125.0,Negligente,0,1,0,0,7.2
20250424273,20250424273.0,2025,4,1,2025-04-01,15:00:00,2025-04-02,08:17:00,2025-04-01,15:52:00,Vila Real,Montalegre,Ferral,Rio de Covelas,170609,41.709444,-7.967778,213774.0,526700.0,dms_recuperado,126.8801,20.0244,106.8557,0.0,Florestal,125.0,Negligente,0,1,0,0,17.28
20250543404,20250543404.0,2025,4,28,2025-04-28,16:00:00,2025-04-28,21:30:00,2025-04-28,16:15:00,Vila Real,Montalegre,Meixedo,FERRONHO,170613,41.809722,-7.722222,234146.0,537896.0,dms_recuperado,109.3118,66.9724,40.3001,2.0393,Florestal,711.0,Reacendimento,1,1,0,0,5.5
20250688826,20250688826.0,2025,5,29,2025-05-29,12:44:00,2025-05-29,21:35:00,2025-05-29,13:11:00,Beja,Beja,Cabeça Gorda,Monte da Abrunheira,20504,37.880556,-7.801944,229129.0,101585.0,dms_recuperado,205.9839,41.4678,69.5076,95.0086,Florestal,221.0,Negligente,0,1,0,0,8.85
20250776864,20250776864.0,2025,6,16,2025-06-16,12:49:00,2025-06-16,23:05:00,2025-06-16,13:15:00,Évora,Alandroal,Capelins (Santo António),Monte da Arrabaça,70104,38.553132,-7.336945,269399.0,176499.0,dms_recuperado,642.1629,114.2446,394.4715,133.4467,Florestal,221.0,Negligente,0,1,0,0,10.27
20250783083,20250783083.0,2025,6,17,2025-06-17,16:15:00,2025-06-18,02:23:00,2025-06-17,16:32:00,Bragança,Torre de Moncorvo,Adeganha,Junqueira (IC5 (EN215) Km 15),40902,41.281168,-7.078435,288360.0,479640.0,dms_recuperado,231.5199,1.5079,222.1181,7.8939,Florestal,448.0,Intencional,0,1,0,0,10.13
20250783060,20250783060.0,2025,6,17,2025-06-17,16:12:00,2025-06-17,19:56:00,2025-06-17,16:24:00,Beja,Serpa,Salvador,IP8 (EN260) Km 33,21304,37.925278,-7.561667,250230.0,106657.0,dms_recuperado,125.1283,26.4761,40.4911,58.161,Florestal,213.0,Negligente,0,1,0,0,3.73
20250846936,20250846936.0,2025,6,30,2025-06-30,13:09:00,2025-06-30,23:26:00,2025-06-30,13:27:00,Beja,Aljustrel,Aljustrel,Monte da ROSILHA,20101,37.811944,-8.167778,196932.0,93916.0,dms_recuperado,1095.557,68.4912,69.695,957.3709,Florestal,630.0,Desconhecida,0,1,0,0,10.28
20250848464,20250848464.0,2025,6,30,2025-06-30,17:42:00,2025-07-01,11:00:00,2025-06-30,18:04:00,Guarda,Pinhel,Cidadelhe,Espinhaço,91007,40.946944,-7.120278,285288.0,442468.0,dms_recuperado,190.1749,0.0,187.6346,2.5404,Florestal,51.0,Natural,0,1,0,0,17.3
20250880651,20250880651.0,2025,7,6,2025-07-06,17:22:00,2025-07-06,21:01:00,2025-07-06,17:35:00,Castelo Branco,Idanha-a-nova,São Miguel de Acha,Vale do Covado (Barros),50514,39.997078,-7.277732,273048.0,336859.0,dms_recuperado,124.012,11.1414,53.296,59.5746,Florestal,449.0,Intencional,0,1,0,0,3.65
20250879658,20250879658.0,2025,7,6,2025-07-06,13:36:00,2025-07-07,00:24:00,2025-07-06,13:52:00,Viana do Castelo,Ponte de Lima,Vitorino dos Piães,Bouça da Mata,160751,41.675833,-8.633889,158290.0,523060.0,dms_recuperado,114.6409,59.6878,52.8488,2.1044,Florestal,711.0,Reacendimento,1,1,0,0,10.8
20250888723,20250888723.0,2025,7,8,2025-07-08,09:22:00,2025-07-09,09:00:00,2025-07-08,09:32:00,Évora,Alandroal,Nossa Senhora da Conceição,Colmeal da Fonte Santa,70101,38.680278,-7.399722,263824.0,190569.0,dms_recuperado,1348.5891,403.9358,716.388,228.2652,Florestal,215.0,Negligente,0,1,0,0,23.63
20250890223,20250890223.0,2025,7,8,2025-07-08,13:53:00,2025-07-09,15:18:00,2025-07-08,14:11:00,Viseu,Cinfães,Nespereira,Ribeiro de Lourosa,180409,40.999444,-8.121389,200987.0,447814.0,dms_recuperado,186.7972,38.2512,146.2373,2.3087,Florestal,125.0,Negligente,0,1,0,0,25.42
20250901049,20250901049.0,2025,7,10,2025-07-10,15:10:00,2025-07-10,19:39:00,2025-07-10,15:33:00,Évora,Montemor-o-Novo,São Cristóvão,Herdade do Tojal,70606,38.504722,-8.252222,189598.0,170836.0,dms_recuperado,119.3715,25.8974,82.1256,11.3486,Florestal,211.0,Negligente,0,1,0,0,4.48
20250920328,20250920328.0,2025,7,14,2025-07-14,15:07:00,2025-07-14,18:10:00,2025-07-14,15:26:00,Portalegre,Avis,Alcôrrego,Covões (ED372 (ED372) Km 4),120301,38.982193,-7.895798,220561.0,223857.0,dms_recuperado,115.8117,41.0561,54.1787,20.5769,Florestal,224.0,Negligente,0,1,0,0,3.05
20250926371,20250926371.0,2025,7,15,2025-07-15,18:10:00,2025-07-15,22:42:00,2025-07-15,18:24:00,Beja,Aljustrel,Messejana,Nossa Senhora da Assunção (Teimosa),20103,37.845618,-8.253787,189375.0,97672.0,dms_recuperado,155.8845,66.277,39.3538,50.2537,Florestal,449.0,Intencional,0,1,0,0,4.53
20250930113,20250930113.0,2025,7,16,2025-07-16,13:19:00,2025-07-18,21:40:00,2025-07-16,13:30:00,Vila Real,Sabrosa,Souto Maior,Feitais (Fontelas),171013,41.287518,-7.57839,246470.0,479958.0,dms_recuperado,447.0272,238.8208,164.5312,43.6752,Florestal,630.0,Desconhecida,0,1,0,0,56.35
20250936360,20250936360.0,2025,7,17,2025-07-17,17:04:00,2025-07-17,21:03:00,2025-07-17,17:30:00,Portalegre,Monforte,Santo Aleixo,Santo Aleixo (ED372 (ED372) Km 52),121103,38.919233,-7.397183,263822.0,217098.0,dms_recuperado,217.1204,0.0,119.6858,97.4346,Florestal,213.0,Negligente,0,1,0,0,3.98
20250965241,20250965241.0,2025,7,23,2025-07-23,16:21:00,2025-07-24,01:44:00,2025-07-23,16:40:00,Vila Real,Montalegre,União das Freguesias de Vilar de Perdizes e Meixide,VILAR DE PERDIZES (S.Miguel),170643,41.886193,-7.618655,242702.0,546430.0,dms_recuperado,150.6981,9.1286,141.5695,0.0,Florestal,449.0,Intencional,0,1,0,0,9.38
20250974143,20250974143.0,2025,7,25,2025-07-25,12:07:00,2025-07-25,20:43:00,2025-07-25,12:17:00,Bragança,Bragança,Aveleda,"Aveleda, Bragança, Portugal (AVELEDA)",40202,41.891435,-6.707873,318288.0,547865.0,dms_recuperado,248.5437,24.8215,189.87,33.8523,Florestal,125.0,Negligente,0,1,0,0,8.6
20250982058,20250982058.0,2025,7,26,2025-07-26,21:47:00,2025-08-04,17:52:00,2025-07-26,22:20:00,Viana do Castelo,Ponte da Barca,Lindoso,Parada - PNPG (Chão da Cabeça),160612,41.865272,-8.220528,192745.0,543983.0,dms_recuperado,7165.1379,954.2063,6160.8515,50.08,Florestal,448.0,Intencional,0,1,0,0,212.08
20250985191,20250985191.0,2025,7,27,2025-07-27,14:31:00,2025-07-27,21:10:00,2025-07-27,14:44:00,Portalegre,Avis,Valongo,Casas Novas,120308,39.19533,-7.866293,223048.0,247527.0,dms_recuperado,496.8579,54.1876,359.377,83.2934,Florestal,211.0,Negligente,0,1,0,0,6.65
20250987097,20250987097.0,2025,7,27,2025-07-27,00:13:00,2025-07-29,00:59:00,2025-07-28,00:32:00,Viana do Castelo,Monção,Portela,Mangueiro,160423,41.971389,-8.480833,171173.0,555828.0,dms_recuperado,189.2074,32.8589,154.0262,2.3222,Florestal,711.0,Reacendimento,1,1,0,0,48.77
20250985828,20250985828.0,2025,7,27,2025-07-27,17:08:00,2025-07-28,02:36:00,2025-07-27,17:30:00,Viana do Castelo,Arcos de Valdevez,Extremo,Anta,160112,41.972222,-8.455278,173308.0,555924.0,dms_recuperado,111.7426,11.9808,98.7933,0.9685,Florestal,448.0,Intencional,0,1,0,0,9.47
20250989926,20250989926.0,2025,7,28,2025-07-28,13:15:00,2025-07-28,22:29:00,2025-07-28,13:24:00,Aveiro,Arouca,Alvarenga,Lugar de Bouças (ED225 (ED225) Km 26),10402,40.986515,-8.188828,195312.0,446383.0,dms_recuperado,4504.8895,4300.4382,158.7216,45.7297,Florestal,4.0,Intencional,0,1,0,0,9.23
20250991084,20250991084.0,2025,7,28,2025-07-28,16:36:00,2025-07-30,11:39:00,2025-07-28,16:44:00,Castelo Branco,Penamacor,Aldeia do Bispo,Aranhas (Fonte Salgueira),50702,40.117542,-7.14438,284288.0,350353.0,dms_recuperado,2819.3555,1084.6545,1154.5273,580.1737,Florestal,125.0,Negligente,0,1,0,0,43.05
20250991247,20250991247.0,2025,7,28,2025-07-28,17:16:00,2025-07-28,22:49:00,2025-07-28,17:35:00,Aveiro,Arouca,Espiunca,Lugar Vila viçosa (Tuqueirão),10410,41.00549,-8.219872,192702.0,448492.0,dms_recuperado,1386.2332,1354.2264,5.7161,26.2907,Florestal,620.0,Desconhecida,0,1,0,0,5.55
20250992631,20250992631.0,2025,7,28,2025-07-28,22:47:00,2025-07-31,05:24:00,2025-07-28,23:13:00,Viana do Castelo,Ponte de Lima,Santa Maria Rebordões,Carvalhal,160744,41.728333,-8.588333,162133.0,528882.0,dms_recuperado,930.9432,236.0829,693.1988,1.6615,Florestal,125.0,Negligente,0,1,0,0,54.62
20250994012,20250994012.0,2025,7,29,2025-07-29,09:26:00,2025-08-01,17:15:00,,,Porto,Penafiel,Capela,Cabroelo,131106,41.09353,-8.345202,182182.0,458288.0,dms_recuperado,1658.814,1141.9928,502.6036,14.2176,Florestal,6.0,Desconhecida,0,1,0,0,79.82
20250995204,20250995204.0,2025,7,29,2025-07-29,12:32:00,2025-07-31,15:46:00,2025-07-29,12:50:00,Portalegre,Nisa,São Simão,Vinagra,121209,39.571162,-7.634827,242815.0,289337.0,dms_recuperado,1013.3902,535.0759,409.7066,68.6078,Florestal,449.0,Intencional,0,1,0,0,51.23
20250993248,20250993248.0,2025,7,29,2025-07-29,04:11:00,2025-08-01,00:12:00,2025-07-29,04:20:00,Viseu,Cinfães,São Cristóvão de Nogueira,Senhora de Cádiz,180413,41.052778,-8.1375,199630.0,453737.0,dms_recuperado,920.8064,409.5266,497.04,14.2398,Florestal,448.0,Intencional,0,1,0,0,68.02
20250996977,20250996977.0,2025,7,29,2025-07-29,18:21:00,2025-07-31,16:00:00,2025-07-29,18:50:00,Viseu,Cinfães,Tarouquela,Tapados,180415,41.072222,-8.174167,196551.0,455910.0,dms_recuperado,823.4205,131.3546,685.4709,6.595,Florestal,448.0,Intencional,0,1,0,0,45.65
20250995394,20250995394.0,2025,7,29,2025-07-29,13:12:00,2025-07-30,14:56:00,2025-07-29,13:13:00,Santarém,Santarém,Alcanede,Vale das Caldas,141604,39.404722,-8.804167,142190.0,270962.0,dms_recuperado,267.2765,205.8918,21.6434,39.7414,Florestal,448.0,Intencional,0,1,0,0,25.73
20250992992,20250992992.0,2025,7,29,2025-07-29,01:19:00,2025-07-29,10:33:00,2025-07-29,01:31:00,Viseu,Mangualde,Mangualde,Santo António dos Cabaços,180610,40.612222,-7.791111,228955.0,404871.0,dms_recuperado,156.6092,23.6284,127.2838,5.697,Florestal,449.0,Intencional,0,1,0,0,9.23
20250993135,20250993135.0,2025,7,29,2025-07-29,02:46:00,2025-07-29,20:17:00,2025-07-29,02:57:00,Porto,Baião,Santa Marinha do Zêzere,Rua do Casal de Fonseca (Carril),130215,41.161627,-7.949183,215438.0,465845.0,dms_recuperado,100.6504,18.9812,71.381,10.2882,Florestal,610.0,Desconhecida,0,1,0,0,17.52
20250999931,20250999931.0,2025,7,30,2025-07-30,10:47:00,2025-08-01,10:00:00,2025-07-30,10:55:00,Porto,Paredes,Recarei,ED319-2 (ED319-2) Km 3,131019,41.146111,-8.416111,176234.0,464154.0,dms_recuperado,660.0992,332.0224,291.7308,36.346,Florestal,630.0,Desconhecida,0,1,0,0,47.22
20250999317,20250999317.0,2025,7,30,2025-07-30,09:07:00,2025-07-30,18:28:00,2025-07-30,09:16:00,Guarda,Seia,Pinhanços,Quinta dos Covais,91209,40.472778,-7.707222,236122.0,389424.0,dms_recuperado,214.1919,70.5244,107.207,36.4606,Florestal,448.0,Intencional,0,1,0,0,9.35
20251019574,20251019574.0,2025,8,2,2025-08-02,23:45:00,2025-08-09,11:53:00,2025-08-03,00:20:00,Vila Real,Vila Real,Pena,Sirarelhos,171421,41.317355,-7.811902,226897.0,483173.0,dms_recuperado,5843.2494,1148.689,4633.7476,60.8128,Florestal,448.0,Intencional,0,1,0,0,156.13
20251017141,20251017141.0,2025,8,2,2025-08-02,14:23:00,2025-08-04,01:47:00,2025-08-02,14:34:00,Vila Real,Vila Real,Andrães,São Cibrão (Ponte Pedrinha),171403,41.267593,-7.671293,238699.0,477699.0,dms_recuperado,1098.1205,340.2971,711.662,46.1614,Florestal,448.0,Intencional,0,1,0,0,35.4
20251018194,20251018194.0,2025,8,2,2025-08-02,18:20:00,2025-08-04,23:44:00,2025-08-02,18:31:00,Braga,Celorico de Basto,Arnoia,Lourido,30502,41.348889,-7.998889,211228.0,486628.0,dms_recuperado,658.4596,596.2588,50.4394,11.7613,Florestal,449.0,Intencional,0,1,0,0,53.4
20251023915,20251023915.0,2025,8,3,2025-08-03,20:13:00,2025-08-05,02:52:00,2025-08-03,21:00:00,Viana do Castelo,Arcos de Valdevez,Rio Frio,Vila Franca - Rio Frio (Vila Franca),160130,41.868325,-8.492232,170187.0,544381.0,dms_recuperado,254.213,66.5005,180.6239,7.0885,Florestal,125.0,Negligente,0,1,0,0,30.65
20251029294,20251029294.0,2025,8,4,2025-08-04,18:22:00,2025-08-06,22:27:00,2025-08-04,18:25:00,Braga,Celorico de Basto,Caçarilhe,Carreira,30505,41.419167,-8.0475,207161.0,494432.0,dms_recuperado,433.7122,250.8817,155.0556,27.775,Florestal,449.0,Intencional,0,1,0,0,52.08
20251025133,20251025133.0,2025,8,4,2025-08-04,03:44:00,2025-08-04,20:30:00,2025-08-04,04:00:00,Braga,Fafe,São Gens,Volta Grande,30728,41.441111,-8.109444,201975.0,496859.0,dms_recuperado,228.0314,71.0653,154.7706,2.1956,Florestal,311.0,Intencional,0,1,0,0,16.77
20251028777,20251028777.0,2025,8,4,2025-08-04,16:48:00,2025-08-05,04:30:00,2025-08-04,17:25:00,Braga,Celorico de Basto,Infesta,São Gonçalo,30513,41.41,-8.050556,206902.0,493429.0,dms_recuperado,184.8234,152.5687,23.0637,9.1911,Florestal,449.0,Intencional,0,1,0,0,11.7
20251047017,20251047017.0,2025,8,7,2025-08-07,20:50:00,2025-08-09,05:26:00,2025-08-07,21:10:00,Guarda,Figueira de Castelo Rodrigo,Almofala,Vale das Loiras,90402,40.8925,-6.846111,308456.0,436740.0,dms_recuperado,1269.9873,95.3624,1124.8538,49.7711,Florestal,125.0,Negligente,0,1,0,0,32.6
20251043611,20251043611.0,2025,8,7,2025-08-07,10:03:00,2025-08-10,16:45:00,2025-08-07,10:25:00,Vila Real,Vila Pouca de Aguiar,Gouvães da Serra,"Pinduradouro, (Alto dos Carris)",171306,41.466742,-7.74157,232711.0,499789.0,dms_recuperado,485.0621,24.9458,455.4972,4.619,Florestal,125.0,Negligente,0,1,0,0,78.7
20251050734,20251050734.0,2025,8,8,2025-08-08,14:31:00,2025-08-13,03:41:00,2025-08-08,14:40:00,Viseu,Moimenta da Beira,Leomil,Quinta do Furenho,180709,40.965833,-7.689444,237349.0,444166.0,dms_recuperado,2104.9207,260.9919,1782.219,61.7099,Florestal,449.0,Intencional,0,1,0,0,109.17
20251048276,20251048276.0,2025,8,8,2025-08-08,07:21:00,2025-08-09,11:31:00,2025-08-08,07:50:00,Vila Real,Ribeira de Pena,Alvadia,Favais (Ribeira da Vinha),170901,41.457452,-7.782872,229265.0,498742.0,dms_recuperado,927.3627,74.0971,812.8381,40.4275,Florestal,125.0,Negligente,0,1,0,0,28.17
20251056789,20251056789.0,2025,8,9,2025-08-09,16:21:00,2025-08-24,09:51:00,2025-08-09,16:30:00,Guarda,Trancoso,Freches,Pramigo,91308,40.708889,-7.364444,264964.0,415831.0,dms_recuperado,46917.0889,15716.4744,25713.2331,5487.3815,Florestal,152.0,Negligente,0,1,0,0,353.5
20251063729,20251063729.0,2025,8,10,2025-08-10,22:27:00,2025-08-16,11:50:00,2025-08-10,22:40:00,Viseu,Tabuaço,Chavães,Chavães (Ribeira da Fonte Mel),181904,41.097602,-7.55556,248522.0,458878.0,dms_recuperado,744.0268,495.5224,237.2697,11.2348,Florestal,449.0,Intencional,0,1,0,0,133.38
20251061762,20251061762.0,2025,8,10,2025-08-10,15:02:00,2025-08-13,09:11:00,2025-08-10,15:16:00,Castelo Branco,Covilhã,Sobral de São Miguel,Pereiro - Covilhã (Pereiro),50322,40.200173,-7.77307,230655.0,359122.0,dms_recuperado,721.5089,352.8044,356.9269,11.7776,Florestal,4.0,Intencional,0,1,0,0,66.15
20251073685,20251073685.0,2025,8,12,2025-08-12,16:42:00,2025-08-13,14:00:00,2025-08-12,16:58:00,Setúbal,Santiago do Cacém,Ermidas-sado,"IC1, Vale da Eira (IC1 (EN262) Km 26)",150904,38.059897,-8.407646,175903.0,121485.0,dms_recuperado,275.2631,156.8924,90.8785,27.4921,Florestal,610.0,Desconhecida,0,1,0,0,21.3
20251073564,20251073564.0,2025,8,12,2025-08-12,16:21:00,2025-08-13,08:53:00,2025-08-12,16:39:00,Beja,Cuba,Vila Alva,Ribeiro de Zangalho,20703,38.232778,-7.87,223029.0,140684.0,dms_recuperado,174.2758,114.0542,25.5374,34.6842,Florestal,610.0,Desconhecida,0,1,0,0,16.53
20251075005,20251075005.0,2025,8,12,2025-08-12,21:25:00,2025-08-13,18:26:00,2025-08-12,21:59:00,Viana do Castelo,Arcos de Valdevez,Cendufe,SOUTELO,160108,41.818056,-8.504444,169158.0,538789.0,dms_recuperado,102.9357,52.3959,41.4986,9.0412,Florestal,448.0,Intencional,0,1,0,0,21.02
20251075979,20251075979.0,2025,8,13,2025-08-13,05:08:00,2025-08-25,20:01:00,2025-08-13,05:40:00,Coimbra,Arganil,Piódão,Piódão (Outeiro da Eira Cerquinhal),60111,40.23083,-7.81972,226671.0,362511.0,dms_recuperado,65478.2869,35549.3387,26145.3054,3783.6429,Florestal,51.0,Natural,0,1,0,0,302.88
20251075557,20251075557.0,2025,8,13,2025-08-13,00:03:00,2025-08-21,11:06:00,2025-08-13,00:13:00,Viseu,Sátão,Ferreira de Aves,Carrasqueira,181704,40.795556,-7.641389,241493.0,425300.0,dms_recuperado,13752.9939,8221.9538,4624.5569,906.4831,Florestal,51.0,Natural,0,1,0,0,203.05
20251079616,20251079616.0,2025,8,13,2025-08-13,18:17:00,2025-08-15,22:11:00,2025-08-13,18:30:00,Viseu,Cinfães,Cinfães,Lagarelhos,180403,41.051944,-8.072778,205064.0,453643.0,dms_recuperado,162.8964,40.2615,113.6229,9.0119,Florestal,448.0,Intencional,0,1,0,0,51.9
20251078764,20251078764.0,2025,8,13,2025-08-13,15:25:00,2025-08-15,06:00:00,2025-08-13,16:02:00,Bragança,Vinhais,Quirás,"Quiraz, PNM (Malho)",41218,41.939618,-7.170375,279843.0,552684.0,dms_recuperado,146.4563,26.954,107.6747,11.8277,Florestal,51.0,Natural,0,1,0,0,38.58
20251084165,20251084165.0,2025,8,14,2025-08-14,14:53:00,2025-08-19,12:00:00,2025-08-14,15:18:00,Guarda,Trancoso,Moreira de Rei,A-do-Cavalo,91312,40.871667,-7.311667,269250.0,433967.0,dms_recuperado,8297.6781,1819.5397,4978.866,1499.2724,Florestal,630.0,Desconhecida,0,1,0,0,117.12
20251083724,20251083724.0,2025,8,14,2025-08-14,13:46:00,2025-08-19,09:00:00,2025-08-14,14:01:00,Coimbra,Lousã,Lousã,Candal,60703,40.080016,-8.201561,194161.0,345721.0,dms_recuperado,3319.0109,2578.6288,701.1345,39.2476,Florestal,448.0,Intencional,0,1,0,0,115.23
20251083812,20251083812.0,2025,8,14,2025-08-14,14:01:00,2025-08-16,11:50:00,2025-08-14,14:15:00,Portalegre,Portalegre,Carreiras,Tapada do Loureiro (ER246 (ER246) Km 20),121403,39.374707,-7.47009,257130.0,267616.0,dms_recuperado,837.1256,264.9722,496.3451,75.8083,Florestal,449.0,Intencional,0,1,0,0,45.82
20251089323,20251089323.0,2025,8,15,2025-08-15,13:17:00,2025-08-19,09:15:00,2025-08-15,13:25:00,Bragança,Freixo de Espada À Cinta,Freixo de Espada À Cinta,Poiares EN 221 (Castelares),40402,41.075787,-6.843393,308390.0,457096.0,dms_recuperado,11466.1525,2975.7229,6890.0422,1600.3874,Florestal,215.0,Negligente,0,1,0,0,91.97
20251089787,20251089787.0,2025,8,15,2025-08-15,14:41:00,2025-08-24,09:55:00,2025-08-15,15:04:00,Guarda,Sabugal,Aldeia de Santo António,Tapada da Vereda,91105,40.340833,-7.119444,286121.0,375168.0,dms_recuperado,10619.1572,1933.9721,7270.1538,1415.0313,Florestal,449.0,Intencional,0,1,0,0,211.23
20251088478,20251088478.0,2025,8,15,2025-08-15,10:44:00,2025-08-18,18:53:00,2025-08-15,10:58:00,Guarda,Guarda,Avelãs de Ambom,Vale Manso,90707,40.619722,-7.228056,276592.0,406041.0,dms_recuperado,7802.3137,1955.908,3786.8427,2059.5631,Florestal,4.0,Intencional,0,1,0,0,80.15
20251090859,20251090859.0,2025,8,15,2025-08-15,18:13:00,2025-08-16,03:11:00,2025-08-15,18:25:00,Portalegre,Nisa,Espírito Santo,São Gens,121204,39.448501,-7.676539,239299.0,275700.0,dms_recuperado,114.0603,22.122,91.9383,0.0,Florestal,449.0,Intencional,0,1,0,0,8.97
20251095202,20251095202.0,2025,8,16,2025-08-16,14:53:00,2025-08-24,09:56:00,2025-08-16,15:10:00,Guarda,Sabugal,Sortelha,Ribeira da Cal,91133,40.315556,-7.253611,274758.0,372243.0,dms_recuperado,11814.5378,2421.7199,8328.3447,1064.4733,Florestal,142.0,Negligente,0,1,0,0,187.05
20251095887,20251095887.0,2025,8,16,2025-08-16,17:00:00,2025-08-20,09:10:00,2025-08-16,17:09:00,Viseu,Tarouca,São João de Tarouca,Rio Varosa,182006,40.984167,-7.764167,231041.0,446198.0,dms_recuperado,391.4246,152.6706,213.3636,25.3904,Florestal,448.0,Intencional,0,1,0,0,88.17
20251095745,20251095745.0,2025,8,16,2025-08-16,16:41:00,2025-08-17,08:52:00,2025-08-16,16:45:00,Vila Real,Mondim de Basto,Mondim de Basto,Paradela (Campo de Baixo),170505,41.391997,-7.965877,213988.0,491427.0,dms_recuperado,344.9519,212.3943,119.8521,12.7055,Florestal,449.0,Intencional,0,1,0,0,16.18
20251100629,20251100629.0,2025,8,17,2025-08-17,15:53:00,2025-08-20,19:05:00,2025-08-17,16:06:00,Bragança,Mirandela,Valverde,Valverde da Gestosa (Urzedo),40735,41.409479,-7.209414,277235.0,493766.0,dms_recuperado,5614.6637,1789.7745,2827.583,997.3061,Florestal,448.0,Intencional,0,1,0,0,75.2
20251104135,20251104135.0,2025,8,18,2025-08-18,10:25:00,2025-08-21,11:19:00,2025-08-18,10:40:00,Vila Real,Montalegre,União das Freguesias de Vilar de Perdizes e Meixide,VILAR DE PERDIZES (S.Miguel),170643,41.880008,-7.63634,241238.0,545734.0,dms_recuperado,4147.7325,1509.6284,2032.6642,605.4399,Florestal,449.0,Intencional,0,1,0,0,72.9
20251110328,20251110328.0,2025,8,19,2025-08-19,13:27:00,2025-08-20,03:32:00,2025-08-19,13:35:00,Bragança,Carrazeda de Ansiães,Selores,Selores,40317,41.211137,-7.28399,271215.0,471674.0,dms_recuperado,340.6291,99.2094,203.997,37.4227,Florestal,448.0,Intencional,0,1,0,0,14.08
20251115714,20251115714.0,2025,8,20,2025-08-20,14:58:00,2025-08-23,21:17:00,2025-08-20,15:30:00,Guarda,Figueira de Castelo Rodrigo,Cinco Vilas,Fontanares,90404,40.7825,-6.984722,296949.0,424358.0,dms_recuperado,2605.9485,204.0368,2293.9339,107.9778,Florestal,449.0,Intencional,0,1,0,0,78.32
20251126312,20251126312.0,2025,8,22,2025-08-22,17:00:00,2025-08-24,11:07:00,2025-08-22,17:14:00,Viseu,Castro Daire,Almofala,Formigueiro,180301,40.955833,-7.767222,230808.0,443047.0,dms_recuperado,187.5887,32.544,154.7077,0.337,Florestal,630.0,Desconhecida,0,1,0,0,42.12
20251130551,20251130551.0,2025,8,23,2025-08-23,15:21:00,2025-08-23,18:40:00,2025-08-23,15:37:00,Leiria,Pedrógão Grande,Graça,Casal da Marinha,101301,39.900278,-8.211667,193289.0,325761.0,dms_recuperado,286.0468,235.5939,35.6718,14.7811,Florestal,449.0,Intencional,0,1,0,0,3.32
20251130320,20251130320.0,2025,8,23,2025-08-23,14:27:00,2025-08-24,17:30:00,2025-08-23,14:35:00,Leiria,Pedrógão Grande,Pedrógão Grande,Fábrica de Papel,101302,39.913056,-8.162778,197465.0,327171.0,dms_recuperado,266.6266,181.5227,73.6381,11.4658,Florestal,448.0,Intencional,0,1,0,0,27.05
20251135071,20251135071.0,2025,8,24,2025-08-24,15:06:00,2025-08-26,11:49:00,2025-08-24,15:18:00,Vila Real,Sabrosa,Paradela de Guiães,Sobrados (Penalta),171006,41.23664,-7.640418,241306.0,474276.0,dms_recuperado,346.6596,255.1809,41.4637,50.015,Florestal,449.0,Intencional,0,1,0,0,44.72
20251145018,20251145018.0,2025,8,26,2025-08-26,15:32:00,2025-08-27,15:00:00,2025-08-26,15:32:00,Viana do Castelo,Arcos de Valdevez,Vale,Igreja - Vale (Paredes do Vale),160149,41.863728,-8.345968,182329.0,543830.0,dms_recuperado,201.3466,4.0507,197.2958,0.0,Florestal,711.0,Reacendimento,1,1,0,0,23.47
20251153335,20251153335.0,2025,8,28,2025-08-28,11:08:00,2025-08-30,07:17:00,2025-08-28,11:30:00,Bragança,Vinhais,Rebordelo,N103 - Palas (Malhada de Cima),41219,41.765422,-7.134773,283020.0,533369.0,dms_recuperado,3158.5844,1851.0484,1059.9988,247.5372,Florestal,60.0,Desconhecida,0,1,0,0,44.15
20251194456,20251194456.0,2025,9,6,2025-09-06,10:29:00,2025-09-07,08:00:00,2025-09-06,10:44:00,Guarda,Seia,Sandomil,Quinta das Minas,91212,40.355278,-7.763056,231441.0,376339.0,dms_recuperado,1845.5257,1423.0303,179.997,242.4984,Florestal,445.0,Intencional,0,1,0,0,21.52
20251196449,20251196449.0,2025,9,6,2025-09-06,17:30:00,2025-09-07,06:35:00,2025-09-06,17:30:00,Guarda,Figueira de Castelo Rodrigo,Vilar de Amargo,Napeleira,90416,40.932222,-6.987778,296476.0,440995.0,dms_recuperado,1500.7174,52.1242,1288.791,159.8023,Florestal,449.0,Intencional,0,1,0,0,13.08
20251196138,20251196138.0,2025,9,6,2025-09-06,16:22:00,2025-09-07,06:35:00,2025-09-06,16:23:00,Guarda,Figueira de Castelo Rodrigo,Figueira de Castelo Rodrigo,Canto do Rato,90408,40.901667,-6.936111,300855.0,437638.0,dms_recuperado,1368.3133,66.4448,1105.4915,196.3769,Florestal,449.0,Intencional,0,1,0,0,14.22
20251204333,20251204333.0,2025,9,8,2025-09-08,13:20:00,2025-09-09,05:35:00,2025-09-08,13:34:00,Vila Real,Chaves,Santo António de Monforte,Chã da Vrea,170330,41.803889,-7.369722,263435.0,537436.0,dms_recuperado,552.0107,234.6787,234.385,82.947,Florestal,151.0,Negligente,0,1,0,0,16.25
20251223411,20251223411.0,2025,9,12,2025-09-12,14:27:00,2025-09-15,09:55:00,2025-09-12,14:45:00,Vila Real,Murça,Carva,Carva (Codeceira),170702,41.401343,-7.55901,248010.0,492610.0,dms_recuperado,1174.028,55.6002,1100.1184,18.3094,Florestal,223.0,Negligente,0,1,0,0,67.47
20251256344,20251256344.0,2025,9,19,2025-09-19,11:05:00,2025-09-20,17:05:00,2025-09-19,11:24:00,Viseu,Castro Daire,Mezio,Vale Abrigoso,180311,40.980556,-7.868056,222311.0,445768.0,dms_recuperado,2069.914,433.5649,1436.878,199.4711,Florestal,236.0,Negligente,0,1,0,0,30.0
20251257198,20251257198.0,2025,9,19,2025-09-19,13:25:00,2025-09-25,20:55:00,2025-09-19,13:40:00,Coimbra,Oliveira do Hospital,Ervedal,Tapada,61105,40.441944,-7.916389,218378.0,385929.0,dms_recuperado,624.9786,328.4719,241.8901,54.6167,Florestal,225.0,Negligente,0,1,0,0,151.5
20251256684,20251256684.0,2025,9,19,2025-09-19,11:56:00,2025-09-20,21:54:00,2025-09-19,12:10:00,Viseu,Viseu,Cepões,Maeira de Cima,182308,40.765278,-7.785278,229377.0,421858.0,dms_recuperado,276.7739,270.5776,5.8489,0.3474,Florestal,124.0,Negligente,0,1,0,0,33.97
20251260064,20251260064.0,2025,9,20,2025-09-20,01:20:00,2025-09-20,22:05:00,2025-09-20,01:50:00,Vila Real,Montalegre,Gralhas,Lousas,170612,41.863611,-7.711111,235047.0,543871.0,dms_recuperado,1100.6107,18.377,1042.7695,39.4643,Florestal,125.0,Negligente,0,1,0,0,20.75
20251266274,20251266274.0,2025,9,21,2025-09-21,12:21:00,2025-09-26,09:35:00,2025-09-21,12:32:00,Faro,Aljezur,Bordeira,Monte da Vinha (ER268 (ER268) Km 3),80302,37.23495,-8.825374,138565.0,30113.0,dms_recuperado,2100.1134,1486.7208,573.1745,40.2182,Florestal,22.0,Negligente,0,1,0,0,117.23
20251271098,20251271098.0,2025,9,22,2025-09-22,12:42:00,2025-09-24,16:03:00,2025-09-22,12:42:00,Vila Real,Montalegre,Santo André,Ribeira da Cachada,170627,41.876111,-7.687222,237010.0,545278.0,dms_recuperado,128.6439,22.9357,88.4516,17.2565,Florestal,711.0,Reacendimento,1,1,0,0,51.35
20251291266,20251291266.0,2025,9,26,2025-09-26,13:14:00,2025-09-27,16:51:00,2025-09-26,13:41:00,Vila Real,Montalegre,Mourilhe,Aradelas,170617,41.843333,-7.848333,223657.0,541565.0,dms_recuperado,193.5066,16.8799,176.6267,0.0,Florestal,125.0,Negligente,0,1,0,0,27.62
20251359108,20251359108.0,2025,10,10,2025-10-10,12:13:00,2025-10-10,22:15:00,2025-10-10,12:35:00,Vila Real,Montalegre,Gralhas,Outeiro do Telhoso,170612,41.853889,-7.721667,234171.0,542790.0,dms_recuperado,264.793,13.8836,245.7134,5.1959,Florestal,125.0,Negligente,0,1,0,0,10.03
20251400825,20251400825.0,2025,10,18,2025-10-18,21:08:00,2025-10-19,09:27:00,2025-10-18,21:50:00,Viana do Castelo,Viana do Castelo,Montaria,Pedrulhos (Aguieira),160920,41.81628,-8.75187,148590.0,538723.0,dms_recuperado,393.9216,5.3168,388.6048,0.0,Florestal,448.0,Intencional,0,1,0,0,12.32
20251400624,20251400624.0,2025,10,18,2025-10-18,20:18:00,2025-10-19,10:14:00,2025-10-18,20:38:00,Guarda,Figueira de Castelo Rodrigo,Vilar de Amargo,Sitio do Rodelo,90416,40.938333,-7.023333,293459.0,441619.0,dms_recuperado,220.4392,9.1951,201.5281,9.7161,Florestal,449.0,Intencional,0,1,0,0,13.93
20251401370,20251401370.0,2025,10,19,2025-10-19,00:55:00,2025-10-19,15:25:00,2025-10-19,01:38:00,Vila Real,Montalegre,Cervos,Corgo dos Mouros,170603,41.734722,-7.668333,238658.0,529573.0,dms_recuperado,247.8938,17.3963,230.4974,0.0,Florestal,125.0,Negligente,0,1,0,0,14.5
20251563548,20251563548.0,2025,11,21,2025-11-21,13:02:00,2025-11-21,14:40:00,2025-11-21,13:23:00,Beja,Beja,Santa Clara de Louredo,Herdade das Rascas,20510,37.96,-7.923611,218415.0,110397.0,dms_recuperado,135.3092,0.1434,65.3956,69.7703,Florestal,127.0,Negligente,0,1,0,0,1.63
